weekstart,country,totbookings,clicks_email,clicks_ppc_brand,clicks_ppc_non_brand,clicks_remarketing,clicks_shop_GoogleHA,clicks_shop_TripAdvisor,clicks_shop_Trivago,clicks_shop_other,cost_email,cost_ppc_brand,cost_ppc_non_brand,cost_remarketing,cost_shop_GoogleHA,cost_shop_TripAdvisor,cost_shop_Trivago,cost_shop_other,display_imps,display_net_spend_eur,olv_imps,olv_net_spend_eur,yt_imps,yt_cost,brandtv_grp,brandtv_net_spend_eur,drtv_grp,drtv_net_spend_eur,ooh_net_spend_eur,radio_net_spend_eur,print_net_spend_eur,cinema_net_spend_eur,meta_comp_grp,ota_comp_grp,value (currency rate),fb_imps,fb_cost,NewYearsDay,MartinL.KingsDay(US-CA),StValentinesDay,PresidentsDay(US-CA),EasterSunday,EasterMonday,LabourDay(DE-NW),MayDay(GB-EN),ChristsAscensionDay(DE-NW),WhitMonday(DE-NW),Remembrance/MemorialDay(US-CA),BankHoliday(GB-EN),IndependenceDay(US-CA),LabourDay(US-CA),GermanUnityDay(DE-NW),ThanksgivingDay(US-CA),ChristmasDay,BoxingDay,sales_Direct,sales_EMK,sales_Interco,sales_ppc_brand,sales_ppc_nonbrand,sales_Retargeting,sales_shop_googleha,sales_shop_other,sales_shop_tripadvisor,sales_shop_trivago,sales_Strat Part,spend_performance,spend_awareness_dig,spend_awareness_off,spend_awareness_total,t,woy,sin_woy,cos_woy,year,adstock_perf,adstock_aware,f_perf,f_aware,f_brand,y
2016-01-04,de,398268.0,474859.0,378640.216496467,2496438.105482676,172069.87848567544,133462.1228326834,367987.9780368065,847827.0122455618,250527.00000234373,0.0,68560.24028723918,2196493.639246079,58684.506091931464,170087.67654555157,283108.4602354565,377911.5653610819,103139.32064353781,0.0,0.0,0.0,0.0,12.0,0.0,0.0,0.0,0.0,0.0,0.0,0.0,0.0,0.0,926.0,321.0,1.0,0.0,0.0,0.0,0.0,0.0,0.0,0.0,0.0,0.0,0.0,0.0,0.0,0.0,0.0,0.0,0.0,0.0,0.0,0.0,0.0,183169.0,16703.0,867.0,48228.0,87808.0,2040.0,10423.0,4678.0,9503.0,18302.0,16547.0,3257985.4084108775,0.0,0.0,0.0,1.0,1,0.12053668025532306,0.992708874098054,2016.0,3257985.4084108775,0.0,14.996619896376947,0.0,0.0,12.894882935359945
2016-01-11,de,404068.0,478024.0,386722.3779125776,2520207.847711387,198123.39674614757,136016.48013114033,353354.8448400918,961232.4792121585,278878.6497169609,0.0,70502.24807556652,2306422.3057122924,76380.20708756169,193176.38659508977,257639.56583605034,471254.19772818114,116137.87827610009,0.0,0.0,0.0,0.0,247.0,0.0,0.0,0.0,0.0,0.0,0.0,0.0,0.0,0.0,706.0,225.0,1.0,57831.0,89.38632472434621,0.0,0.0,0.0,0.0,0.0,0.0,0.0,0.0,0.0,0.0,0.0,0.0,0.0,0.0,0.0,0.0,0.0,0.0,184480.0,16278.0,858.0,49076.0,87383.0,2236.0,11107.0,5019.0,9143.0,21148.0,17340.0,3491512.789310842,0.0,0.0,0.0,2.0,2,0.23931566428755777,0.970941817426052,2016.0,5446304.034357368,0.0,15.510447961362939,0.0,0.0,12.909340934439188
2016-01-18,de,388746.0,482391.0,372694.0751970905,2538803.218243045,186402.47644404447,126167.2554736897,332119.4154158487,912773.599042488,288057.500725426,0.0,61647.322276398714,2379033.568178231,81636.48345888322,191568.47780210254,247711.89223694362,439863.1765918453,116345.87218029724,0.0,0.0,0.0,0.0,10249.0,1.459669454521363,0.0,0.0,0.0,0.0,0.0,0.0,0.0,0.0,813.0,231.0,1.0,104754.0,231.02764180934932,0.0,1.0,0.0,0.0,0.0,0.0,0.0,0.0,0.0,0.0,0.0,0.0,0.0,0.0,0.0,0.0,0.0,0.0,178895.0,15822.0,806.0,45575.0,85257.0,2224.0,10048.0,4963.0,8568.0,19715.0,16873.0,3517806.792724701,0.0,0.0,0.0,3.0,3,0.3546048870425356,0.9350162426854148,2016.0,6785589.213339122,0.0,15.73031183543237,0.0,0.0,12.870684025404003
2016-01-25,de,391945.0,477310.0,367930.61482652684,2520337.9856762104,203471.1610911142,127212.7185336081,299462.6513030635,1063155.0151859396,281681.7670538152,0.0,58113.630201422224,2342181.6127499267,97974.91660718997,210296.03351842173,220940.04813301723,499118.5175060062,117989.86840617268,0.0,0.0,0.0,0.0,6144.0,4.025302034241702,0.0,0.0,0.0,0.0,0.0,0.0,0.0,0.0,1249.0,224.0,1.0,0.0,0.0,0.0,0.0,0.0,0.0,0.0,0.0,0.0,0.0,0.0,0.0,0.0,0.0,0.0,0.0,0.0,0.0,0.0,0.0,178961.0,15441.0,770.0,46037.0,84483.0,2498.0,10234.0,5266.0,8065.0,22804.0,17386.0,3546614.627122157,0.0,0.0,0.0,4.0,4,0.46472317204376856,0.8854560256532099,2016.0,7617968.155125629,0.0,15.846020377065997,0.0,0.0,12.878879354181453
2016-02-01,de,389989.0,475233.0,352899.3307616926,2354454.8404535092,205548.00983091973,130732.60389547155,281375.92507126887,1059135.1027102878,259377.43380454154,0.0,56688.93115164403,2242276.1837176606,95282.00638886205,214412.05592744044,204314.70074360108,487391.44644863316,123253.97857337822,0.0,0.0,0.0,0.0,2.0,0.00998691270776077,0.0,0.0,0.0,0.0,0.0,0.0,0.0,0.0,772.0,341.0,1.0,248451.0,476.43630731875004,0.0,0.0,0.0,0.0,0.0,0.0,0.0,0.0,0.0,0.0,0.0,0.0,0.0,0.0,0.0,0.0,0.0,0.0,178238.0,15610.0,807.0,45020.0,83448.0,2481.0,10490.0,5186.0,7610.0,23259.0,17840.0,3423619.3029512195,0.0,0.0,0.0,5.0,5,0.5680647467311558,0.8229838658936564,2016.0,7994400.196026597,0.0,15.894252004137755,0.0,0.0,12.87387637675145
2016-02-08,de,414721.0,491924.0,367998.6765184222,2488595.9553012378,204123.44598208505,147382.72458148043,315229.1435456392,1204809.140244811,263735.0458903978,0.0,54926.65395066809,2365102.419772446,91506.70939205232,220481.7486613308,190109.3810875779,559927.6458554559,122457.49601116175,0.0,0.0,0.0,0.0,0.0,0.0,0.0,0.0,0.0,0.0,0.0,0.0,0.0,0.0,781.0,291.0,1.0,609920.0,2040.5844969119175,0.0,0.0,1.0,0.0,0.0,0.0,0.0,0.0,0.0,0.0,0.0,0.0,0.0,0.0,0.0,0.0,0.0,0.0,188919.0,16211.0,819.0,47840.0,88046.0,2464.0,12092.0,5458.0,7614.0,26729.0,18529.0,3604512.0547306924,0.0,0.0,0.0,6.0,6,0.6631226582407952,0.7485107481711011,2016.0,8401152.172346652,0.0,15.943879536813393,0.0,0.0,12.935363695225227
2016-02-15,de,415016.0,503387.0,373868.58370276453,2459958.2767518526,183311.0763913794,136671.60807377443,301414.3657963328,1071521.3325445366,264714.7206077583,0.0,54102.82476828198,2317620.1439300994,79473.1364383877,214109.54065908314,211760.5608041595,495390.6498666856,125706.44647147658,0.0,0.0,0.0,0.0,0.0,0.0,0.0,0.0,0.0,0.0,0.0,0.0,0.0,0.0,553.0,266.0,1.0,114455.0,738.8475576414354,0.0,0.0,0.0,1.0,0.0,0.0,0.0,0.0,0.0,0.0,0.0,0.0,0.0,0.0,0.0,0.0,0.0,0.0,191715.0,16960.0,887.0,48523.0,87875.0,2378.0,11349.0,5238.0,7208.0,23865.0,19018.0,3498163.3029381745,0.0,0.0,0.0,7.0,7,0.7485107481711011,0.6631226582407953,2016.0,8538854.606346164,0.0,15.960137552844692,0.0,0.0,12.93607476222926
2016-02-22,de,409021.0,494235.0,369257.7945223153,2403384.4925821624,172451.4767211094,148840.69575402956,272328.29312522337,1041516.0981524992,245449.5373056262,0.0,72957.12363530569,2219492.016426854,76183.13451734948,242566.2659080805,194929.0895889711,479242.28628614265,120865.17252356581,0.0,0.0,0.0,0.0,0.0,0.0,0.0,0.0,0.0,0.0,0.0,0.0,0.0,0.0,532.0,227.0,1.0,122752.0,868.4636028812024,0.0,0.0,0.0,0.0,0.0,0.0,0.0,0.0,0.0,0.0,0.0,0.0,0.0,0.0,0.0,0.0,0.0,0.0,187688.0,16543.0,934.0,47936.0,87440.0,2135.0,11791.0,5212.0,7065.0,23694.0,18583.0,3406235.088886269,0.0,0.0,0.0,8.0,8,0.8229838658936565,0.5680647467311558,2016.0,8529547.852693968,0.0,15.959047028584283,0.0,0.0,12.921524223309374
2016-02-29,de,427587.0,504765.0,374382.9353520388,2434885.7341931816,201013.4008773499,157733.90620157702,265261.0401290513,1069565.4537254686,238966.98771667818,0.0,79425.74592234446,2274384.519543373,86922.1624105607,273726.04438379983,206219.61095583453,501052.72298117867,123391.17498815156,0.0,0.0,0.0,0.0,0.0,0.0,0.0,0.0,0.0,0.0,0.0,0.0,0.0,0.0,440.0,163.0,1.0,101856.0,756.971372592269,0.0,0.0,0.0,0.0,0.0,0.0,0.0,0.0,0.0,0.0,0.0,0.0,0.0,0.0,0.0,0.0,0.0,0.0,195304.0,16510.0,1018.0,49602.0,92301.0,2636.0,12457.0,5436.0,7876.0,25561.0,18886.0,3545121.9811852425,0.0,0.0,0.0,9.0,9,0.8854560256532099,0.4647231720437686,2016.0,8608129.048604287,0.0,15.968217669146473,0.0,0.0,12.965915394128386
2016-03-07,de,420821.0,486496.0,381225.6348871999,2425387.33384516,139679.41983785888,152003.09459846542,282356.0703232722,1003399.3581923095,221821.71059355658,0.0,81460.9545063622,2290431.257924713,56497.18628145359,259850.9903090254,225297.08259756127,476679.6004741409,123983.22599811,1106.0,25.0,1825108.0,41211.0,1531152.0,27412.89645225685,146.65,1156604.46,0.0,0.0,0.0,0.0,0.0,107849.02,471.0,142.0,1.0,4690834.0,14833.807669229915,0.0,0.0,0.0,0.0,0.0,0.0,0.0,0.0,0.0,0.0,0.0,0.0,0.0,0.0,0.0,0.0,0.0,0.0,193168.0,15734.0,1108.0,48971.0,92006.0,1800.0,11964.0,4992.0,8178.0,24110.0,18790.0,3514200.298091367,41236.0,1264453.48,1305689.48,10.0,10,0.9350162426854148,0.35460488704253557,2016.0,8620433.71980263,1305689.48,15.969646072899877,14.082242562261332,14.082242562261332,12.949965220407835
2016-03-14,de,416831.0,451967.0,378441.69902019476,2383379.3677627705,125949.98377526952,146401.92996055653,286916.0809229628,1009302.2778638181,209524.6191556832,0.0,65912.80138389413,2253301.696108174,51763.08070406629,252196.31649578846,229430.64489246966,476034.31926412927,125805.68483157517,329541.0,3459.0,2972098.0,66336.0,1377483.0,27425.06595324631,119.01,1014831.68,0.0,0.0,0.0,0.0,0.0,107849.02,348.0,121.0,1.0,7294922.0,33314.23894638481,0.0,0.0,0.0,0.0,0.0,0.0,0.0,0.0,0.0,0.0,0.0,0.0,0.0,0.0,0.0,0.0,0.0,0.0,193866.0,14766.0,1342.0,48171.0,90164.0,1618.0,11642.0,4993.0,7847.0,24033.0,18389.0,3454444.543680097,69795.0,1122680.7,1192475.7,11.0,11,0.970941817426052,0.23931566428755782,2016.0,8567619.129821982,1975889.3879999998,15.963500554205051,14.496529684091422,14.496529684091422,12.940438541906074
2016-03-21,de,368718.0,372829.0,334637.1705066801,2210528.6173499087,117166.2639885937,135862.34104071875,211275.43083865868,873095.7416674164,181792.0772585486,0.0,50611.650550654944,2047955.436999868,50299.03973830987,222121.63658683584,186944.02910907648,404135.96904255176,99782.15277022624,222792.0,2324.0,3638427.0,80511.0,1273714.0,26491.14706615991,127.4,998348.77,0.0,0.0,0.0,0.0,0.0,107849.02,250.0,46.0,1.0,11564014.0,65357.780215210616,0.0,0.0,0.0,0.0,1.0,0.0,0.0,0.0,0.0,0.0,0.0,0.0,0.0,0.0,0.0,0.0,0.0,0.0,175796.0,11968.0,1161.0,40810.0,79541.0,1537.0,10175.0,4010.0,6883.0,20372.0,16465.0,3061849.914797523,82835.0,1106197.79,1189032.79,12.0,12,0.992708874098054,0.120536680255323,2016.0,8142851.8859552285,2374566.4228,15.912651153965946,14.68032584109336,14.68032584109336,12.81779011530566
2016-03-28,de,395072.0,410241.0,337419.0516975928,2347084.9847672726,124340.04075451024,136321.98234464985,199094.446937416,936144.3391831375,191784.58189666242,0.0,43456.87847100251,2218791.88142214,52235.738211596625,224747.8544703729,204143.86490711878,425842.70700135815,99632.42972091847,2801.0,48.0,2638761.0,59159.0,788019.0,15016.434007387339,0.0,0.0,0.0,0.0,0.0,0.0,0.0,107849.02,384.0,62.0,1.0,5057008.0,23662.735085820255,0.0,0.0,0.0,0.0,0.0,1.0,0.0,0.0,0.0,0.0,0.0,0.0,0.0,0.0,0.0,0.0,0.0,0.0,183165.0,14977.0,1085.0,44290.0,87815.0,1506.0,10543.0,4612.0,7481.0,22169.0,17429.0,3268851.3542045075,59207.0,107849.02,167056.02000000002,13.0,13,1.0,6.123233995736766e-17,2016.0,8097058.828186187,1591795.87368,15.90701156957342,14.280374045336378,14.280374045336378,12.886825836934554
2016-04-04,de,399848.0,250175.0,343181.23194047244,2274469.71145022,149450.52653799162,141858.36620890262,180889.3133606874,932985.8853323578,183500.38723724938,0.0,45598.40782840567,2180005.3147262554,60455.207612530125,222580.74239512446,173085.562193933,445765.05542480794,103211.45737567243,603.0,16.0,2804855.0,62717.0,703.0,0.209622529310403,0.0,0.0,0.0,0.0,0.0,0.0,0.0,107849.02,418.0,78.0,1.0,40563.0,265.8666527389559,0.0,0.0,0.0,0.0,0.0,0.0,0.0,0.0,0.0,0.0,0.0,0.0,0.0,0.0,0.0,0.0,0.0,0.0,184723.0,14809.0,1080.0,46005.0,86916.0,1900.0,11470.0,4652.0,7050.0,23777.0,17466.0,3230701.7475567292,62733.0,107849.02,170582.02000000002,14.0,14,0.992708874098054,-0.12053668025532288,2016.0,8028395.083275257,1125659.544208,15.898495325408662,13.933880571722412,13.933880571722412,12.898842254819057
2016-04-11,de,417456.0,461947.0,366032.11500336754,2400893.6039084173,164789.89519499842,141242.9248346517,189249.16487916588,1150106.140602984,196792.33459516036,0.0,50293.47490067944,2279084.2591949785,66213.65813846346,224121.92344629284,170342.21061177444,602016.2875854882,109553.24317625798,433594.0,4524.0,2552333.0,57038.0,1199.0,0.0,92.78,761360.44,0.0,0.0,0.0,0.0,0.0,81506.5,360.0,81.0,1.0,2052627.0,4948.173120594935,0.0,0.0,0.0,0.0,0.0,0.0,0.0,0.0,0.0,0.0,0.0,0.0,0.0,0.0,0.0,0.0,0.0,0.0,190020.0,15812.0,1080.0,47881.0,91133.0,2190.0,11220.0,5156.0,6893.0,27418.0,18653.0,3501625.057053935,61562.0,842866.94,904428.94,15.0,15,0.9709418174260521,-0.2393156642875575,2016.0,8259906.396476811,1579824.6665248,15.926923934354027,14.272825061272972,14.272825061272972,12.941936823956823
2016-04-18,de,417776.0,499853.0,372947.55425795703,2439183.299862073,180382.29049901417,143497.59908321488,199206.27169382878,1058161.6886419356,222584.07668756592,0.0,53236.31219834053,2331958.2952971347,73965.66396978349,216246.28003026344,189349.12604300946,548512.8298165444,116290.83646786952,410242.0,4275.0,3131208.0,69316.0,649753.0,11440.15046638952,88.88,805788.2,0.0,0.0,0.0,0.0,0.0,0.0,328.0,74.0,1.0,1371804.0,4905.922990646291,0.0,0.0,0.0,0.0,0.0,0.0,0.0,0.0,0.0,0.0,0.0,0.0,0.0,0.0,0.0,0.0,0.0,0.0,191809.0,16092.0,994.0,47908.0,91237.0,2366.0,11236.0,5062.0,7246.0,25141.0,18685.0,3529559.343822946,73591.0,805788.2,879379.2,16.0,16,0.9350162426854148,-0.3546048870425357,2016.0,8428291.512158483,1827273.99991488,15.947104760489328,14.418336343964672,14.418336343964672,12.942703076325998
2016-04-25,de,424341.0,490675.0,374417.43239485094,2527346.187753732,198278.00428287132,143333.32137959823,212380.142665207,1041057.0469657772,246471.13684730796,0.0,37441.7625001446,2351679.3469461,82810.73967840732,227597.79899947788,204790.08510367235,474640.8770584115,131397.08805937183,85.0,1.0,2422379.0,53919.0,608420.0,11261.09626243253,0.0,0.0,0.0,0.0,0.0,0.0,0.0,0.0,365.0,61.0,1.0,2190465.0,6779.286611896827,0.0,0.0,0.0,0.0,0.0,0.0,1.0,0.0,0.0,0.0,0.0,0.0,0.0,0.0,0.0,0.0,0.0,0.0,195772.0,15560.0,814.0,47735.0,93473.0,2604.0,11032.0,5880.0,7800.0,24735.0,18936.0,3510357.698345585,53920.0,0.0,53920.0,17.0,17,0.8854560256532099,-0.4647231720437685,2016.0,8507788.16962517,1150284.3999489278,15.95649267474431,13.955520643418025,13.955520643418025,12.958295012857679
2016-05-02,de,376302.0,394722.0,339063.1040410247,2237686.7103190254,162646.15278891532,116629.38875740154,186829.6608595222,782534.982847273,197562.36088972178,0.0,32633.986880188055,2027266.0720948116,66244.25782239082,184094.4607336233,177521.5792340131,344834.60346521443,119469.60904833273,12.0,0.0,2408263.0,54392.0,552831.0,10060.61739300416,0.0,0.0,0.0,0.0,0.0,0.0,0.0,0.0,284.0,174.0,1.0,5382.0,23.51330306110843,0.0,0.0,0.0,0.0,0.0,0.0,0.0,1.0,1.0,0.0,0.0,0.0,0.0,0.0,0.0,0.0,0.0,0.0,180149.0,13444.0,873.0,40344.0,82569.0,1931.0,8921.0,4984.0,6854.0,19562.0,16671.0,2952064.569278574,54392.0,0.0,54392.0,18.0,18,0.8229838658936565,-0.5680647467311557,2016.0,7997712.400574886,722632.07055296,15.89466623386024,13.49065686270568,13.49065686270568,12.838149948912227
2016-05-09,de,430263.0,471467.0,383179.85159548646,2487256.409279305,190978.69362540587,151695.57516343196,198647.31584918877,940723.524084797,225564.8625533075,0.0,47940.680747288156,2305883.4731954993,77918.70716688366,226627.96889649043,187381.46514957887,421815.61481027934,121271.82707931,7.0,0.0,2144887.0,48456.0,16131226.0,23148.46854258513,0.0,0.0,0.0,0.0,0.0,0.0,0.0,0.0,277.0,170.0,1.0,971.0,6.917283994214682,0.0,0.0,0.0,0.0,0.0,0.0,0.0,0.0,0.0,0.0,0.0,0.0,0.0,0.0,0.0,0.0,0.0,0.0,202639.0,15126.0,848.0,47543.0,93927.0,2439.0,11767.0,5265.0,7664.0,23780.0,19265.0,3388839.73704533,48456.0,0.0,48456.0,19.0,19,0.7485107481711013,-0.663122658240795,2016.0,8129445.774123484,462006.22967846395,15.911003431745373,13.043335818596121,13.043335818596121,12.97215425276578
2016-05-16,de,445337.0,512229.0,395356.94543488923,2660564.8109951597,201569.72220112357,156019.99101286865,206716.93074810872,1116421.128731189,242863.0726846905,0.0,54067.26107616463,2428817.712203762,85386.4687341734,241956.00194950902,185486.59592165545,520007.7348576052,131085.030989088,333326.0,3463.0,1947118.0,43147.0,5672562.0,4003.84704904257,71.08,574906.75,0.0,0.0,0.0,0.0,0.0,0.0,206.0,134.0,1.0,241.0,1.6353207090000002,0.0,0.0,0.0,0.0,0.0,0.0,0.0,0.0,0.0,1.0,0.0,0.0,0.0,0.0,0.0,0.0,0.0,0.0,210565.0,15595.0,975.0,49055.0,96779.0,2446.0,10888.0,5411.0,7346.0,26229.0,20048.0,3646806.805731958,46610.0,574906.75,621516.75,20.0,20,0.6631226582407952,-0.7485107481711012,2016.0,8473046.949141122,878749.302820992,15.952400854215824,13.686256066711211,13.686256066711211,13.00658882339763
2016-05-23,de,420704.0,494774.0,379646.4918437157,2694830.7936641695,189696.87312178558,149485.77049087282,210047.06849189353,1178220.13555863,227787.59537774298,0.0,51682.33812122081,2371551.0329322927,71872.2757215772,231959.1076778238,197164.66754108694,562146.2056330062,115543.14591542605,237065.0,2463.0,1480222.0,32584.0,0.0,0.0,67.08,574448.64,0.0,0.0,0.0,0.0,0.0,0.0,254.0,121.0,1.0,0.0,0.0,0.0,0.0,0.0,0.0,0.0,0.0,0.0,0.0,0.0,0.0,0.0,0.0,0.0,0.0,0.0,0.0,0.0,0.0,197096.0,14806.0,867.0,45915.0,91753.0,2355.0,10453.0,5157.0,7454.0,25849.0,18999.0,3601918.7735424335,35047.0,574448.64,609495.64,21.0,21,0.5680647467311558,-0.8229838658936564,2016.0,8630842.792665672,1133939.3220517118,15.970852832632927,13.941209135828343,13.941209135828343,12.949687154461635
2016-05-30,de,421317.0,465693.0,365246.63734627864,2634308.2298364793,200462.2770250246,145118.00885905692,228970.79755595184,1028164.6365184784,271638.59703428176,0.0,40166.911896050435,2331274.3931636964,74695.52341403086,233465.72271614132,232545.92804196887,462124.3543457985,128949.7202600657,0.0,0.0,0.0,0.0,367649.0,4515.59990341121,0.0,0.0,0.0,0.0,0.0,0.0,0.0,0.0,316.0,230.0,1.0,0.0,0.0,0.0,0.0,0.0,0.0,0.0,0.0,0.0,0.0,0.0,0.0,1.0,1.0,0.0,0.0,0.0,0.0,0.0,0.0,197796.0,14627.0,1142.0,45196.0,91227.0,2395.0,10772.0,5307.0,7838.0,24746.0,20271.0,3503222.553837752,0.0,0.0,0.0,22.0,22,0.4647231720437687,-0.8854560256532098,2016.0,8627464.845972912,677498.470329984,15.970461375206721,13.426164049934926,13.426164049934926,12.951143171953547
2016-06-06,de,420703.0,486335.0,362002.80782959005,2639406.5813689423,179315.71175283007,138409.74620777942,232378.79530466866,1098094.2727737427,286739.54549656,0.0,40424.55430328375,2340133.550596022,67633.9844453437,219908.63712454398,236138.11294571747,509008.6853528023,140289.79335967803,5873093.0,76132.0,355796.0,15237.0,2123452.0,33391.18616908307,31.2,207921.47,0.0,0.0,0.0,0.0,0.0,0.0,335.0,228.0,1.0,4079819.0,18929.67589321999,0.0,0.0,0.0,0.0,0.0,0.0,0.0,0.0,0.0,0.0,0.0,0.0,0.0,0.0,0.0,0.0,0.0,0.0,197167.0,15004.0,1190.0,44475.0,90902.0,2255.0,10584.0,5431.0,8074.0,25727.0,19894.0,3553537.3181273914,91369.0,207921.47,299290.47,23.0,23,0.35460488704253584,-0.9350162426854147,2016.0,8671202.37099285,690598.61901312,15.975518136240964,13.445315512262695,13.445315512262695,12.94968477749633
2016-06-13,de,435289.0,524097.0,380019.7369426116,2832607.221960696,193286.61201870802,153626.85498365783,245363.07391733478,1157382.076943173,291045.70437025017,0.0,50136.04007787876,2534818.25055853,76608.1913559468,225266.44438861596,228968.83094233737,528430.5364073471,150230.02744192857,0.0,0.0,296868.0,7476.0,1516845.0,26573.655244809193,119.58,698905.1,0.0,0.0,0.0,0.0,0.0,0.0,467.0,263.0,1.0,3086867.0,16557.958958329775,0.0,0.0,0.0,0.0,0.0,0.0,0.0,0.0,0.0,0.0,0.0,0.0,0.0,0.0,0.0,0.0,0.0,0.0,202376.0,15816.0,1301.0,45959.0,95445.0,2361.0,11171.0,5041.0,8151.0,26641.0,21027.0,3794458.321172585,7476.0,698905.1,706381.1,24.0,24,0.23931566428755768,-0.970941817426052,2016.0,8937896.70029995,1105970.077664,16.005810962930056,13.916234310328276,13.916234310328276,12.983767754613982
2016-06-20,de,408601.0,496914.0,359186.249088145,2633093.411473674,195744.09922577662,140384.84645627876,225254.7340950233,1150072.3272285461,280225.9731021972,0.0,51000.046917187814,2255599.067933087,73712.22570571337,197705.4080899159,197195.36241496747,537546.9234099388,141470.06590363252,0.0,0.0,296868.0,7476.0,1406693.0,20895.109362967796,110.96,912701.73,0.0,0.0,0.0,0.0,0.0,0.0,479.0,228.0,1.0,2389820.0,12379.356613012642,0.0,0.0,0.0,0.0,0.0,0.0,0.0,0.0,0.0,0.0,0.0,0.0,0.0,0.0,0.0,0.0,0.0,0.0,192646.0,14800.0,1178.0,42070.0,87462.0,2252.0,10249.0,4844.0,7362.0,26240.0,19498.0,3454229.100374443,7476.0,912701.73,920177.73,25.0,25,0.12053668025532308,-0.992708874098054,2016.0,8758006.59099577,1582854.1276512,15.985478993093022,14.274740817082739,14.274740817082739,12.920496856116284
2016-06-27,de,439705.0,513391.0,390942.09534707194,2981793.6776476474,223490.90689469004,151513.67290227543,254343.02654363072,1336748.8273906708,287170.0824388492,0.0,51748.09701958999,2523455.8374770745,80254.6137288081,208437.1593180953,229615.93721999277,609743.7395095825,129270.182625242,0.0,0.0,296868.0,7476.0,2428301.0,38244.96037080903,85.09,606333.59,0.0,0.0,0.0,0.0,0.0,0.0,723.0,179.0,1.0,5146071.0,22029.98363302128,0.0,0.0,0.0,0.0,0.0,0.0,0.0,0.0,0.0,0.0,0.0,0.0,0.0,0.0,0.0,0.0,0.0,0.0,203988.0,15432.0,1163.0,45281.0,96410.0,2575.0,11362.0,4823.0,7947.0,30084.0,20640.0,3832525.566898385,7476.0,606333.59,613809.59,26.0,26,1.2246467991473532e-16,-1.0,2016.0,9037746.172659913,1562608.4898559998,16.016920494747076,14.2618677316455,14.2618677316455,12.993861600743301
2016-07-04,de,455337.0,520211.0,402746.6013847861,3194147.7830919153,233492.50274052977,157371.873473109,256409.11507328405,1415236.1100349426,337613.8307180115,0.0,48379.54235251054,2700578.2305945056,81966.99657821325,220950.8472657449,229088.11287443718,663671.4131946564,137633.08645288408,5044563.0,43336.0,988459.0,17199.0,2475722.0,34879.66419619772,77.33,491358.4,0.0,0.0,0.0,0.0,0.0,0.0,595.0,244.0,1.0,5940176.0,29967.940247371855,0.0,0.0,0.0,0.0,0.0,0.0,0.0,0.0,0.0,0.0,0.0,0.0,1.0,0.0,0.0,0.0,0.0,0.0,209514.0,15806.0,1250.0,46367.0,101794.0,2686.0,11760.0,5024.0,8037.0,32077.0,21022.0,4082268.229312952,60535.0,491358.4,551893.4,27.0,27,-0.12053668025532327,-0.992708874098054,2016.0,9447996.438471127,1488644.61918464,16.061313365740663,14.213377284135435,14.213377284135435,13.028795279294146
2016-07-11,de,499164.0,576688.0,461294.09462401504,3638092.409630379,299539.24962706224,176079.04243850708,288254.04210531083,1521432.4234275818,382885.45280350366,0.0,55193.5623831573,2978622.1952566304,104103.02012980923,252503.71455144882,248142.01797645545,703868.2770638466,150091.36039664608,199647.0,5554.0,241553.0,6768.0,1401791.0,18005.2088459776,84.74,501901.93,0.0,0.0,0.0,0.0,0.0,0.0,545.0,223.0,1.0,2436332.0,10165.611101160099,0.0,0.0,0.0,0.0,0.0,0.0,0.0,0.0,0.0,0.0,0.0,0.0,0.0,0.0,0.0,0.0,0.0,0.0,227350.0,16879.0,1449.0,52319.0,113562.0,3368.0,12460.0,5532.0,8857.0,34174.0,23214.0,4492524.147757994,12322.0,501901.93,514223.93,28.0,28,-0.23931566428755743,-0.9709418174260521,2016.0,10100069.66024251,1396971.606735104,16.12805297785063,14.149818029410557,14.149818029410557,13.120691981399894
2016-07-18,de,476865.0,550585.0,437846.4097679301,3474492.7748134863,298853.6050782133,167426.6406952539,263641.98351085844,1493284.4645442963,335851.55890641577,0.0,45839.18383380488,2769801.8247193447,104257.96915490611,234860.13830173964,226166.1577081449,686391.7295041084,138641.8974995694,0.0,0.0,25269.0,752.0,2854026.0,37690.14585241673,0.9,2228.55,0.0,0.0,0.0,0.0,0.0,0.0,536.0,144.0,1.0,5248194.0,12322.506689242844,0.0,0.0,0.0,0.0,0.0,0.0,0.0,0.0,0.0,0.0,0.0,0.0,0.0,0.0,0.0,0.0,0.0,0.0,220337.0,15567.0,1360.0,48841.0,107195.0,3324.0,11596.0,5203.0,7988.0,33238.0,22216.0,4205958.900721618,752.0,2228.55,2980.55,29.0,29,-0.3546048870425356,-0.9350162426854148,2016.0,10205502.292839702,830926.32775232,16.138437671269624,13.630297618451886,13.630297618451886,13.074990807972515
2016-07-25,de,501210.0,592540.0,445642.1816048728,3665637.085069422,311110.3684524844,177110.6546892312,284853.9584142947,1561500.9147758484,394749.08469948545,0.0,51369.6035722945,2949131.86092202,108257.75093337939,250411.5507080608,243924.85220139718,706980.3326249123,169693.6367497654,0.0,0.0,25269.0,752.0,4576709.0,58884.59018760932,1.3,7577.07,0.0,0.0,0.0,0.0,0.0,0.0,649.0,157.0,1.0,152566.0,230.499224442048,0.0,0.0,0.0,0.0,0.0,0.0,0.0,0.0,0.0,0.0,0.0,0.0,0.0,0.0,0.0,0.0,0.0,0.0,230513.0,16378.0,1379.0,49441.0,113509.0,3521.0,12056.0,6407.0,8390.0,35476.0,24140.0,4479769.58771183,752.0,7577.07,8329.07,30.0,30,-0.46472317204376806,-0.8854560256532101,2016.0,10544230.276885783,506884.86665139196,16.171089469938135,13.136041142145103,13.136041142145103,13.124782449089627
2016-08-01,de,526546.0,622199.0,462825.8508299071,3739915.666162916,302581.3164794353,186256.84019848623,280458.4383915397,1587902.280679703,447405.32125319936,0.0,53487.25010339865,3026843.792993323,99641.74551626202,260768.71442645628,225322.51663662854,737245.8769254686,187816.3234192766,6667225.0,72251.0,36450.0,1084.0,3164939.0,41183.24986028528,70.97,367730.03,0.0,0.0,0.0,0.0,0.0,0.0,474.0,113.0,1.0,7215274.0,29246.871509469227,0.0,0.0,0.0,0.0,0.0,0.0,0.0,0.0,0.0,0.0,0.0,0.0,0.0,0.0,0.0,0.0,0.0,0.0,245208.0,17634.0,1561.0,51932.0,117915.0,3522.0,12380.0,7013.0,8705.0,36238.0,24438.0,4591126.220020814,73335.0,367730.03,441065.03,31.0,31,-0.5680647467311556,-0.8229838658936566,2016.0,10857978.604791045,740169.0193702399,16.200410815087974,13.514635194696236,13.514635194696236,13.174095875327884
2016-08-08,de,525916.0,653000.0,460532.26024295064,3613465.114695443,298207.66880151565,199169.83867750733,282654.67377699167,1596302.920972824,418777.76526352303,0.0,58747.2013204314,2974894.773323712,96915.28834796333,273315.07670979836,226968.07803601937,773943.5140686034,171725.60248313466,0.0,0.0,36450.0,1084.0,1534676.0,24414.48363350824,56.77,415399.46,0.0,0.0,0.0,0.0,0.0,0.0,384.0,96.0,1.0,1710667.0,6686.370199324091,0.0,0.0,0.0,0.0,0.0,0.0,0.0,0.0,0.0,0.0,0.0,0.0,0.0,0.0,0.0,0.0,0.0,0.0,244220.0,18085.0,1595.0,52177.0,117039.0,3481.0,13270.0,6119.0,8627.0,36924.0,24379.0,4576509.534289662,1084.0,415399.46,416483.46,32.0,32,-0.6631226582407953,-0.748510748171101,2016.0,11027564.368088542,848720.381645568,16.21590863867783,13.651486239048653,13.651486239048653,13.172898684592152
2016-08-15,de,503030.0,531050.0,445255.8026470941,3316550.862240229,289868.4567807307,195702.19251132387,269008.7629097462,1317265.3055438995,401942.9020961713,0.0,52600.20867682264,2691064.092224658,97238.62687319297,260852.60126285616,226563.2700368594,618651.1882343292,164998.48420181632,0.0,0.0,36450.0,1084.0,1470774.0,24020.82893138705,0.51,4902.81,0.0,0.0,0.0,0.0,0.0,0.0,402.0,70.0,1.0,8926128.0,37454.36271025994,0.0,0.0,0.0,0.0,0.0,0.0,0.0,0.0,0.0,0.0,0.0,0.0,0.0,0.0,0.0,0.0,0.0,0.0,238072.0,16956.0,1578.0,51048.0,110389.0,3288.0,12776.0,5905.0,8114.0,31526.0,23378.0,4111968.4715105346,1084.0,4902.81,5986.81,33.0,33,-0.7485107481711009,-0.6631226582407955,2016.0,10670489.307717115,499763.586605824,16.182992574210658,13.121892439742242,13.121892439742242,13.1284070774015
2016-08-22,de,466215.0,580069.0,413392.308973835,3158986.253682142,262196.1754897132,184623.66549178993,257526.50786868605,1081225.529056549,367360.31400569645,0.0,47804.907370579545,2617836.718008276,92234.72749296711,246635.01461151417,212434.69429528702,508438.89385414124,149324.9751799653,0.0,0.0,36450.0,1084.0,1713176.0,26942.879211834428,0.71,7131.36,0.0,0.0,0.0,0.0,0.0,0.0,495.0,192.0,1.0,6490945.0,21097.524496475686,0.0,0.0,0.0,0.0,0.0,0.0,0.0,0.0,0.0,0.0,0.0,0.0,0.0,0.0,0.0,0.0,0.0,0.0,224177.0,16161.0,1434.0,47032.0,100365.0,3070.0,12425.0,5258.0,7399.0,26435.0,22459.0,3874709.9308127305,1084.0,7131.36,8215.36,34.0,34,-0.8229838658936564,-0.5680647467311559,2016.0,10212631.802817283,297763.86788032,16.13913602201368,12.604059420077748,12.604059420077748,13.052404325029196
2016-08-29,de,493533.0,492218.0,424256.32304909156,3032097.5175520456,300582.0068303285,199363.98470627994,270050.513357949,1179624.2807769775,370973.207619413,0.0,52092.6771249888,2466371.0947399125,93694.8562184223,272789.32676000847,221129.3779227647,571245.0328929424,153923.5528730241,0.0,0.0,28986.0,844.0,549696.0,8403.743972361133,0.14,1782.84,0.0,0.0,0.0,0.0,0.0,0.0,395.0,161.0,1.0,2690373.0,11577.642396466914,0.0,0.0,0.0,0.0,0.0,0.0,0.0,0.0,0.0,0.0,0.0,1.0,0.0,0.0,0.0,0.0,0.0,0.0,236066.0,17050.0,1574.0,49919.0,103433.0,3428.0,13841.0,5496.0,8088.0,29981.0,24657.0,3831245.9185320633,844.0,1782.84,2626.84,35.0,35,-0.88545602565321,-0.46472317204376834,2016.0,9890258.569879975,172015.470878848,16.107060948945076,12.055345512134341,12.055345512134341,13.109347031125841
2016-09-05,de,482100.0,579340.0,413789.0476253235,2792236.982310451,255676.5320439345,185758.5623951952,255384.8905436066,1202934.103263855,358896.77170491917,0.0,47933.812042291225,2218130.428031061,76107.32970427859,240445.26448198908,222656.7042358612,598182.380795002,146950.65141797738,0.0,0.0,23389.0,664.0,2697.0,0.649627838461325,0.0,0.0,0.0,0.0,0.0,0.0,0.0,0.0,309.0,148.0,1.0,133815.0,407.7838397914918,0.0,0.0,0.0,0.0,0.0,0.0,0.0,0.0,0.0,0.0,0.0,0.0,0.0,1.0,0.0,0.0,0.0,0.0,231535.0,16381.0,1507.0,48652.0,99586.0,2971.0,12861.0,5427.0,8001.0,31157.0,24021.0,3550406.57070846,664.0,0.0,664.0,36.0,36,-0.9350162426854147,-0.3546048870425359,2016.0,9409104.558246838,95236.29512319999,16.057188454785237,11.464126899559107,11.464126899559107,13.085908914650014
2016-09-12,de,480827.0,498501.0,418724.67603844363,2784442.841761087,262036.7370495342,185240.0654929534,262646.18798735185,1103577.5796756744,342737.83893698023,0.0,49053.9465848426,2238337.763381076,74940.4744293272,241909.30920359588,234555.01527540796,552345.6557216644,136920.00315434925,0.0,0.0,23389.0,664.0,1075.0,0.509531805511509,0.0,0.0,0.0,0.0,0.0,0.0,0.0,0.0,210.0,67.0,1.0,1549077.0,3825.955936818474,0.0,0.0,0.0,0.0,0.0,0.0,0.0,0.0,0.0,0.0,0.0,0.0,0.0,0.0,0.0,0.0,0.0,0.0,232079.0,14650.0,1760.0,50437.0,100010.0,2956.0,13005.0,4873.0,8014.0,29196.0,23848.0,3528062.1677502636,664.0,0.0,664.0,37.0,37,-0.970941817426052,-0.23931566428755774,2016.0,9102880.944048423,57755.71527923199,16.0241016184973,10.963994903515287,10.963994903515287,13.083264896780348
2016-09-19,de,466659.0,268728.0,403421.1166633358,2605878.70926135,226048.6102764878,176085.0586308817,235697.10893856292,1014054.8301620483,294278.0749243643,0.0,44559.105530672314,2127262.087724773,67870.51054028074,251963.8242918791,200623.20895266265,509496.4781255722,123916.99982447043,0.0,0.0,23389.0,664.0,0.0,0.0,0.0,0.0,0.0,0.0,0.0,0.0,0.0,0.0,163.0,113.0,1.0,595830.0,1729.3455444599997,0.0,0.0,0.0,0.0,0.0,0.0,0.0,0.0,0.0,0.0,0.0,0.0,0.0,0.0,0.0,0.0,0.0,0.0,228002.0,11237.0,1721.0,48767.0,98087.0,2752.0,12671.0,4594.0,7417.0,27806.0,23605.0,3325692.214990311,664.0,0.0,664.0,38.0,38,-0.992708874098054,-0.12053668025532357,2016.0,8712177.854661021,35177.532775167994,15.980232473074402,10.468191311201467,10.468191311201467,13.05335622010105
2016-09-26,de,465001.0,261169.0,402338.69640680874,2717610.5918051507,237627.42842502386,195615.18272889216,225851.70426354313,969333.0068454741,290085.46242833283,0.0,49230.51583561278,2249356.843936762,73834.05321758089,271527.98872575257,178311.89027258172,473102.0604662895,121837.42585138108,0.0,0.0,22536.0,679.0,0.0,0.0,0.0,0.0,0.0,0.0,0.0,0.0,0.0,0.0,132.0,62.0,1.0,5706415.0,34619.00318089944,0.0,0.0,0.0,0.0,0.0,0.0,0.0,0.0,0.0,0.0,0.0,0.0,0.0,0.0,0.0,0.0,0.0,0.0,225036.0,10786.0,1715.0,48060.0,100549.0,2818.0,14235.0,4694.0,7114.0,26235.0,23759.0,3417200.7783059604,679.0,0.0,679.0,39.0,39,-1.0,-1.8369701987210297e-16,2016.0,8567394.200530909,14377.320850815997,15.963474300444929,9.57347685469447,9.57347685469447,13.049796985635513
2016-10-03,de,473432.0,322758.0,380452.11042295257,2663633.0379755534,258189.87543935652,190615.50181990687,254141.55752984478,868530.4377450943,305710.20463609474,0.0,36874.52624388395,2100290.845860572,81306.61355125584,261473.42111574166,205844.48200177075,452245.79928159714,129957.25827294168,0.0,0.0,20405.0,716.0,0.0,0.0,46.26,353615.58,0.0,0.0,0.0,0.0,0.0,0.0,61.0,83.0,1.0,5691146.0,32496.034164286215,0.0,0.0,0.0,0.0,0.0,0.0,0.0,0.0,0.0,0.0,0.0,0.0,0.0,0.0,1.0,0.0,0.0,0.0,229899.0,10846.0,1797.0,48936.0,101861.0,3058.0,14584.0,4897.0,7942.0,25554.0,24058.0,3267992.946327763,716.0,353615.58,354331.58,40.0,40,-0.992708874098054,0.1205366802553232,2016.0,8331561.680266853,355962.64967897604,15.935561593219662,12.782583896977501,12.782583896977501,13.067765682124259
2016-10-10,de,450698.0,387857.0,375672.31386591867,2528267.4867692897,230467.08167839109,180055.65622097204,234712.80202661958,862842.2362947464,266253.9748945384,0.0,38050.007543432934,2071080.1677102086,74304.6825830391,252907.42875377784,193129.80009417297,473137.60948324203,111579.44612093184,0.0,0.0,20405.0,716.0,0.0,0.0,43.04,424966.72,0.0,0.0,0.0,0.0,0.0,0.0,71.0,85.0,1.0,413805.0,2649.9360332920614,0.0,0.0,0.0,0.0,0.0,0.0,0.0,0.0,0.0,0.0,0.0,0.0,0.0,0.0,0.0,0.0,0.0,0.0,218672.0,12355.0,1688.0,48078.0,94605.0,2775.0,14022.0,4287.0,7203.0,24409.0,22604.0,3214189.142288805,716.0,424966.72,425682.72,41.0,41,-0.9709418174260521,0.23931566428755738,2016.0,8144060.870086471,639159.7543887359,15.91279961475813,13.367911273534148,13.367911273534148,13.018554989905477
2016-10-17,de,446316.0,485897.0,382195.31439853855,2546304.957352635,216192.27749405004,183020.87662396656,220132.2950481792,835224.6026611328,278459.5600444518,0.0,67801.06235485454,2133117.917377343,69563.97926725834,262463.84760431445,172772.00070070208,450701.50970602036,109438.9309283674,0.0,0.0,20405.0,716.0,0.0,0.0,0.0,0.0,0.0,0.0,0.0,0.0,0.0,0.0,101.0,81.0,1.0,1564148.0,6057.270444786138,0.0,0.0,0.0,0.0,0.0,0.0,0.0,0.0,0.0,0.0,0.0,0.0,0.0,0.0,0.0,0.0,0.0,0.0,214673.0,14988.0,1649.0,48110.0,94429.0,2459.0,14276.0,3984.0,6708.0,22588.0,22452.0,3265859.24793886,716.0,0.0,716.0,42.0,42,-0.9350162426854148,0.35460488704253557,2016.0,8087215.5220392225,384073.866132224,15.90579516580625,12.858592776452875,12.858592776452875,13.008784740862119
2016-10-24,de,422916.0,483418.0,357566.86132588447,2379165.8458622666,201490.33451070666,166370.82226663482,214353.7957303957,737994.2051334381,282396.8208471758,0.0,105373.77016472016,2063149.0999238805,62540.065049138066,242355.76677943734,162374.00363213648,383285.64480161667,113725.84179958688,0.0,0.0,20405.0,716.0,0.0,0.0,0.0,0.0,0.0,0.0,0.0,0.0,0.0,0.0,38.0,64.0,1.0,3571755.0,19477.334538791292,0.0,0.0,0.0,0.0,0.0,0.0,0.0,0.0,0.0,0.0,0.0,0.0,0.0,0.0,0.0,0.0,0.0,0.0,204876.0,14510.0,1465.0,45774.0,88909.0,1913.0,13262.0,4366.0,6563.0,20433.0,20845.0,3132804.1921505164,716.0,0.0,716.0,43.0,43,-0.8854560256532101,0.464723172043768,2016.0,7920783.285927038,231116.1988544,15.885000784888746,12.35068021519128,12.35068021519128,12.954931221281154
2016-10-31,de,421813.0,337328.0,343427.77625149617,2331656.6960882554,195273.96819776046,166426.19255451282,216970.44538682603,726787.2170352936,276331.2334399762,0.0,107779.6224346825,2026729.4393731244,51086.165180493925,250074.71792647865,164552.48248323885,381317.851480484,105348.88087114261,671736.0,9258.961959838867,28835.0,1224.345199584961,1686666.0,21951.62622005226,0.0,0.0,0.0,0.0,0.0,0.0,0.0,0.0,149.0,67.0,1.0,4514197.0,24046.811377541515,0.0,0.0,0.0,0.0,0.0,0.0,0.0,0.0,0.0,0.0,0.0,0.0,0.0,0.0,0.0,0.0,0.0,0.0,203519.0,15240.0,1446.0,45854.0,88600.0,1773.0,13092.0,3861.0,6459.0,20868.0,21101.0,3086889.159749645,10483.307159423828,0.0,10483.307159423828,44.0,44,-0.8229838658936566,0.5680647467311556,2016.0,7779725.934479197,149141.8738218238,15.867031797142621,11.912660010201554,11.912660010201554,12.952319737561822
2016-11-07,de,408835.0,446864.0,333280.39052077185,2270815.7968160724,140172.44872296686,160398.54115091864,203015.0133126231,700377.295261383,234453.72733423498,0.0,109583.50963587205,2067679.6089314485,39681.058745032526,250526.54617281433,155719.44475705439,373344.1621246338,99548.89018708268,774181.0,7721.8304443359375,154166.0,5803.512939453125,1649888.0,27013.71199539254,0.0,0.0,0.0,0.0,0.0,0.0,0.0,0.0,81.0,78.0,1.0,1496488.0,6936.183181957074,0.0,0.0,0.0,0.0,0.0,0.0,0.0,0.0,0.0,0.0,0.0,0.0,0.0,0.0,0.0,0.0,0.0,0.0,199154.0,14248.0,1337.0,44368.0,85285.0,1483.0,13052.0,3506.0,5944.0,19619.0,20839.0,3096083.2205539383,13525.343383789062,0.0,13525.343383789062,45.0,45,-0.7485107481711011,0.6631226582407952,2016.0,7704660.884581976,102999.31502664334,15.857336143175427,11.542487325718197,11.542487325718197,12.921069376616655
2016-11-14,de,411136.0,447235.0,339705.284852801,2296786.996937841,138970.98632608654,168184.1430108901,197528.4612834774,687155.9920186996,208670.716387083,0.0,111194.3232360332,2138788.021670361,42260.03982461469,267013.3093455488,148352.0585469065,358677.7731695175,89859.7940385565,1161693.0,9221.835754394531,4661156.0,65716.18920898438,1760821.0,28887.4545227399,0.0,0.0,0.0,0.0,0.0,0.0,0.0,0.0,35.0,61.0,1.0,2796.0,39.73867904198562,0.0,0.0,0.0,0.0,0.0,0.0,0.0,0.0,0.0,0.0,0.0,0.0,0.0,0.0,0.0,0.0,0.0,0.0,200269.0,14408.0,1483.0,44463.0,85899.0,1527.0,13409.0,3294.0,5903.0,19451.0,21030.0,3156145.3198315385,74938.0249633789,0.0,74938.0249633789,46.0,46,-0.6631226582407955,0.7485107481711007,2016.0,7723082.992026993,136726.4613291249,15.859724323062247,11.825744890094445,11.825744890094445,12.926681771268491
2016-11-21,de,379719.0,344728.0,313812.8684850842,2067208.9295218007,112052.6844402932,152436.46720684707,160065.98781683508,644123.4196548462,167556.25323716307,0.0,79741.08709624983,1908997.7409765283,34626.99237130425,229691.2703631967,118081.33188388505,335045.8177323341,76985.78553067007,1570214.0,14780.894775390625,5660295.0,98518.689453125,2067181.0,36795.85993899907,0.0,0.0,0.0,0.0,0.0,0.0,0.0,0.0,24.0,57.0,1.0,2123597.0,11322.108184286488,0.0,0.0,0.0,0.0,0.0,0.0,0.0,0.0,0.0,0.0,0.0,0.0,0.0,0.0,0.0,1.0,0.0,0.0,186258.0,12523.0,1300.0,41412.0,78450.0,1263.0,12416.0,2859.0,4939.0,18749.0,19550.0,2783170.0259541683,113299.58422851562,0.0,113299.58422851562,47.0,47,-0.5680647467311559,0.8229838658936564,2016.0,7359623.970145813,195324.05643335055,15.811519534263569,12.182420405785168,12.182420405785168,12.847189417995734
2016-11-28,de,377347.0,415565.0,294075.1693391336,2051581.1452547412,117462.86340364117,165082.98547638208,157121.12764426827,593168.0276908875,200035.2194791392,0.0,54071.96436747371,1849447.986202054,37844.49777329651,247452.0353765104,114373.65835779923,311669.1912827492,75731.96226033513,1392361.0,14298.329223632812,5201270.0,95203.62451171875,629098.0,10818.677856136215,0.0,0.0,0.0,0.0,0.0,0.0,0.0,0.0,34.0,15.0,1.0,3370876.0,19293.993685868285,0.0,0.0,0.0,0.0,0.0,0.0,0.0,0.0,0.0,0.0,0.0,0.0,0.0,0.0,0.0,0.0,0.0,0.0,183612.0,12933.0,1312.0,39070.0,78600.0,1448.0,12603.0,2887.0,4883.0,19010.0,20989.0,2690591.295620218,109501.95373535156,0.0,109501.95373535156,48.0,48,-0.4647231720437684,0.88545602565321,2016.0,7051475.945302312,220744.97768462912,15.768747648634836,12.304767897166016,12.304767897166016,12.840923117579717
2016-12-05,de,377142.0,414097.0,269841.99740456644,2102573.365517305,131535.3200168028,180919.95641099688,154771.99835180206,525197.1888113022,222889.2445191125,0.0,34060.976573998974,1879356.117922809,40317.62297239778,280516.72870886733,111487.30941914626,325665.93729019165,75461.15536639825,557167.0,7872.2423095703125,6926279.0,112985.24328613281,2029126.0,40276.34782634011,0.0,0.0,0.0,0.0,0.0,0.0,0.0,0.0,18.0,5.0,1.0,1325021.0,7064.948943855633,0.0,0.0,0.0,0.0,0.0,0.0,0.0,0.0,0.0,0.0,0.0,0.0,0.0,0.0,0.0,0.0,0.0,0.0,186229.0,12937.0,1209.0,35026.0,79557.0,1571.0,12889.0,2914.0,4807.0,18232.0,21771.0,2746865.8482538094,120857.48559570312,0.0,120857.48559570312,49.0,49,-0.35460488704253595,0.9350162426854147,2016.0,6923765.380331052,246154.63713212538,15.75047045414446,12.413719286131208,12.413719286131208,12.840379704854993
2016-12-12,de,370220.0,388731.0,293204.3638475884,2090309.8230579128,157225.23316117315,170071.87987678873,161336.7291327325,595759.2128582001,229582.22638008904,0.0,26481.99303837083,1884754.4856371288,48906.737776135786,271850.68689318374,127519.32585146841,424126.7530424595,77225.10763558067,785387.0,10284.454833984375,351155.0,4293.6290283203125,2455771.0,44550.10850056378,0.0,0.0,0.0,0.0,0.0,0.0,0.0,0.0,16.0,4.0,1.0,7485639.0,39168.37498691741,0.0,0.0,0.0,0.0,0.0,0.0,0.0,0.0,0.0,0.0,0.0,0.0,0.0,0.0,0.0,0.0,0.0,0.0,180319.0,11932.0,1258.0,37911.0,78002.0,1839.0,12098.0,2835.0,5215.0,20069.0,18742.0,2860865.0898743276,14578.083862304688,0.0,14578.083862304688,50.0,50,-0.2393156642875578,0.970941817426052,2016.0,6960270.423607098,162258.8400910199,15.755729029194912,11.996954280437784,11.996954280437784,12.821855403606673
2016-12-19,de,301457.0,251045.0,243940.63189991165,1758464.442428052,150195.96258702732,140615.46824366663,134930.6681970761,537160.4184036255,186311.82385043206,0.0,22349.619460289527,1583082.5928111565,44505.313218044525,227825.4382740381,106047.8580153012,399832.60285139084,62406.0636160632,367391.0,4882.517013549805,1692392.0,37192.82263183594,2511226.0,43359.77300057505,0.0,0.0,0.0,0.0,0.0,0.0,0.0,0.0,79.0,11.0,1.0,8430372.0,50369.94317675472,0.0,0.0,0.0,0.0,0.0,0.0,0.0,0.0,0.0,0.0,0.0,0.0,0.0,0.0,0.0,0.0,1.0,0.0,148622.0,9562.0,1072.0,29700.0,62095.0,1483.0,9611.0,2356.0,4145.0,16945.0,15866.0,2446049.488246284,42075.33964538574,0.0,42075.33964538574,51.0,51,-0.12053668025532363,0.992708874098054,2016.0,6569592.661950511,139418.61764943769,15.697962541052041,11.84524349659966,11.84524349659966,12.616385981963159
2016-12-26,de,393157.0,324138.0,340896.10015855916,2691894.0625833655,226279.53910314362,217399.41922454775,208218.3237880821,937724.4298591614,335633.0733825921,0.0,28707.900497637514,2382702.207056909,59809.53062835246,318258.0889782285,157122.70758551382,653963.3825280666,102668.86715762978,1025355.0,14000.257369995117,516321.0,5910.575942993164,1709007.0,32066.056818597255,0.0,0.0,0.0,0.0,0.0,0.0,0.0,0.0,262.0,119.0,1.0,4842175.0,21540.664243805706,1.0,0.0,0.0,0.0,0.0,0.0,0.0,0.0,0.0,0.0,0.0,0.0,0.0,0.0,0.0,0.0,0.0,1.0,182966.0,14101.0,1332.0,38015.0,86511.0,2073.0,12596.0,3476.0,5878.0,26211.0,19998.0,3703232.684432338,19910.83331298828,0.0,19910.83331298828,52.0,52,-2.4492935982947064e-16,1.0,2016.0,7593140.397373224,103385.92459827205,15.842755950091417,11.546233778498248,11.546233778498248,12.881966845680141
2017-01-02,de,562934.0,586090.0,430540.5375128023,3451420.752179066,321560.2824261115,295118.8203815984,331176.3867803737,1339442.3898468018,511105.31363953144,0.0,37781.93953068525,3124837.811538251,86043.69736268696,426439.5984248145,260757.72415408448,976252.6614608765,137282.47322785328,0.0,0.0,0.0,0.0,0.0,0.0,0.0,0.0,0.0,0.0,0.0,0.0,0.0,0.0,792.0,278.0,1.0,68565.0,258.5416200349631,0.0,0.0,0.0,0.0,0.0,0.0,0.0,0.0,0.0,0.0,0.0,0.0,0.0,0.0,0.0,0.0,0.0,0.0,256567.0,19610.0,1726.0,55290.0,122051.0,3553.0,19174.0,4845.0,9477.0,40185.0,30456.0,5049395.905699251,0.0,0.0,0.0,53.0,1,0.12053668025532306,0.992708874098054,2017.0,9553277.834977446,61804.38092743418,16.072394987036944,11.031745709678614,11.031745709678614,13.240919447525897
2017-01-09,de,575123.0,595811.0,442423.3517347458,3315427.9448205316,315109.9902786311,297614.53345106746,334407.7565431608,1232050.3747329712,561025.2011268479,0.0,42778.033966892675,3041314.469703175,78438.54111301078,444488.1639963059,265740.82281501347,971709.2178277969,179755.42558140281,0.0,0.0,0.0,0.0,0.0,0.0,0.0,0.0,0.0,0.0,0.0,0.0,0.0,0.0,520.0,328.0,1.0,79267.0,229.7836178222079,0.0,0.0,0.0,0.0,0.0,0.0,0.0,0.0,0.0,0.0,0.0,0.0,0.0,0.0,0.0,0.0,0.0,0.0,265532.0,20347.0,1751.0,57875.0,120003.0,3268.0,20708.0,5669.0,9471.0,38203.0,32296.0,5024224.6750035975,0.0,0.0,0.0,54.0,2,0.23931566428755777,0.970941817426052,2017.0,10703180.254214924,35823.9574990916,16.186051568721272,10.486400066347912,10.486400066347912,13.262340948703812
2017-01-16,de,552493.0,601760.0,444965.3492491052,3229050.925184167,319570.62673275033,285888.0047351969,334786.52069498005,1191100.8916282654,549372.8233841333,0.0,39771.023572649756,2874388.0707133035,74172.23606427421,429443.57655082725,266250.10942705674,948322.8276488781,190677.3637046523,0.0,0.0,0.0,0.0,1575639.0,19879.2463588287,0.0,0.0,0.0,0.0,0.0,0.0,0.0,0.0,439.0,288.0,1.0,51170.0,158.63898621785023,0.0,1.0,0.0,0.0,0.0,0.0,0.0,0.0,0.0,0.0,0.0,0.0,0.0,0.0,0.0,0.0,0.0,0.0,255511.0,19762.0,1626.0,56855.0,113770.0,3148.0,19697.0,5958.0,9315.0,36793.0,30058.0,4823025.207681642,0.0,0.0,0.0,55.0,3,0.3546048870425356,0.9350162426854148,2017.0,11198186.791147467,19591.376554819333,16.23126251881175,9.88289581827271,9.88289581827271,13.222197852586572
2017-01-23,de,545770.0,606193.0,440929.8913215301,3187170.917479786,338590.5872874976,273944.1035718764,296668.77823438245,1102995.656917572,537754.4493615606,0.0,39946.020626306876,2895148.2826108662,78003.60813789968,414698.7749936515,231792.86027253058,850896.3246650696,186162.88003568235,13.0,0.12999999523162842,0.0,0.0,2143383.0,30371.0239361065,0.0,0.0,0.0,0.0,0.0,0.0,0.0,0.0,426.0,327.0,1.0,17523.0,55.38418801472948,0.0,0.0,0.0,0.0,0.0,0.0,0.0,0.0,0.0,0.0,0.0,0.0,0.0,0.0,0.0,0.0,0.0,0.0,252485.0,19383.0,1649.0,57300.0,113068.0,3319.0,19123.0,5910.0,8886.0,34453.0,30194.0,4696648.751342007,0.12999999523162842,0.0,0.12999999523162842,56.0,4,0.46472317204376856,0.8854560256532099,2017.0,11370369.22413464,9915.743597635268,16.24652142668602,9.201979880020309,9.201979880020309,13.20995475282901
2017-01-30,de,563644.0,600600.0,444997.8130829398,3099316.3876103293,391740.9735139893,278807.07643365127,302999.71840456146,1128765.889345169,503919.9448243937,0.0,65984.95279374666,2976715.6197781437,98413.4848212744,408037.9997437085,236231.45691905834,913062.8103458881,175162.82053861374,0.0,0.0,0.0,0.0,1545278.0,19783.95333898406,0.0,0.0,0.0,0.0,0.0,0.0,0.0,0.0,573.0,364.0,1.0,18449.0,103.96205034490521,0.0,0.0,0.0,0.0,0.0,0.0,0.0,0.0,0.0,0.0,0.0,0.0,0.0,0.0,0.0,0.0,0.0,0.0,260184.0,19086.0,1694.0,60113.0,116387.0,3812.0,19823.0,5803.0,9387.0,36242.0,31113.0,4873609.144940434,0.0,0.0,0.0,57.0,5,0.5680647467311558,0.8229838658936564,2017.0,11649693.881135413,3919.504493318037,16.270790547172528,8.273975621778733,8.273975621778733,13.242179899680204
2017-02-06,de,555568.0,480232.0,444836.45254164905,3014293.2236608625,342895.6865015101,274729.61227846146,302704.17007962934,1032304.8743028641,460522.88943753956,0.0,57826.96727143576,2836471.482391228,87607.47140280639,405566.4592065811,241656.7221034287,832670.6624479294,166604.48686667017,0.0,0.0,0.0,0.0,0.0,0.0,0.0,0.0,0.0,0.0,0.0,0.0,0.0,0.0,433.0,321.0,1.0,18098.0,124.27972702262124,0.0,0.0,0.0,0.0,0.0,0.0,0.0,0.0,0.0,0.0,0.0,0.0,0.0,0.0,0.0,0.0,0.0,0.0,260584.0,16695.0,1668.0,59095.0,115376.0,3419.0,19909.0,5511.0,9188.0,33135.0,30987.0,4628404.2516900785,0.0,0.0,0.0,58.0,6,0.6631226582407952,0.7485107481711011,2017.0,11570169.032583382,2106.8468669461345,16.263940795050065,7.653422263258873,7.653422263258873,13.227748092769339
2017-02-13,de,535336.0,467772.0,423118.3085527142,2898918.162028719,350074.57705509145,266062.2686495781,272376.04824518884,830017.7755270004,431440.582310028,0.0,52892.46594831081,2699701.210695638,99773.98504165222,378739.2506599426,205969.7088468033,654539.7870349884,149814.71143653104,0.0,0.0,1418346.0,32264.48583984375,0.0,0.0,0.0,0.0,0.0,0.0,0.0,0.0,0.0,0.0,396.0,291.0,1.0,12329.0,71.339273752454,0.0,0.0,1.0,0.0,0.0,0.0,0.0,0.0,0.0,0.0,0.0,0.0,0.0,0.0,0.0,0.0,0.0,0.0,255841.0,16016.0,1663.0,56430.0,112011.0,3807.0,19382.0,5221.0,8389.0,26401.0,30156.0,4241431.119663866,32264.48583984375,0.0,32264.48583984375,59.0,7,0.7485107481711011,0.6631226582407953,2017.0,11142448.300641391,32821.88982327319,16.22627263370422,10.398881411446496,10.398881411446496,13.190651734112347
2017-02-20,de,524655.0,478846.0,412488.70023155905,2852559.9782832963,444001.6639386356,260744.17548704147,275245.8650149846,788882.3337039948,365733.17638203135,0.0,45612.90854935125,2731288.621949695,145604.08553483518,365520.707698822,206850.87309998996,583535.1740260124,133582.46999645323,0.0,0.0,4495905.0,101776.8291015625,0.0,0.0,0.0,0.0,0.0,0.0,0.0,0.0,0.0,0.0,406.0,276.0,1.0,3451.0,9.30322418669252,0.0,0.0,0.0,1.0,0.0,0.0,0.0,0.0,0.0,0.0,0.0,0.0,0.0,0.0,0.0,0.0,0.0,0.0,253354.0,15553.0,1684.0,54811.0,110790.0,4592.0,18942.0,4696.0,8601.0,22027.0,29598.0,4211994.840855159,101776.8291015625,0.0,101776.8291015625,60.0,8,0.8229838658936565,0.5680647467311558,2017.0,10835263.73255504,121135.53745346813,16.19831662574641,11.704673597110654,11.704673597110654,13.170498088716224
2017-02-27,de,553244.0,470253.0,411133.90110437624,2909292.901308412,508467.85442302754,270434.1691412926,258759.84426235617,1095960.8792552948,364736.2463640955,0.0,46395.98497826785,2981139.6498639574,182777.63308168852,388309.1448059082,194002.39182806204,750757.9477384089,140788.19225790174,0.0,0.0,4670338.0,106494.98828125,0.0,0.0,0.0,0.0,0.0,0.0,0.0,0.0,0.0,0.0,313.0,215.0,1.0,77415.0,385.97959517646257,0.0,0.0,0.0,0.0,0.0,0.0,0.0,0.0,0.0,0.0,0.0,0.0,0.0,0.0,0.0,0.0,0.0,0.0,264373.0,16436.0,1685.0,56166.0,116663.0,5305.0,19723.0,4831.0,8679.0,28840.0,30543.0,4684170.944554195,106494.98828125,0.0,106494.98828125,61.0,9,0.8854560256532099,0.4647231720437686,2017.0,11100518.722551748,179176.31075333088,16.222502487037964,12.09613115740701,12.09613115740701,13.22355622036681
2017-03-06,de,558804.0,487428.0,412286.43577368505,2872018.4649752593,455838.5830368625,269710.53313302994,252890.68699456783,1017677.7269172668,354824.84544737433,0.0,42702.33998073457,3015420.0698984764,166928.072611738,402328.2078380585,192193.58566894772,653064.6696925163,150810.25222342572,0.0,0.0,4723477.0,108015.84765625,0.0,0.0,0.0,0.0,0.0,0.0,0.0,0.0,0.0,0.0,256.0,144.0,1.0,140925.0,631.4039104574344,0.0,0.0,0.0,0.0,0.0,0.0,0.0,0.0,0.0,0.0,0.0,0.0,0.0,0.0,0.0,0.0,0.0,0.0,269260.0,16609.0,1787.0,55979.0,116383.0,5253.0,19850.0,5277.0,8618.0,28515.0,31273.0,4623447.197913897,108015.84765625,0.0,108015.84765625,62.0,10,0.9350162426854148,0.35460488704253557,2017.0,11199370.74992764,215521.63410824852,16.23136824093555,12.280821213675331,12.280821213675331,13.233555854070081
2017-03-13,de,572090.0,520958.0,412631.4888284677,2840064.6372066145,430469.3682816749,272079.48473262787,254473.37887744574,1036048.5662450789,345892.3266211042,0.0,39274.404177092736,2988592.4899635403,156891.4673957074,407582.47758483887,190317.25958485945,682329.4724698067,145565.82043478894,251940.0,3245.0900268554688,4092801.0,87410.07568359375,0.0,0.0,0.0,0.0,0.0,0.0,0.0,0.0,0.0,0.0,281.0,143.0,1.0,131193.0,609.6346891653338,0.0,0.0,0.0,0.0,0.0,0.0,0.0,0.0,0.0,0.0,0.0,0.0,0.0,0.0,0.0,0.0,0.0,0.0,275964.0,20058.0,1641.0,55543.0,118336.0,5048.0,20357.0,4851.0,8638.0,29608.0,32046.0,4610553.3916106345,90655.16571044922,0.0,90655.16571044922,63.0,11,0.970941817426052,0.23931566428755782,2017.0,11249167.538494963,219968.14617539835,16.23580477619406,12.301242570842017,12.301242570842017,13.25705334861741
2017-03-20,de,536839.0,464808.0,364947.89715174155,2715344.8421499403,462839.8332796375,254706.49341869354,215673.6385188877,1000851.9431600572,262281.4680794069,0.0,36691.09434973601,2945576.1431373493,165780.30728422356,381628.8043336868,165594.16557661814,642096.8876168728,117314.16713689207,331499.0,4268.440002441406,0.0,0.0,0.0,0.0,26.71,57961.1,0.0,0.0,0.0,0.0,0.0,0.0,305.0,118.0,1.0,71070.0,296.15447512808606,0.0,0.0,0.0,0.0,0.0,0.0,0.0,0.0,0.0,0.0,0.0,0.0,0.0,0.0,0.0,0.0,0.0,0.0,259131.0,19926.0,1603.0,48143.0,115594.0,4909.0,19059.0,4125.0,7645.0,27451.0,29253.0,4454681.569435379,4268.440002441406,57961.1,62229.540002441405,64.0,12,0.992708874098054,0.120536680255323,2017.0,11125296.428641016,194210.42552417968,16.224732120817944,12.176702666909852,12.176702666909852,13.193455377511743
2017-03-27,de,524209.0,416837.0,352391.93839595636,2579841.733348827,417770.7030093498,237122.5455160141,186432.4719827971,926238.3085298538,256125.6159473972,0.0,38441.11990833527,2763950.5104508325,138542.99644218886,342546.3796272278,138272.27109049674,613221.7056703568,115190.21388317454,140373.0,1807.4900023937225,14.0,0.8866699934005737,0.0,0.0,29.04,64296.96,0.0,0.0,0.0,0.0,0.0,0.0,249.0,90.0,1.0,24526.0,182.01714628317438,0.0,0.0,0.0,0.0,0.0,0.0,0.0,0.0,0.0,0.0,0.0,0.0,0.0,0.0,0.0,0.0,0.0,0.0,250219.0,19234.0,1713.0,47085.0,115657.0,4114.0,18220.0,3945.0,6858.0,28932.0,28232.0,4150165.1970726126,1808.376672387123,64296.96,66105.33667238711,65.0,13,1.0,6.123233995736766e-17,2017.0,10743485.13528134,182631.5919868949,16.1898101879775,12.115231719643523,12.115231719643523,13.169647646377772
2017-04-03,de,540305.0,389371.0,365336.1559424397,2768970.764737869,436606.9761074459,243553.94867515564,191561.57464830176,822625.5356025696,276260.26901459077,0.0,42842.84209683908,2818128.7244068673,125498.45424545399,353007.7512598038,136162.54071773018,625779.9822233915,117005.87919936125,70012.0,488.85545349121094,851079.0,32442.372367739677,0.0,0.0,25.75,61856.67,0.0,0.0,0.0,0.0,0.0,0.0,312.0,70.0,1.0,1263.0,9.112067454437312,0.0,0.0,0.0,0.0,0.0,0.0,0.0,0.0,0.0,0.0,0.0,0.0,0.0,0.0,0.0,0.0,0.0,0.0,258697.0,18935.0,1854.0,47446.0,120023.0,4323.0,18728.0,4456.0,6999.0,28998.0,29846.0,4218426.174149447,32931.22782123089,61856.67,94787.89782123089,66.0,14,0.992708874098054,-0.12053668025532288,2017.0,10586777.836962184,204366.85301336786,16.175116501049907,12.22767685005702,12.22767685005702,13.199890924712196
2017-04-10,de,502991.0,474917.0,348077.04855105217,2703339.1530921324,450851.1161332722,227748.3357977867,194832.3258674997,830808.6798772812,296532.84106389043,0.0,35933.22986970676,2688617.7997669675,124754.72708166984,318302.0085372925,141014.96858623502,644849.3849844933,116625.6650837213,7996095.0,37509.6630859375,3618597.0,88657.041015625,0.0,0.0,33.14,71630.17,0.0,0.0,0.0,0.0,0.0,0.0,225.0,45.0,1.0,17.0,0.118141163305347,0.0,0.0,0.0,0.0,1.0,0.0,0.0,0.0,0.0,0.0,0.0,0.0,0.0,0.0,0.0,0.0,0.0,0.0,244636.0,16022.0,1579.0,42935.0,109410.0,4045.0,16346.0,3984.0,6717.0,28559.0,28758.0,4070097.7839100864,126166.7041015625,71630.17,197796.87410156248,67.0,15,0.9709418174260521,-0.2393156642875575,2017.0,10350924.730372543,319875.0664430994,16.152586516223977,12.675688907393537,12.675688907393537,13.128329544382833
2017-04-17,de,572701.0,529390.0,404514.6830051652,3145469.5519564115,513928.95915288664,279773.4723443985,236925.44095677606,1001406.5621881485,371995.1072856849,0.0,41394.51142654482,3221886.7771740193,140625.46507625273,403437.2510585785,160520.28549113992,752779.4529957772,143267.89404222503,7448698.0,38427.732421875,3794324.0,91403.4560546875,0.0,0.0,36.7,64934.45,0.0,0.0,0.0,0.0,0.0,0.0,360.0,78.0,1.0,574.0,2.685629971197173,0.0,0.0,0.0,0.0,0.0,1.0,0.0,0.0,0.0,0.0,0.0,0.0,0.0,0.0,0.0,0.0,0.0,0.0,274092.0,18376.0,1851.0,50918.0,124649.0,4781.0,19780.0,4704.0,8001.0,32559.0,32990.0,4863911.637264538,129831.1884765625,64934.45,194765.6384765625,68.0,16,0.9350162426854148,-0.3546048870425357,2017.0,11003721.136221888,384981.2184365397,16.21374414954656,12.860952426324204,12.860952426324204,13.25812079060564
2017-04-24,de,517037.0,489684.0,410382.55470000603,2812273.5989072477,455488.8406126199,259426.14666461945,192713.9604172848,907284.9956417084,317890.45020374714,0.0,38426.05646659524,2855908.1554310014,140800.09886655735,383943.9698009491,135476.9921214315,694511.7502140998,124231.59901952883,10177800.0,63977.2421875,5426952.0,132593.880859375,0.0,0.0,29.87,57692.5,0.0,0.0,0.0,0.0,0.0,0.0,300.0,61.0,1.0,10585.0,34.03634162542223,0.0,0.0,0.0,0.0,0.0,0.0,0.0,0.0,0.0,0.0,0.0,0.0,0.0,0.0,0.0,0.0,0.0,0.0,250168.0,15984.0,1536.0,49914.0,104812.0,4654.0,18515.0,4420.0,6707.0,29856.0,30471.0,4373298.621920163,196571.123046875,57692.5,254263.623046875,69.0,17,0.8854560256532099,-0.4647231720437685,2017.0,10896855.21900121,483463.64724642877,16.203984885323127,13.088733472787373,13.088733472787373,13.15587165175662
2017-05-01,de,567298.0,515477.0,437560.92180584656,3016996.1158977053,518547.8047077727,288802.3749103546,239262.17946643615,979946.0083856583,548183.9596992296,0.0,49246.369646773,3006538.459301091,159082.30739007212,440035.716711998,189512.20948186493,736310.9407525063,197963.82736132556,15092137.0,96540.6787109375,7461492.0,186585.12109375,0.0,0.0,46.84,100856.77,0.0,0.0,0.0,0.0,0.0,0.0,306.0,63.0,1.0,41302.0,190.6008880338387,0.0,0.0,0.0,0.0,0.0,0.0,1.0,1.0,0.0,0.0,0.0,0.0,0.0,0.0,0.0,0.0,0.0,0.0,274317.0,18260.0,1697.0,55244.0,115864.0,5123.0,20594.0,4878.0,8495.0,30775.0,32051.0,4778689.83064563,283125.7998046875,100856.77,383982.5698046875,70.0,18,0.8229838658936565,-0.5680647467311557,2017.0,11239146.803158643,672246.5066927747,16.234913581331153,13.418381865225422,13.418381865225422,13.248641780577339
2017-05-08,de,541235.0,453396.0,423719.7088246786,2839834.5285895425,424371.12710829254,271755.9448003769,195342.32826523716,867984.0045213699,462492.79178722407,0.0,51464.78271571812,2936904.2269923952,126353.10573843951,436466.4487695694,151492.57282619431,627015.4364347458,168865.72648871684,22958280.0,134621.61572265625,8048926.0,237800.5634765625,0.0,0.0,43.22,106344.71,0.0,0.0,0.0,0.0,0.0,0.0,186.0,165.0,1.0,368780.0,2899.1779000414103,0.0,0.0,0.0,0.0,0.0,0.0,0.0,0.0,0.0,0.0,0.0,0.0,0.0,0.0,0.0,0.0,0.0,0.0,263061.0,17770.0,1321.0,52931.0,109981.0,4364.0,20042.0,4341.0,7213.0,28379.0,31832.0,4498562.299965779,372422.17919921875,106344.71,478766.8891992188,71.0,19,0.7485107481711013,-0.663122658240795,2017.0,11164610.78940693,880592.1345467845,16.228259672334556,13.6883509759377,13.6883509759377,13.201610691913496
2017-05-15,de,544587.0,427752.0,442597.80493768305,2878782.539884761,426591.402122775,254942.5817475319,193698.63236692944,1105095.1793985367,457173.54717898974,0.0,53730.602699343675,3072494.161926292,124013.49767965291,415155.05820178986,141153.66454923438,755024.7638678551,167291.4929996977,4751500.0,34232.50732421875,388594.0,8213.463569253683,0.0,0.0,48.25,116761.81,0.0,0.0,0.0,0.0,0.0,0.0,166.0,207.0,1.0,486598.0,4489.267895767032,0.0,0.0,0.0,0.0,0.0,0.0,0.0,0.0,0.0,0.0,0.0,0.0,0.0,0.0,0.0,0.0,0.0,0.0,263289.0,17980.0,1282.0,53896.0,110265.0,4191.0,18594.0,4496.0,7508.0,31806.0,31280.0,4728863.241923865,42445.97089347243,116761.81,159207.78089347243,72.0,20,0.6631226582407952,-0.7485107481711012,2017.0,11352808.171178734,686517.8443109356,16.24497577533622,13.439388953647269,13.439388953647269,13.207784824458283
2017-05-22,de,523488.0,476155.0,415349.3374708785,2888250.096181149,421252.531496665,248375.37350320816,191673.68929600518,1157000.1716852188,439776.93977141473,0.0,36206.345187679886,2884915.949669924,102871.75133082642,407044.8740005493,140440.77344062374,717240.9890141487,156172.81729471224,1237263.0,17822.27392578125,76.0,3.278409957885742,0.0,0.0,62.15,148442.4,0.0,0.0,0.0,0.0,0.0,0.0,276.0,261.0,1.0,956185.0,7945.186372553251,0.0,0.0,0.0,0.0,0.0,0.0,0.0,0.0,1.0,0.0,0.0,0.0,0.0,0.0,0.0,0.0,0.0,0.0,257264.0,15018.0,1312.0,48658.0,105928.0,3657.0,17320.0,4259.0,7210.0,31929.0,30933.0,4444893.499938464,17825.552335739136,148442.4,166267.95233573913,73.0,21,0.5680647467311558,-0.8229838658936564,2017.0,11186871.563969241,577068.3431106972,16.230251556324948,13.265717716970737,13.265717716970737,13.168271296655536
2017-05-29,de,560883.0,495722.0,450381.44722076337,3112310.9544839766,477170.90160156396,283544.1539964676,201400.08852844697,1300610.6833257675,472408.2417723958,0.0,41638.108619282466,3069700.7294735718,122412.78654473073,469809.7601699829,152334.8817094976,778079.2571277618,160846.2984510712,2704175.0,25059.612060546875,2118292.0,64385.76056045294,0.0,0.0,64.11,132427.88,0.0,0.0,0.0,0.0,0.0,0.0,412.0,306.0,1.0,253554.0,1940.9768603942525,0.0,0.0,0.0,0.0,0.0,0.0,0.0,0.0,0.0,0.0,1.0,1.0,0.0,0.0,0.0,0.0,0.0,0.0,273719.0,16269.0,1386.0,52532.0,112740.0,4326.0,19888.0,4659.0,7405.0,34531.0,33428.0,4794821.822095899,89445.37262099981,132427.88,221873.25262099982,74.0,22,0.4647231720437687,-0.8854560256532098,2017.0,11436091.399508242,566522.185789549,16.25228491209686,13.247273286749556,13.247273286749556,13.237269389505682
2017-06-05,de,601185.0,409904.0,470095.42633350106,3381154.025083262,447950.1909045695,310318.4540059468,216880.18888127658,1426365.6429691315,525260.1092537896,0.0,42881.46635915128,3300856.9377029883,116473.10922111645,504797.5677252282,159046.1976059602,781457.1806297302,171365.49003045587,10684002.0,67879.6611328125,5795922.0,137730.291015625,0.0,0.0,60.41,97775.41,0.0,0.0,0.0,0.0,0.0,0.0,436.0,363.0,1.0,10425650.0,83776.55615821805,0.0,0.0,0.0,0.0,0.0,0.0,0.0,0.0,0.0,1.0,0.0,0.0,0.0,0.0,0.0,0.0,0.0,0.0,292379.0,17346.0,1395.0,56692.0,121859.0,4533.0,21362.0,5289.0,8252.0,37154.0,34924.0,5076877.94927463,205609.9521484375,97775.41,303385.36214843753,75.0,23,0.35460488704253584,-0.9350162426854147,2017.0,11870170.775385376,639976.4456772573,16.289539237869967,13.369188213585586,13.369188213585586,13.306659649830001
2017-06-12,de,565917.0,516540.0,440113.0318709608,3238677.882891524,375808.5201526763,292217.12102829263,209296.98771059283,1476424.8873062136,544775.3187196967,0.0,39101.41409683123,3190440.6619541524,105418.31737595932,466095.9108189254,171452.046148919,860337.4235949516,174898.10449970906,11305276.0,77942.763671875,6093163.0,149929.478515625,0.0,0.0,65.22,111285.92,0.0,0.0,0.0,0.0,0.0,0.0,558.0,373.0,1.0,24073406.0,138304.89127731702,0.0,0.0,0.0,0.0,0.0,0.0,0.0,0.0,0.0,0.0,0.0,0.0,0.0,0.0,0.0,0.0,0.0,0.0,275308.0,16691.0,1492.0,50726.0,112904.0,3800.0,20143.0,5124.0,7876.0,37722.0,34131.0,5007743.878489448,227872.2421875,111285.92,339158.1621875,76.0,24,0.23931566428755768,-0.970941817426052,2017.0,12048151.305635314,719872.7147674998,16.304421870511906,13.486831079452283,13.486831079452283,13.246204470364644
2017-06-19,de,558362.0,364960.0,426563.4011443766,3178585.427289796,366962.14649114804,287209.1641045629,222444.73374791554,1379925.1097736359,477669.66073503206,0.0,34431.33399606782,3153087.6209696652,97883.10340935519,444699.3515080073,191995.4061517252,793559.5045909882,161354.50093987084,10855979.0,79284.80078125,6069230.0,168393.69140625,0.0,0.0,60.48,106730.45,0.0,0.0,0.0,0.0,0.0,0.0,549.0,262.0,1.0,24887345.0,133351.8583875123,0.0,0.0,0.0,0.0,0.0,0.0,0.0,0.0,0.0,0.0,0.0,0.0,0.0,0.0,0.0,0.0,0.0,0.0,275419.0,17173.0,1505.0,48988.0,107621.0,3877.0,20597.0,4599.0,8321.0,36014.0,34248.0,4877010.82156568,247678.4921875,106730.45,354408.9421875,77.0,25,0.12053668025532308,-0.992708874098054,2017.0,12032446.981565319,782061.9185531249,16.30311755698906,13.569690474798668,13.569690474798668,13.232764567489975
2017-06-26,de,600805.0,491088.0,496267.848355257,3500390.4469742402,409912.5703314959,313741.56848426606,250424.30626284046,1683800.0453033447,571802.0231743851,0.0,38097.87850207836,3427927.303666505,114349.05133521427,477090.0266855952,200996.27096883906,931116.0875663757,195210.15500939556,4151553.0,38678.99169921875,3583968.0,102828.4930562377,0.0,0.0,72.17,97436.68,0.0,0.0,0.0,0.0,0.0,0.0,559.0,291.0,1.0,14204975.0,71374.82295877318,0.0,0.0,0.0,0.0,0.0,0.0,0.0,0.0,0.0,0.0,0.0,0.0,0.0,0.0,0.0,0.0,0.0,0.0,289595.0,18360.0,1740.0,56569.0,118405.0,4326.0,21884.0,5706.0,9205.0,40124.0,34890.0,5384786.773734003,141507.48475545645,97436.68,238944.16475545644,78.0,26,1.2246467991473532e-16,-1.0,2017.0,12523991.323687296,701731.8832076807,16.34315674850005,13.461308102345146,13.461308102345146,13.306027366066616
2017-07-03,de,588092.0,548352.0,435119.12316021684,3382180.78322019,415327.72529823147,306777.92103609827,204707.3899444059,1578846.9882264137,578287.284379732,0.0,33152.13178177052,3326040.4276431273,112947.46071899304,453133.22662112775,147497.57907430956,793273.0690288246,196710.71035226432,1373376.0,19505.380126953125,19.0,0.5955300033092499,0.0,0.0,58.32,72588.19,0.0,0.0,0.0,0.0,0.0,0.0,546.0,385.0,1.0,2752526.0,9269.18110472777,0.0,0.0,0.0,0.0,0.0,0.0,0.0,0.0,0.0,0.0,0.0,0.0,1.0,0.0,0.0,0.0,0.0,0.0,289203.0,18631.0,1624.0,48768.0,115912.0,4533.0,21624.0,5945.0,7832.0,37972.0,36048.0,5062754.605220417,19505.975656956434,72588.19,92094.16565695644,79.0,27,-0.12053668025532327,-0.992708874098054,2017.0,12501590.827272601,505091.85030787246,16.341366540346502,13.132497553352739,13.132497553352739,13.28464037763958
2017-07-10,de,629292.0,554469.0,462000.9199451119,3715112.5619088593,425284.76434622135,336450.3720996099,223034.21344181517,1642959.6286239624,681672.4973504433,0.0,35589.78495344266,3630993.3841590257,101583.09468886897,502212.9595195153,156528.55540887485,820819.8986182213,209004.47091146995,1293646.0,17977.230346679688,222311.0,3147.3703076951206,0.0,0.0,69.32,108370.01,0.0,0.0,0.0,0.0,0.0,0.0,548.0,379.0,1.0,3254850.0,8921.146712820862,0.0,0.0,0.0,0.0,0.0,0.0,0.0,0.0,0.0,0.0,0.0,0.0,0.0,0.0,0.0,0.0,0.0,0.0,308864.0,19435.0,1734.0,50246.0,125780.0,4574.0,23090.0,6531.0,8539.0,41121.0,39378.0,5456732.148259419,21124.600654374808,108370.01,129494.6106543748,80.0,28,-0.23931566428755743,-0.9709418174260521,2017.0,12878259.900993507,429875.64147796656,16.371051246309236,12.971253566227926,12.971253566227926,13.352352245982637
2017-07-17,de,617636.0,594736.0,511933.6400538123,3683901.985776884,531935.7155474538,331076.3455459045,221030.52565358058,1545450.011335373,718376.8155441524,0.0,36600.604118865536,3487856.6453926554,142897.53427962767,466191.09828421683,148259.97514667717,789543.8036005497,221621.70704706985,1225554.0,17010.607788085938,5629697.0,69373.7939453125,0.0,0.0,71.58,98217.45,0.0,0.0,0.0,0.0,0.0,0.0,522.0,149.0,1.0,476464.0,1594.3011817266688,0.0,0.0,0.0,0.0,0.0,0.0,0.0,0.0,0.0,0.0,0.0,0.0,0.0,0.0,0.0,0.0,0.0,0.0,300260.0,18834.0,1640.0,55372.0,122103.0,5324.0,22859.0,7186.0,8105.0,39191.0,36762.0,5292971.367869662,86384.40173339844,98217.45,184601.85173339845,81.0,29,-0.3546048870425356,-0.9350162426854148,2017.0,12945270.16605784,439734.57348987495,16.37624111850016,12.993928855898794,12.993928855898794,13.333656185224637
2017-07-24,de,625611.0,627830.0,531424.7535865785,3526034.216720889,541854.9728472829,359511.3963377193,246798.4698212904,1625045.4471664429,723025.7837034235,0.0,36196.29800466808,3209894.4320522724,150381.833437412,481794.17518703174,161834.6714197256,815873.5804471971,226280.59438302944,160.0,2.119999885559082,4090770.0,45600.670166015625,0.0,0.0,83.38,102181.52,0.0,0.0,0.0,0.0,0.0,0.0,695.0,138.0,1.0,258060.0,1218.6734018767593,0.0,0.0,0.0,0.0,0.0,0.0,0.0,0.0,0.0,0.0,0.0,0.0,0.0,0.0,0.0,0.0,0.0,0.0,305022.0,19418.0,1641.0,56959.0,119117.0,5324.0,23512.0,7416.0,9014.0,40908.0,37280.0,5082255.584931336,45602.790165901184,102181.52,147784.3101659012,82.0,30,-0.46472317204376806,-0.8854560256532101,2017.0,12768883.090070626,407898.4356090834,16.362521838917942,12.918775941654493,12.918775941654493,13.346485649614952
2017-07-31,de,642428.0,622031.0,506287.97974987957,3278646.080856706,497393.5712360093,368081.8476281001,232278.92165649837,1661455.025882721,659557.2643234638,0.0,35957.743499036944,2738595.4112619483,123994.48555694638,479411.8906161872,150805.29273677012,856661.7581276894,212931.15998932332,3.0,0.026000000536441803,4949346.0,53897.89013671875,0.0,0.0,77.73,117384.13,0.0,0.0,0.0,0.0,0.0,0.0,387.0,141.0,1.0,10624.0,102.46995676003822,0.0,0.0,0.0,0.0,0.0,0.0,0.0,0.0,0.0,0.0,0.0,0.0,0.0,0.0,0.0,0.0,0.0,0.0,317645.0,19593.0,1653.0,54691.0,118735.0,4777.0,24520.0,7320.0,8427.0,44853.0,40214.0,4598357.741787901,53897.91613671929,117384.13,171282.0461367193,83.0,31,-0.5680647467311556,-0.8229838658936566,2017.0,12174415.541493788,410925.3984178662,16.314847303114686,12.926169398166499,12.926169398166499,13.373011583808717
2017-08-07,de,655416.0,633235.0,494232.7431359154,3304150.049701105,512899.06566938845,402325.9402047213,244171.19292335858,1553398.9345550537,662103.1711863085,0.0,36922.329704150914,2779138.1159835737,129848.60021280227,488206.5983435405,157271.90549594734,806594.8869652748,213923.7420808455,0.0,0.0,2705153.0,31889.3076171875,0.0,0.0,80.25,125661.5,0.0,0.0,0.0,0.0,0.0,0.0,401.0,253.0,1.0,35300.0,698.4999991171109,0.0,0.0,0.0,0.0,0.0,0.0,0.0,0.0,0.0,0.0,0.0,0.0,0.0,0.0,0.0,0.0,0.0,0.0,328667.0,19481.0,1555.0,52887.0,121254.0,5279.0,25610.0,7256.0,8830.0,43272.0,41325.0,4611906.178786135,31889.3076171875,125661.5,157550.8076171875,84.0,32,-0.6631226582407953,-0.748510748171101,2017.0,11832444.636260279,398409.49191050004,16.286355946309584,12.895238139462535,12.895238139462535,13.393026953268713
2017-08-14,de,633589.0,544859.0,485197.5381725234,3174389.4004255417,539191.5830873341,384642.74652133253,240988.16279637412,1422971.419368744,543568.6882195187,0.0,33473.59429331684,2646296.7176087396,147005.9165520345,448298.1981622857,163060.02132736173,796634.3899517059,178145.52163793403,0.0,0.0,0.0,0.0,0.0,0.0,71.71,116797.42,0.0,0.0,0.0,0.0,0.0,0.0,320.0,242.0,1.0,50398.0,922.4461902991287,0.0,0.0,0.0,0.0,0.0,0.0,0.0,0.0,0.0,0.0,0.0,0.0,0.0,0.0,0.0,0.0,0.0,0.0,316050.0,19313.0,1541.0,54498.0,117145.0,5553.0,24518.0,6117.0,8779.0,41792.0,38283.0,4412914.359533379,0.0,116797.42,116797.42,85.0,33,-0.7485107481711009,-0.6631226582407955,2017.0,11430466.087208798,349890.40584788803,16.251792899958684,12.765378116316176,12.765378116316176,13.35915733652952
2017-08-21,de,618220.0,635040.0,432232.75231247436,3075890.9712055293,545662.6609284758,369880.57821936737,209660.79599283574,1277080.5415267944,497900.8480509021,0.0,29098.927204944495,2496052.297432811,163951.9965229855,407102.8768847309,137815.5628562144,730876.206589222,161332.69108053547,0.0,0.0,0.0,0.0,0.0,0.0,83.81,140410.09,0.0,0.0,0.0,0.0,0.0,0.0,264.0,132.0,1.0,33818.0,539.2439067021855,0.0,0.0,0.0,0.0,0.0,0.0,0.0,0.0,0.0,0.0,0.0,0.0,0.0,0.0,0.0,0.0,0.0,0.0,313387.0,19357.0,1443.0,48823.0,114727.0,5562.0,24303.0,5698.0,7738.0,38442.0,38740.0,4126230.558571444,0.0,140410.09,140410.09,86.0,34,-0.8229838658936564,-0.5680647467311559,2017.0,10894066.470679201,346330.9890864338,16.203728930286346,12.755153100038351,12.755153100038351,13.334601277692329
2017-08-28,de,614058.0,590071.0,442837.06012993795,2888291.857052169,481549.1991398727,362951.9817401405,194136.3387081868,1182975.7895355225,491720.64257016074,0.0,29492.626526034706,2349560.920670228,154643.47973227856,414399.8608781611,122200.61577703674,676065.3041863441,158067.10996487763,0.0,0.0,3747091.0,67131.9501953125,0.0,0.0,86.31,168160.99,0.0,0.0,0.0,0.0,0.0,0.0,302.0,112.0,1.0,20992.0,390.37407632854956,0.0,0.0,0.0,0.0,0.0,0.0,0.0,0.0,0.0,0.0,0.0,1.0,0.0,0.0,0.0,0.0,0.0,0.0,310505.0,18953.0,1490.0,51936.0,112256.0,5426.0,24464.0,5884.0,7427.0,37269.0,38448.0,3904429.917734961,67131.9501953125,168160.99,235292.9401953125,87.0,35,-0.88545602565321,-0.46472317204376834,2017.0,10355834.963752463,441544.70530573203,16.153060779997762,12.998036816444328,12.998036816444328,13.327846293718027
2017-09-04,de,613377.0,557606.0,422910.6046530168,2663494.5867965803,473379.22011958226,365382.3153701551,186524.70845713286,1140790.0879211426,508072.40999807627,0.0,30506.474732823477,2168041.459804394,136875.60228078873,453705.25006331573,113387.52039190258,657417.1498897076,163019.92795490078,2.0,0.01600000075995922,8073561.0,145683.47265625,0.0,0.0,106.1,224489.82,0.0,0.0,0.0,0.0,0.0,0.0,266.0,120.0,1.0,87490.0,1010.154967081984,0.0,0.0,0.0,0.0,0.0,0.0,0.0,0.0,0.0,0.0,0.0,0.0,0.0,1.0,0.0,0.0,0.0,0.0,315700.0,18393.0,1544.0,49631.0,107359.0,5111.0,25126.0,6285.0,6969.0,36310.0,40950.0,3722953.3851178326,145683.48865625076,224489.82,370173.30865625077,88.0,36,-0.9350162426854147,-0.3546048870425359,2017.0,9844802.217130002,632925.1196400014,16.10245428175301,13.35810897968588,13.35810897968588,13.326736664352325
2017-09-11,de,598092.0,484271.0,417117.87051689526,2542552.2879266506,475718.51696574525,354159.61629407876,181956.60380343374,965500.8660755157,473812.2091065946,0.0,28102.96874053398,2096536.785101136,151532.16645541496,407615.2384159108,109588.98137020489,517733.7269444465,149346.63263239304,0.0,0.0,6270497.0,115282.16796875,0.0,0.0,85.38,190675.18,0.0,0.0,0.0,0.0,0.0,0.0,154.0,101.0,1.0,5587406.0,47765.19372237533,0.0,0.0,0.0,0.0,0.0,0.0,0.0,0.0,0.0,0.0,0.0,0.0,0.0,0.0,0.0,0.0,0.0,0.0,312396.0,17905.0,1568.0,48887.0,102339.0,5343.0,24691.0,6403.0,6602.0,30968.0,40991.0,3460456.4996600403,115282.16796875,190675.18,305957.34796875,89.0,37,-0.970941817426052,-0.23931566428755774,2017.0,9278436.235967882,682611.8175147404,16.043203689284727,13.433683092768547,13.433683092768547,13.301501539235685
2017-09-18,de,580799.0,501361.0,448640.7506645374,2446324.2418350587,420458.06690582307,344882.97399065143,162288.5147863294,554449.0366659164,521691.6012262519,0.0,27222.35230039118,2012924.0068061063,136893.34294165537,407371.1266340108,99320.34211481623,289761.6842329502,159036.30348116165,33691.0,423.4000015258789,4570000.0,83911.7724609375,0.0,0.0,78.36,178062.2,0.0,0.0,0.0,0.0,0.0,0.0,143.0,90.0,1.0,12701876.0,121755.50820108847,0.0,0.0,0.0,0.0,0.0,0.0,0.0,0.0,0.0,0.0,0.0,0.0,0.0,0.0,0.0,0.0,0.0,0.0,308413.0,17828.0,1571.0,53410.0,100103.0,5133.0,24975.0,6441.0,6428.0,18880.0,37617.0,3132529.1585110915,84335.17246246338,178062.2,262397.3724624634,90.0,38,-0.992708874098054,-0.12053668025532357,2017.0,8614228.52212642,669482.2540522715,15.968925989484589,13.414261431182577,13.414261431182577,13.272161742492724
2017-09-25,de,567142.0,536435.0,482488.8363153607,2561808.0426124022,459048.2756684602,343955.90701128327,160474.05172922343,40324.523100852966,518728.56872304797,0.0,29905.353828469553,2171320.214996635,133543.66002466896,394824.9422317577,99039.07070013194,16378.39697265625,150650.00752197692,97529.0,1223.1300048828125,0.0,0.0,0.0,0.0,65.72,149251.32,0.0,0.0,0.0,0.0,0.0,0.0,147.0,59.0,1.0,14242766.0,123592.6181145365,0.0,0.0,0.0,0.0,0.0,0.0,0.0,0.0,0.0,0.0,0.0,0.0,0.0,0.0,0.0,0.0,0.0,0.0,304589.0,17877.0,1919.0,57427.0,104902.0,5020.0,25021.0,6535.0,6435.0,1596.0,35823.0,2995661.6462762966,1223.1300048828125,149251.32,150474.45000488282,91.0,39,-1.0,-1.8369701987210297e-16,2017.0,8086964.0071838405,549286.9217842061,15.905764065023197,13.216378030711404,13.216378030711404,13.248366755497196
2017-10-02,de,573875.0,588121.0,475456.82140658796,2734051.8826535824,545816.1315050743,359694.5439865805,176069.64802205935,37229.769971847534,549159.0210108098,0.0,33688.85148255717,2320143.8240496963,150718.06166123794,457835.6034011586,113491.19196602862,14255.958030462265,146576.21360712158,98761.0,1237.0,0.0,0.0,0.0,0.0,67.77,142271.89,0.0,0.0,0.0,0.0,0.0,0.0,147.0,48.0,1.0,6872406.0,60054.670578999634,0.0,0.0,0.0,0.0,0.0,0.0,0.0,0.0,0.0,0.0,0.0,0.0,0.0,0.0,1.0,0.0,0.0,0.0,305002.0,18359.0,1689.0,58175.0,107404.0,5363.0,25796.0,6383.0,6813.0,1381.0,37511.0,3236709.7041982627,1237.0,142271.89,143508.89,92.0,40,-0.992708874098054,0.1205366802553232,2017.0,8011425.794424687,470434.7944976561,15.896379429826654,13.06141476641659,13.06141476641659,13.260168624089756
2017-10-09,de,549648.0,500046.0,447023.46850773774,2541432.2185739907,474262.8571473739,344017.3953936118,144837.25718099443,35549.79199028015,479455.9598879482,0.0,64128.04268296761,2314240.9809504254,134475.49019584287,423704.2840212415,90623.736629853,13403.52294421196,132248.8424780402,86220.0,1078.3600158691406,5424624.0,92681.33184814453,0.0,0.0,60.16,143951.13,0.0,0.0,0.0,0.0,0.0,0.0,235.0,54.0,1.0,289670.0,3608.1423255187806,0.0,0.0,0.0,0.0,0.0,0.0,0.0,0.0,0.0,0.0,0.0,0.0,0.0,0.0,0.0,0.0,0.0,0.0,293500.0,17758.0,1535.0,54907.0,101138.0,4758.0,25244.0,5835.0,5773.0,1279.0,37921.0,3172824.8999025826,93759.69186401367,143951.13,237710.82186401368,93.0,41,-0.9709418174260521,0.23931566428755738,2017.0,7905560.360908374,518009.9504087001,15.883077039502021,13.157751660803314,13.157751660803314,13.217035171665776
2017-10-16,de,564973.0,514178.0,473997.0189547192,2623627.7162246425,446102.2583938904,350494.8110528005,151934.74266639457,32712.920068740845,542251.3102103461,0.0,33797.872973936275,2249400.7132039447,122025.14233427247,415703.8277521371,97232.16129408957,11450.408996909857,143059.31750630526,110.0,1.5499999523162842,2764080.0,47434.8974609375,0.0,0.0,59.1,139657.05,0.0,0.0,0.0,0.0,0.0,0.0,207.0,40.0,1.0,917630.0,8571.972779220237,0.0,0.0,0.0,0.0,0.0,0.0,0.0,0.0,0.0,0.0,0.0,0.0,0.0,0.0,0.0,0.0,0.0,0.0,301694.0,17427.0,1462.0,58561.0,103906.0,4610.0,25780.0,6193.0,6121.0,1272.0,37947.0,3072669.444061595,47436.447460889816,139657.05,187093.4974608898,94.0,42,-0.9350162426854148,0.35460488704253557,2017.0,7746700.831947965,495541.11736885546,15.862777740677657,13.113407628875235,13.113407628875235,13.244534991370616
2017-10-23,de,561553.0,543736.0,447848.3069170508,2643163.282536081,406950.1512908184,351832.1108403137,166635.47647716122,29596.30212497711,580830.6449920656,0.0,27621.6352221655,2197001.159584515,108671.59419507418,401501.5331059192,108949.3491496981,11590.427020668983,145132.14807731073,0.0,0.0,397398.0,6748.4500732421875,0.0,0.0,61.54,147372.6,0.0,0.0,0.0,0.0,0.0,0.0,99.0,31.0,1.0,903912.0,7919.573313608319,0.0,0.0,0.0,0.0,0.0,0.0,0.0,0.0,0.0,0.0,0.0,0.0,0.0,0.0,0.0,0.0,0.0,0.0,302347.0,18199.0,1487.0,54420.0,103017.0,4284.0,25801.0,6536.0,6316.0,1303.0,37844.0,3000467.8463553516,6748.4500732421875,147372.6,154121.0500732422,95.0,43,-0.8854560256532101,0.464723172043768,2017.0,7582908.915917067,447493.7026241646,15.841407577870594,13.011419978915617,13.011419978915617,13.238463219507118
2017-10-30,de,515218.0,515175.0,415187.77808888827,2399080.1762138912,423390.3027712877,316389.43889739574,169636.2489059947,30674.341027259827,535838.3834869156,0.0,23495.333775270617,1921485.6962073233,110169.34481016462,335838.9199458594,109328.35956690887,13532.51799479127,132687.07376308047,450782.0,6396.597930908203,1838283.0,35486.267822265625,0.0,0.0,67.32,127244.98,0.0,0.0,0.0,0.0,0.0,0.0,101.0,19.0,1.0,272494.0,2868.256773207482,0.0,0.0,0.0,0.0,0.0,0.0,0.0,0.0,0.0,0.0,0.0,0.0,0.0,0.0,0.0,0.0,0.0,0.0,278678.0,16423.0,1505.0,52606.0,91821.0,4187.0,22431.0,5825.0,6591.0,1367.0,33784.0,2646537.2460633987,41882.86575317383,127244.98,169127.8457531738,96.0,44,-0.8229838658936566,0.5680647467311556,2017.0,7133751.274884658,431406.5772077528,15.780347919723441,12.974808577010466,12.974808577010466,13.152347331974259
2017-11-06,de,525947.0,482540.0,417877.53769065003,2368341.2082880717,383504.5219889253,313924.0441683101,161793.1339394931,23861.311098098755,478210.99617984786,0.0,24940.91377519582,1894761.9204437733,113493.44176237301,341834.334620442,105329.30592261865,10344.774001151323,124588.96158635354,659024.0,9182.010009765625,0.0,0.0,0.0,0.0,56.31,120668.26,0.0,0.0,0.0,0.0,0.0,0.0,70.0,13.0,1.0,12286.0,177.57493517793756,0.0,0.0,0.0,0.0,0.0,0.0,0.0,0.0,0.0,0.0,0.0,0.0,0.0,0.0,0.0,0.0,0.0,0.0,282898.0,16693.0,1563.0,56007.0,89852.0,4274.0,24058.0,5941.0,6302.0,1127.0,37233.0,2615293.6521119075,9182.010009765625,120668.26,129850.27000976562,97.0,45,-0.7485107481711011,0.6631226582407952,2017.0,6837422.036001372,383555.3077647584,15.737921469488345,12.857241714995293,12.857241714995293,13.172957627517354
2017-11-13,de,507178.0,456948.0,408346.3070868065,2380411.441535308,394363.8826972737,292165.9644718705,155191.11906788903,25437.370009422302,410856.5444043357,0.0,25117.462787052053,1843006.48400266,114869.92218987648,313009.9348650689,98927.86169555316,11927.590008586645,103792.05778550901,651212.0,9149.639892578125,0.0,0.0,0.0,0.0,59.67,137575.62,0.0,0.0,0.0,0.0,0.0,0.0,36.0,9.02,1.0,12652.0,248.63530246864445,0.0,0.0,0.0,0.0,0.0,0.0,0.0,0.0,0.0,0.0,0.0,0.0,0.0,0.0,0.0,0.0,0.0,0.0,273232.0,15609.0,1476.0,53600.0,87785.0,3961.0,22969.0,4776.0,6003.0,1173.0,36597.0,2510651.3133343062,9149.639892578125,137575.62,146725.25989257812,98.0,46,-0.6631226582407955,0.7485107481711007,2017.0,6560490.073984111,372451.1762999741,15.69657601695753,12.827863922787712,12.827863922787712,13.136619277462504
2017-11-20,de,484308.0,436061.0,395474.65827605344,2336942.26956989,336045.4031386076,278961.12951992906,144333.04389049907,24581.57195663452,409183.4472466342,0.0,26034.20995723304,1792569.2615875346,94833.00565559464,285708.2728072354,90464.38749037197,10274.897985756397,105141.88489339003,608218.0,8624.298095703125,0.0,0.0,0.0,0.0,60.69,155804.88,0.0,0.0,0.0,0.0,0.0,0.0,30.0,12.0,1.0,9304.0,220.91700926752918,0.0,0.0,0.0,0.0,0.0,0.0,0.0,0.0,0.0,0.0,0.0,0.0,0.0,0.0,0.0,1.0,0.0,0.0,260178.0,14982.0,1421.0,52361.0,84116.0,3279.0,21699.0,5000.0,5667.0,1072.0,34539.0,2405025.9203771157,8624.298095703125,155804.88,164429.17809570313,99.0,47,-0.5680647467311559,0.8229838658936564,2017.0,6291004.3524508625,385372.4909374935,15.654631449362624,12.86196824935203,12.86196824935203,13.090478411741259
2017-11-27,de,454500.0,407776.0,363940.888000977,2202397.5036038347,304801.66887458495,249408.4962962377,122255.98386664811,22597.600008010864,399764.88758960075,0.0,24545.611595212136,1761908.809958827,92059.44413395917,279066.68923311314,77129.24090075518,9798.910978898406,109085.26955714272,2546839.0,14251.369873046875,604812.0,8835.479035539553,0.0,0.0,59.78,148554.69,0.0,0.0,0.0,0.0,0.0,0.0,23.0,7.0,1.0,60656.0,536.1158202562353,0.0,0.0,0.0,0.0,0.0,0.0,0.0,0.0,0.0,0.0,0.0,0.0,0.0,0.0,0.0,0.0,0.0,0.0,247571.0,13482.0,1376.0,46934.0,79471.0,3033.0,19707.0,4994.0,4838.0,1007.0,32095.0,2353593.976357908,23086.848908586428,148554.69,171641.53890858643,100.0,48,-0.4647231720437684,0.88545602565321,2017.0,6073832.293763159,400454.63519322017,15.61950047833749,12.900358265804696,12.900358265804696,13.026955392817271
2017-12-04,de,444070.0,387906.0,339718.12175844505,2192719.487160478,282041.65347977704,240801.41902357186,120588.65568795872,23200.699995040894,339887.7675466051,0.0,21169.98126910319,1776496.1024310833,79055.55439634837,308730.4464923384,75892.08059282441,10902.116952933371,92877.72356153402,3576880.0,18189.11181640625,1187173.0,14786.332641601562,0.0,0.0,49.47,109698.8,0.0,0.0,0.0,0.0,0.0,0.0,0.0,1.0,1.0,15802.0,265.0579013601322,0.0,0.0,0.0,0.0,0.0,0.0,0.0,0.0,0.0,0.0,0.0,0.0,0.0,0.0,0.0,0.0,0.0,0.0,242858.0,12788.0,1513.0,43237.0,80149.0,2915.0,19125.0,4224.0,4977.0,966.0,31329.0,2365124.005696165,32975.44445800781,109698.8,142674.2444580078,101.0,49,-0.35460488704253595,0.9350162426854147,2017.0,5956132.107283312,378954.3965761804,15.599932020972062,12.8451737900048,12.8451737900048,13.003739738540045
2017-12-11,de,435157.0,372455.0,348789.9026195931,2206906.059333209,256758.03178949913,239815.39711639177,109451.88763065594,24255.876985549927,382050.6826612484,0.0,20325.50184557645,1802526.223302809,71369.03809243558,291298.4385171549,68495.50851084555,11606.012008979917,107151.84294011936,4783528.0,24520.214599609375,2222040.0,31797.62158203125,0.0,0.0,50.79,121109.48,0.0,0.0,0.0,0.0,0.0,0.0,0.0,2.0,1.0,389682.0,6628.674543776117,0.0,0.0,0.0,0.0,0.0,0.0,0.0,0.0,0.0,0.0,0.0,0.0,0.0,0.0,0.0,0.0,0.0,0.0,236828.0,12465.0,1436.0,43738.0,78035.0,2820.0,18630.0,5225.0,4686.0,1013.0,30303.0,2372772.565217921,56317.836181640625,121109.48,177427.3161816406,102.0,50,-0.2393156642875578,0.970941817426052,2017.0,5894842.781978338,401657.50180903607,15.589588591513982,12.903357508585794,12.903357508585794,12.983464462513794
2017-12-18,de,380200.0,397155.0,310367.8015437432,1965999.1720147578,243952.81325850805,208086.61041063338,99984.93479374642,126677.32405567169,302990.0501986075,0.0,17659.942521757723,1632666.3019261544,69566.60010621295,243077.36175861018,61954.52603727626,77507.3083936125,93265.29749943478,8139663.0,37286.078369140625,1973639.0,29588.6669921875,0.0,0.0,51.71,105920.53,0.0,0.0,0.0,0.0,0.0,0.0,143.0,0.0,1.0,262778.0,4348.811607503223,0.0,0.0,0.0,0.0,0.0,0.0,0.0,0.0,0.0,0.0,0.0,0.0,0.0,0.0,0.0,0.0,0.0,0.0,205440.0,11538.0,1236.0,37495.0,66510.0,2619.0,15650.0,4819.0,4153.0,4588.0,26198.0,2195697.338243059,66874.74536132812,105920.53,172795.27536132812,103.0,51,-0.12053668025532363,0.992708874098054,2017.0,5682206.669407822,411201.1346303516,15.552850389374605,12.92684018433129,12.92684018433129,12.848455339227641
2017-12-25,de,485226.0,512711.0,441000.9476124216,2998289.016691864,371458.5932096922,280289.61912253883,178763.14624319528,786102.8709745407,492449.66696354613,0.0,24849.811249644128,2479907.184885093,92322.12423204034,289151.630100245,104480.10903945903,494756.08724832535,136728.04163694807,7881248.0,40531.93359375,1471773.0,22588.38134765625,0.0,0.0,82.15,148796.0,0.0,0.0,0.0,0.0,0.0,0.0,759.0,137.0,1.0,87088.0,1065.0244551139497,0.0,0.0,0.0,0.0,0.0,0.0,0.0,0.0,0.0,0.0,0.0,0.0,0.0,0.0,0.0,0.0,1.0,1.0,244120.0,14870.0,1579.0,46397.0,90281.0,3417.0,17193.0,5846.0,6112.0,25875.0,29547.0,3622194.9883917547,63120.31494140625,148796.0,211916.31494140625,104.0,52,-2.4492935982947064e-16,1.0,2017.0,6987067.327005608,455796.2973618916,15.759571616648874,13.029803466337555,13.029803466337555,13.092372101659599
2018-01-01,de,709798.0,600899.0,596303.6887993454,3939033.5510438476,630183.1717165152,389807.06698474253,253277.39527793965,996513.09694767,641961.5638580333,0.0,36196.59339974391,3540128.305883592,182274.52641815602,411659.61838174186,137661.6449148928,624194.5218740106,171631.8951518312,6040717.0,32768.06396484375,634619.0,7024.367370605469,0.0,0.0,44.7705,59059.63,0.0,0.0,0.0,0.0,0.0,0.0,949.0,215.3,1.0,63838.0,719.9864407434949,1.0,0.0,0.0,0.0,0.0,0.0,0.0,0.0,0.0,0.0,0.0,0.0,0.0,0.0,0.0,0.0,0.0,0.0,353592.0,20576.0,1882.0,73482.0,130592.0,6025.0,27302.0,6991.0,8700.0,35012.0,45677.0,5103747.106023968,39792.43133544922,59059.63,98852.06133544922,105.0,1,0.12053668025532306,0.992708874098054,2018.0,9252060.611599477,370148.85384145693,16.04035696158491,12.821663213008156,12.821663213008156,13.472737110345978
2018-01-08,de,738313.0,622310.0,614296.8874296101,3775838.828153806,621312.5084529719,396344.52655030997,243871.60512351728,930902.6602830887,741356.0987922419,0.0,36958.85876312419,3681017.190419489,190357.47782320023,452579.3726774396,141170.36838746277,571607.2742903233,198778.3738185329,5654108.0,28602.962158203125,610864.0,6704.707580566406,0.0,0.0,43.5148,55785.27,0.0,0.0,0.0,0.0,0.0,0.0,808.4,278.7,1.0,74586.0,812.9103093738843,0.0,0.0,0.0,0.0,0.0,0.0,0.0,0.0,0.0,0.0,0.0,0.0,0.0,0.0,0.0,0.0,0.0,0.0,366405.0,22193.0,1875.0,78582.0,130826.0,6386.0,30508.0,8222.0,8883.0,33515.0,51079.0,5272468.916179572,35307.66973876953,55785.27,91092.93973876952,106.0,2,0.23931566428755777,0.970941817426052,2018.0,10781535.981976284,310717.83110244636,16.19334569045973,12.646643702178068,12.646643702178068,13.512124487348848
2018-01-15,de,716162.0,593853.0,595792.4569210964,3733247.476809574,615870.0930997177,385548.6850031178,232763.84351082632,812981.6587057114,727101.0919697944,0.0,37444.252957529425,3860353.2531507444,196213.84689463052,458508.7326031318,135080.46268603142,490204.05848884577,201772.57219645302,6558201.0,38481.134033203125,714523.0,6795.027526855469,0.0,0.0,43.8425,59779.87,0.0,0.0,0.0,0.0,0.0,0.0,602.4,241.7,1.0,113870.0,1247.8621308279924,0.0,1.0,0.0,0.0,0.0,0.0,0.0,0.0,0.0,0.0,0.0,0.0,0.0,0.0,0.0,0.0,0.0,0.0,360962.0,20254.0,1725.0,75730.0,124788.0,6099.0,30311.0,8072.0,8762.0,29587.0,50059.0,5379577.178977367,45276.161560058594,59779.87,105056.03156005859,107.0,3,0.3546048870425356,0.9350162426854148,2018.0,11808103.568000335,288724.9514375625,16.284296681474263,12.573233252285029,12.573233252285029,13.481663073664912
2018-01-22,de,691435.0,572468.0,586318.2096892205,3701921.177004848,601286.3628268138,380709.32978879206,223347.7908763504,849241.7494564056,658367.2448451471,0.0,43612.51913354777,3864454.332359529,169335.08981610154,462007.52220792335,131678.99897682108,525236.4464020729,190700.70844427572,10936946.0,47907.056640625,2733236.0,38836.5947265625,0.0,0.0,51.8233,70835.68,0.0,0.0,0.0,0.0,0.0,0.0,610.4,282.7,1.0,112535.0,1414.7624675080654,0.0,0.0,0.0,0.0,0.0,0.0,0.0,0.0,0.0,0.0,0.0,0.0,0.0,0.0,0.0,0.0,0.0,0.0,349149.0,19598.0,1723.0,72714.0,120568.0,5579.0,28625.0,7698.0,8476.0,30120.0,47534.0,5387025.617340271,86743.6513671875,70835.68,157579.3313671875,108.0,4,0.46472317204376856,0.8854560256532099,2018.0,12432356.417138528,327931.3834795701,16.33581310094613,12.700562718186736,12.700562718186736,13.44652587338144
2018-01-29,de,686802.0,565320.0,577523.1859356988,3227764.1340183113,538021.1324078589,389334.53641647456,221324.6481401155,810961.65558815,631343.517829838,0.0,46710.204125114666,3315349.8714650413,155656.05468989618,478532.72001158586,133001.08288067213,497799.4677000045,183313.11601922207,6926076.0,30195.363647460938,2984265.0,49694.953125,0.0,0.0,58.8426,93813.27,0.0,0.0,0.0,0.0,0.0,0.0,551.3,249.0,1.0,211373.0,2556.3956120138837,0.0,0.0,0.0,0.0,0.0,0.0,0.0,0.0,0.0,0.0,0.0,0.0,0.0,0.0,0.0,0.0,0.0,0.0,350127.0,18819.0,1815.0,71952.0,114199.0,5842.0,30068.0,7580.0,8690.0,29964.0,48213.0,4810362.516891537,79890.31677246094,93813.27,173703.58677246096,109.0,5,0.5680647467311558,0.8229838658936564,2018.0,12230051.365955142,368066.0374224072,16.319406789416668,12.816020367469406,12.816020367469406,13.439802776079784
2018-02-05,de,639436.0,523351.0,529135.2080906343,3106473.056986945,535908.5172003775,371211.2038402778,201181.9446315114,676559.5272092819,533923.2770673602,0.0,61978.722310221,3218583.396249766,170091.41820794257,464677.80918721715,121229.06782852612,413236.292804718,149838.73841929666,8590771.0,43765.84814453125,4760601.0,89028.138671875,0.0,0.0,61.9166,94562.17,0.0,0.0,0.0,0.0,0.0,0.0,534.8,203.9,1.0,147479.0,1069.6279131667445,0.0,0.0,0.0,0.0,0.0,0.0,0.0,0.0,0.0,0.0,0.0,0.0,0.0,0.0,0.0,0.0,0.0,0.0,327315.0,16925.0,1673.0,66092.0,107658.0,5776.0,28733.0,7275.0,8202.0,25963.0,44320.0,4599635.445007687,132793.98681640625,94562.17,227356.15681640623,110.0,6,0.6631226582407952,0.7485107481711011,2018.0,11897812.796931762,445215.68167889316,16.291865226660626,13.006316367759917,13.006316367759917,13.36834338068374
2018-02-12,de,646776.0,481452.0,528212.4919576546,3147179.9590867176,509600.37899908976,373029.0073612771,195567.36314236128,686545.7153739929,526537.2902426614,0.0,56574.9603048268,3167469.137671325,174803.18049719287,457433.0871361344,117317.05662571752,434946.2732040882,148944.58230666196,8711825.0,35869.41796875,4040137.0,70536.4091796875,0.0,0.0,53.1294,95454.28,0.0,0.0,0.0,0.0,0.0,0.0,446.2,207.4,1.0,122771.0,946.3817781307285,0.0,0.0,1.0,0.0,0.0,0.0,0.0,0.0,0.0,0.0,0.0,0.0,0.0,0.0,0.0,0.0,0.0,0.0,332137.0,16438.0,1592.0,66192.0,109027.0,5899.0,29025.0,6794.0,7819.0,26108.0,46269.0,4557488.277745947,106405.8271484375,95454.28,201860.1071484375,111.0,7,0.7485107481711011,0.6631226582407953,2018.0,11659296.6721003,466087.2190635605,16.271614503118823,13.052130206485854,13.052130206485854,13.379756846374411
2018-02-19,de,647490.0,517990.0,529917.6291583623,3229824.0748339337,527597.6138475272,379599.4616494456,191824.22114212002,679584.9759559633,630720.2079774704,0.0,47957.71666891212,3337807.8498847163,186345.2831913742,446352.5006419748,117863.1213914416,425007.895852089,182659.60410928758,5661286.0,25641.47705078125,1081342.0,12948.247909545898,0.0,0.0,50.3498,91135.75,0.0,0.0,0.0,0.0,0.0,0.0,537.0,201.4,1.0,5940.0,145.46847188086926,0.0,0.0,0.0,1.0,0.0,0.0,0.0,0.0,0.0,0.0,0.0,0.0,0.0,0.0,0.0,0.0,0.0,0.0,333938.0,16312.0,1511.0,65947.0,109113.0,5853.0,29548.0,7252.0,7753.0,25891.0,44905.0,4743993.971739795,38589.72496032715,91135.75,129725.47496032715,112.0,8,0.8229838658936565,0.5680647467311558,2018.0,11678733.008423747,405818.42606609716,16.273280139800022,12.913663576263302,12.913663576263302,13.38086017284533
2018-02-26,de,661352.0,496444.0,530310.3828055274,3038821.2308197403,468497.10282585036,385776.5003900257,190407.63688107504,696469.1901750565,592004.0000022977,0.0,47464.498359060526,2792043.4926094804,149995.67987400148,462663.5662346406,111810.1107205849,437592.24218010897,192588.45274653586,5797364.0,25385.348022460938,720541.0,5842.596397399902,0.0,0.0,64.977,124348.97,0.0,0.0,0.0,0.0,0.0,0.0,414.8,170.7,1.0,8828.0,262.65361820059786,0.0,0.0,0.0,0.0,0.0,0.0,0.0,0.0,0.0,0.0,0.0,0.0,0.0,0.0,0.0,0.0,0.0,0.0,345680.0,16003.0,1527.0,67268.0,107034.0,5055.0,30293.0,7369.0,8069.0,27010.0,46600.0,4194158.042724413,31227.94441986084,124348.97,155576.91441986084,113.0,9,0.8854560256532099,0.4647231720437686,2018.0,11115674.494786346,397407.6350209991,16.223866876793945,12.892720337653417,12.892720337653417,13.402043015619908
2018-03-05,de,681513.0,520094.0,539682.3969224951,2849329.7246491453,470838.5158018763,392990.34178572614,193771.05147406153,721943.8717536926,579951.6017947512,0.0,41736.61471243685,2504622.9876543987,134336.79375357679,448448.3498184867,115919.15721040107,461536.79463548964,207400.1226593461,5431983.0,26316.629638671875,3897198.0,54738.3095703125,0.0,0.0,54.4646,119621.58,0.0,0.0,0.0,0.0,0.0,0.0,278.2,149.7,1.0,336854.0,3750.325315148758,0.0,0.0,0.0,0.0,0.0,0.0,0.0,0.0,0.0,0.0,0.0,0.0,0.0,0.0,0.0,0.0,0.0,0.0,353712.0,17866.0,1656.0,69834.0,108510.0,5070.0,31442.0,7796.0,8560.0,29016.0,48149.0,3914000.820444136,81054.93920898438,119621.58,200676.5192089844,114.0,10,0.9350162426854148,0.35460488704253557,2018.0,10494848.285804765,437591.08863086114,16.16639515056251,12.989042450929363,12.989042450929363,13.43207207282775
2018-03-12,de,694060.0,552390.0,558099.4810788296,2863830.927571728,504334.3734926483,405832.75940189126,206885.31171431395,754920.292848587,566225.4165867902,0.0,46272.99701152359,2519160.5946164033,148167.44043239212,470891.2447339352,126717.44617413386,476153.65835835785,182689.5606866132,4748131.0,26781.230224609375,3134784.0,47561.450439453125,0.0,0.0,60.0616,114950.34,0.0,0.0,0.0,0.0,0.0,0.0,283.1,156.2,1.0,1051126.0,8840.72776592975,0.0,0.0,0.0,0.0,0.0,0.0,0.0,0.0,0.0,0.0,0.0,0.0,0.0,0.0,0.0,0.0,0.0,0.0,359475.0,18122.0,1706.0,70799.0,111062.0,5645.0,32009.0,7688.0,8919.0,30553.0,48081.0,3970052.942013359,74342.6806640625,114950.34,189293.0206640625,115.0,11,0.970941817426052,0.23931566428755782,2018.0,10176605.674465766,450083.1359275314,16.13560218095179,13.017189812997875,13.017189812997875,13.450315131879895
2018-03-19,de,663915.0,568870.0,546894.8632661697,2989073.560347499,488081.3616027696,403336.6915513199,193545.17267186375,716488.3430814743,499247.9972014813,0.0,34564.84296839953,2705428.315656719,151810.90397210274,458993.0590806666,116243.52330650324,457918.9364168644,147579.01542272666,8172275.0,36606.181884765625,3490147.0,65082.57421875,0.0,0.0,69.0804,140462.91,0.0,0.0,0.0,0.0,0.0,0.0,185.6,158.6,1.0,1458820.0,11089.043505462223,0.0,0.0,0.0,0.0,0.0,0.0,0.0,0.0,0.0,0.0,0.0,0.0,0.0,0.0,0.0,0.0,0.0,0.0,344072.0,18462.0,1650.0,65734.0,109705.0,5783.0,30803.0,7027.0,8347.0,28565.0,43767.0,4072538.596823982,101688.75610351562,140462.91,242151.66610351563,116.0,12,0.992708874098054,0.120536680255323,2018.0,10088020.657310495,509554.8199976981,16.126859303463455,13.141294684029896,13.141294684029896,13.405910914431912
2018-03-26,de,609202.0,512380.0,488756.56664211967,2842352.239431595,499868.4235044596,373308.5984770652,181582.42192567536,657516.7291851044,458742.8653752876,0.0,33512.36304966208,2489272.0480945082,140814.80211919412,398389.4068230917,108480.80222657102,426537.921048224,126330.33790070175,11622043.0,49908.96337890625,2764224.0,56400.21044921875,0.0,0.0,86.3638,175845.36,0.0,0.0,0.0,0.0,0.0,0.0,201.7,80.6,1.0,4870629.0,33033.43738601318,0.0,0.0,0.0,0.0,1.0,0.0,0.0,0.0,0.0,0.0,0.0,0.0,0.0,0.0,0.0,0.0,0.0,0.0,318786.0,16479.0,1373.0,58182.0,101565.0,5467.0,27383.0,6320.0,7746.0,26216.0,39685.0,3723337.681261953,106309.173828125,175845.36,282154.533828125,117.0,13,1.0,6.123233995736766e-17,2018.0,9695354.457156537,584969.8725907397,16.087157509953418,13.279317334531228,13.279317334531228,13.319906824482155
2018-04-02,de,629444.0,506871.0,486672.312975433,2864046.3015056187,529098.3897607648,373823.43785909127,196498.86447224885,641364.3821864128,508576.59486513666,0.0,37708.38654561661,2445690.094058767,140584.48856057535,412743.6042171319,117008.99972471726,418981.60098088905,124879.7754141298,14384554.0,49782.89599609375,2140756.0,28967.3076171875,0.0,0.0,71.6996,143602.28,0.0,0.0,0.0,0.0,0.0,0.0,186.0,66.2,1.0,7766277.0,59581.492398781906,0.0,0.0,0.0,0.0,0.0,1.0,0.0,0.0,0.0,0.0,0.0,0.0,0.0,0.0,0.0,0.0,0.0,0.0,325041.0,16579.0,1577.0,61578.0,106742.0,5595.0,29145.0,6441.0,8418.0,26988.0,41340.0,3697596.9495018274,78750.20361328125,143602.28,222352.48361328125,118.0,14,0.992708874098054,-0.12053668025532288,2018.0,9437553.41091973,569515.6967808517,16.060207437918265,13.252543379755407,13.252543379755407,13.352593757720168
2018-04-09,de,633753.0,553156.0,502631.718044722,2829664.8140909784,513458.2497536924,332931.35986418853,171721.74736128488,619423.8825702667,499893.9597981393,0.0,42688.2618929602,2488100.5352473357,130887.13988505054,290791.18528390914,103647.98295137612,415859.2488460541,114886.1388321898,10972753.0,33623.3115234375,1639785.0,20202.316162109375,0.0,0.0,60.3987,126171.79,0.0,0.0,0.0,0.0,0.0,0.0,203.4,71.6,1.0,431525.0,2658.561496423232,0.0,0.0,0.0,0.0,0.0,0.0,0.0,0.0,0.0,0.0,0.0,0.0,0.0,0.0,0.0,0.0,0.0,0.0,328057.0,17209.0,1819.0,63103.0,107428.0,5224.0,27838.0,5839.0,7764.0,26824.0,42648.0,3586860.492938876,53825.627685546875,126171.79,179997.41768554685,119.0,15,0.9709418174260521,-0.2393156642875575,2018.0,9172844.237179568,518316.3610967755,16.031758072789405,13.15834299984829,13.15834299984829,13.359416145504692
2018-04-16,de,616342.0,366663.0,492451.12482377025,2774773.994768863,512193.6741890115,340995.6928714962,162098.32193686004,579542.2888901234,489898.52138081234,0.0,41330.84232712737,2407333.116833926,137286.60911229486,340867.0549121747,98179.56049805418,406198.7405433487,115632.99283740668,5585752.0,22971.575317382812,863633.0,10205.64990234375,0.0,0.0,59.069,131313.84,0.0,0.0,0.0,0.0,0.0,0.0,154.3,85.5,1.0,5486995.0,49224.976836176436,0.0,0.0,0.0,0.0,0.0,0.0,0.0,0.0,0.0,0.0,0.0,0.0,0.0,0.0,0.0,0.0,0.0,0.0,319492.0,16693.0,1505.0,61761.0,104617.0,5163.0,27917.0,5788.0,7708.0,24830.0,40867.0,3546828.9170643324,33177.22521972656,131313.84,164491.06521972656,120.0,16,0.9350162426854148,-0.3546048870425357,2018.0,8970854.577583697,473301.9920442822,16.009491611602748,13.06749103753986,13.06749103753986,13.331558905731754
2018-04-23,de,639871.0,453343.0,527795.094800377,3050364.624581539,570779.723885339,371785.0347176724,187169.3028818685,589766.2992866039,585034.7243566234,0.0,35620.34727290947,2678002.2667078534,152972.76325700467,437377.57892539894,116182.1326312193,385864.9795776643,127433.39654617733,2473672.0,16026.339599609375,0.0,0.0,0.0,0.0,74.5612,154494.31,0.0,0.0,0.0,0.0,0.0,0.0,129.9,131.2,1.0,7288148.0,65238.13542104966,0.0,0.0,0.0,0.0,0.0,0.0,0.0,0.0,0.0,0.0,0.0,0.0,0.0,0.0,0.0,0.0,0.0,0.0,328982.0,16926.0,1601.0,62848.0,112357.0,5687.0,29305.0,6689.0,8336.0,24936.0,42204.0,3933453.4649182274,16026.339599609375,154494.31,170520.64959960937,121.0,17,0.8854560256532099,-0.4647231720437685,2018.0,9245520.461917559,451888.75007927645,16.039649825963085,13.021193513308269,13.021193513308269,13.369023435333187
2018-04-30,de,670189.0,523812.0,527310.3983662408,3094527.611463658,631196.7107279688,379715.5437002683,200042.01736878022,691232.8897628784,604732.7818615076,0.0,34964.76482828171,2595985.0885693664,163774.38837260843,483104.7632272311,126483.33420524593,507264.00289058685,131688.1373056849,1679373.0,7516.8853759765625,0.0,0.0,0.0,0.0,76.4629,167627.13,0.0,0.0,0.0,0.0,0.0,0.0,152.3,107.7,1.0,6526494.0,67948.15253021948,0.0,0.0,0.0,0.0,0.0,0.0,1.0,0.0,0.0,0.0,0.0,0.0,0.0,0.0,0.0,0.0,0.0,0.0,344690.0,17896.0,1629.0,64901.0,116815.0,5688.0,30266.0,6953.0,9256.0,28454.0,43641.0,4043264.479399005,7516.8853759765625,167627.13,175144.01537597657,122.0,18,0.8229838658936565,-0.5680647467311557,2018.0,9524836.572529228,442906.6704986652,16.069413426078803,13.001116608566164,13.001116608566164,13.4153165332549
2018-05-07,de,646137.0,456477.0,530940.3582108453,3122585.501029186,572982.7622109202,380750.75633092044,181501.4011726911,673909.7787771225,558098.5933561465,0.0,42313.53728266638,2619877.5950020696,142985.8162665099,501168.57715278707,112053.42527058985,506753.73703002936,126232.67717104165,1676882.0,7456.0450439453125,14531.0,192.75550079345703,0.0,0.0,70.5115,157738.21,0.0,0.0,0.0,0.0,0.0,0.0,152.5,91.6,1.0,7942679.0,83958.18759840263,0.0,0.0,0.0,0.0,0.0,0.0,0.0,1.0,1.0,0.0,0.0,0.0,0.0,0.0,0.0,0.0,0.0,0.0,334468.0,15856.0,1720.0,62631.0,110799.0,5566.0,29564.0,6243.0,8434.0,27035.0,43821.0,4051385.3651756933,7648.8005447387695,157738.21,165387.01054473876,123.0,19,0.7485107481711013,-0.663122658240795,2018.0,9699605.664270705,427951.61698198103,16.08759589257625,12.966767760449327,12.966767760449327,13.378768382241768
2018-05-14,de,654792.0,502773.0,579041.8661261054,3255013.861567799,564431.0124390445,403286.0033466441,198451.41734017813,692408.7557125092,570990.9314007477,0.0,56048.34527040443,2775294.132582625,145476.8823713598,538606.1864335808,120755.75571919112,496090.2365181148,148201.76780991923,2468539.0,13975.896667480469,237078.0,6028.214920043945,0.0,0.0,75.5075,172884.99,0.0,0.0,0.0,0.0,0.0,0.0,342.6,112.2,1.0,8712102.0,91495.59690960715,0.0,0.0,0.0,0.0,0.0,0.0,0.0,0.0,0.0,0.0,0.0,0.0,0.0,0.0,0.0,0.0,0.0,0.0,336084.0,16244.0,1805.0,64900.0,112733.0,5668.0,31189.0,6030.0,8694.0,27179.0,44267.0,4280473.306705195,20004.111587524414,172884.99,192889.1015875244,124.0,20,0.6631226582407952,-0.7485107481711012,2018.0,10031833.695389185,445592.85364857176,16.121274063986743,13.00716317407228,13.00716317407228,13.392074434134864
2018-05-21,de,662916.0,529570.0,587707.4987372753,3401633.6089896336,582308.3452192473,413822.76332511526,222815.53302311664,648231.9507980347,688242.9826615505,0.0,51794.43046012889,2735118.77077555,143099.0386992645,541098.9276409134,162535.4375053214,427025.01296836144,148415.33560626005,11226502.0,24301.97265625,1442559.0,25340.215087890625,0.0,0.0,73.2595,165932.28,0.0,0.0,0.0,0.0,0.0,0.0,344.8,111.9,1.0,1474291.0,14943.209237748339,0.0,0.0,0.0,0.0,0.0,0.0,0.0,0.0,0.0,1.0,0.0,0.0,0.0,0.0,0.0,0.0,0.0,0.0,346080.0,16224.0,1868.0,64586.0,114750.0,5149.0,30363.0,6284.0,9170.0,24886.0,43556.0,4209086.9536558,49642.187744140625,165932.28,215574.46774414062,125.0,21,0.5680647467311558,-0.8229838658936564,2018.0,10165649.395460807,478191.0672383811,16.13452498681087,13.07776774507408,13.07776774507408,13.404405072794308
2018-05-28,de,645624.0,539967.0,561355.4710351654,3312664.4829380354,598367.4363808248,401802.3532626821,221082.99698915856,582015.2378349304,669795.0605118392,0.0,47801.68659844111,2600223.394648852,146146.95375342993,551592.2002349083,155778.2734032008,360455.78164066374,133180.99296830266,15580555.0,26101.218505859375,1936703.0,34265.374755859375,0.0,0.0,76.7388,151264.56,0.0,0.0,0.0,0.0,0.0,0.0,302.3,127.6,1.0,4636229.0,35148.045039886,0.0,0.0,0.0,0.0,0.0,0.0,0.0,0.0,0.0,0.0,1.0,1.0,0.0,0.0,0.0,0.0,0.0,0.0,335240.0,16665.0,1900.0,62231.0,112788.0,5323.0,30166.0,5997.0,9020.0,23026.0,43268.0,3995179.283247798,60366.59326171875,151264.56,211631.15326171875,126.0,22,0.4647231720437687,-0.8854560256532098,2018.0,10032463.490544936,494811.12571358134,16.121336841674626,13.1119334254928,13.1119334254928,13.37797411885604
2018-06-04,de,650147.0,525383.0,594161.9887326042,3244201.0987218614,602798.5085536396,392451.626325504,219279.96148687552,642763.3896169662,697963.1568485496,0.0,49743.434270496575,2581282.111667625,156081.13998714022,533467.6145368145,133271.96472404693,443674.2421875,147041.11621306036,11166683.0,22198.951416015625,1208374.0,20681.671264648438,0.0,0.0,73.2644,128944.35,0.0,0.0,0.0,0.0,0.0,0.0,387.4,167.6,1.0,8557945.0,69260.33185749766,0.0,0.0,0.0,0.0,0.0,0.0,0.0,0.0,0.0,0.0,0.0,0.0,0.0,0.0,0.0,0.0,0.0,0.0,339776.0,16380.0,2070.0,64220.0,107838.0,5507.0,30184.0,6238.0,8485.0,24382.0,45067.0,4044561.623586684,42880.62268066406,128944.35,171824.97268066407,127.0,23,0.35460488704253584,-0.9350162426854147,2018.0,10003794.235176567,465688.38268177956,16.11847510247514,13.051274130088673,13.051274130088673,13.384955308261553
2018-06-11,de,644129.0,386090.0,569993.4388553285,3190254.7297450905,531623.1954310928,383987.2352742667,201654.6822471637,606954.3457965851,584648.9219415088,0.0,48696.88723174782,2570777.1264643082,131478.1312331961,519023.8640959825,125350.4770132297,440800.88677453995,135568.27089480168,7763391.0,20293.92236328125,849683.0,13651.038940429688,0.0,0.0,73.9735,129803.89,0.0,0.0,0.0,0.0,0.0,0.0,388.4,171.0,1.0,6897517.0,62100.11657625577,0.0,0.0,0.0,0.0,0.0,0.0,0.0,0.0,0.0,0.0,0.0,0.0,0.0,0.0,0.0,0.0,0.0,0.0,335065.0,15828.0,1987.0,63687.0,108759.0,5289.0,30603.0,6394.0,8302.0,24218.0,43998.0,3971695.6437078062,33944.96130371094,129803.89,163748.85130371095,128.0,24,0.23931566428755768,-0.970941817426052,2018.0,9914399.078830106,440399.0626627777,16.109498811683874,12.995438826116704,12.995438826116704,13.375655848068863
2018-06-18,de,656744.0,386188.0,599130.455543359,3484448.142113343,532477.6941317315,380597.9580404024,211135.47727121302,627805.054104805,577621.2006416727,0.0,52666.61589077037,2842936.5774783916,126238.54770760123,517924.0849646359,132000.22685303492,457359.1780400276,157133.08381838718,14046276.0,38088.59521484375,797518.0,13193.767333984375,0.0,0.0,73.4494,137838.06,0.0,0.0,0.0,0.0,0.0,0.0,452.1,150.0,1.0,3071034.0,30533.302531271445,0.0,0.0,0.0,0.0,0.0,0.0,0.0,0.0,0.0,0.0,0.0,0.0,0.0,0.0,0.0,0.0,0.0,0.0,340069.0,15658.0,1984.0,64923.0,114057.0,5129.0,30163.0,6416.0,8676.0,24124.0,45545.0,4286258.314752849,51282.362548828125,137838.06,189120.42254882812,129.0,25,0.12053668025532308,-0.992708874098054,2018.0,10168830.848301593,450495.76803251577,16.13483789892032,13.01810618182614,13.01810618182614,13.395051094271755
2018-06-25,de,651274.0,410819.0,607614.7742741187,3594705.377311915,550545.7195927851,391445.00717953074,203184.18025961975,546370.9723091125,640956.9502916237,0.0,58178.87615850272,2948985.96578169,137761.6707296354,513604.381978255,124377.71794651533,384662.3862476349,159006.07758363584,12183826.0,34144.937744140625,724000.0,12685.460083007812,0.0,0.0,76.9042,138036.89,0.0,0.0,0.0,0.0,0.0,0.0,404.4,176.7,1.0,1764527.0,15017.42779147036,0.0,0.0,0.0,0.0,0.0,0.0,0.0,0.0,0.0,0.0,0.0,0.0,0.0,0.0,0.0,0.0,0.0,0.0,338469.0,14624.0,1980.0,63703.0,115697.0,5360.0,29925.0,6746.0,8360.0,21213.0,45197.0,4326577.076425869,46830.39782714844,138036.89,184867.28782714845,130.0,26,1.2246467991473532e-16,-1.0,2018.0,10359964.268288521,452223.0017413605,16.15345944230819,13.02193291512942,13.02193291512942,13.386687259028855
2018-07-02,de,714658.0,579259.0,671266.9100744296,4110126.5304337814,671018.9646440053,434338.30552634894,228925.28242171754,617153.7154417038,758151.5467994589,0.0,60691.61065557013,3437885.3573435526,162355.34295553865,562360.9734524436,144516.17640573025,463024.6236333847,185164.13356902744,10900463.0,51007.55224609375,802958.0,12916.415405273438,0.0,0.0,74.3633,123962.95,0.0,0.0,0.0,0.0,0.0,0.0,547.0,263.2,1.0,17425.0,183.6968397974208,0.0,0.0,0.0,0.0,0.0,0.0,0.0,0.0,0.0,0.0,0.0,0.0,1.0,0.0,0.0,0.0,0.0,0.0,365007.0,17286.0,2073.0,70212.0,129735.0,6266.0,33050.0,7452.0,9297.0,23625.0,50655.0,5015998.218015247,63923.96765136719,123962.95,187886.9176513672,131.0,27,-0.12053668025532327,-0.992708874098054,2018.0,11163929.062173212,456442.8520051524,16.22819860903374,13.031220974749603,13.031220974749603,13.479560784835238
2018-07-09,de,727354.0,624402.0,705043.7767873859,4184266.1505443747,729412.5866194628,436072.18983823695,261239.12180883568,709174.1740560532,892036.825418957,0.0,65848.03691031031,3412125.2606895487,183222.0163827605,570654.4451080747,172389.83669031694,537373.9183764458,198340.85161149796,10902434.0,46746.4990234375,946120.0,15786.760803222656,0.0,0.0,85.2093,132429.08,0.0,0.0,0.0,0.0,0.0,0.0,576.2,273.3,1.0,35686.0,280.2101350345887,0.0,0.0,0.0,0.0,0.0,0.0,0.0,0.0,0.0,0.0,0.0,0.0,0.0,0.0,0.0,0.0,0.0,0.0,370564.0,17507.0,2144.0,71829.0,130868.0,6601.0,32670.0,7679.0,10191.0,25641.0,51660.0,5139954.365768954,62533.259826660156,132429.08,194962.33982666014,132.0,28,-0.23931566428755743,-0.9709418174260521,2018.0,11766416.28853773,465588.25481723127,16.280760039402136,13.051059096991375,13.051059096991375,13.49716994544759
2018-07-16,de,742666.0,589833.0,730048.7398982374,4362521.983697922,728444.2745041072,447173.59596547397,261913.02817254708,797871.1868782043,1014438.2056202923,0.0,74327.18357061101,3478789.21081244,179145.93361300637,550881.2151252793,165016.4896061632,556997.1726016998,190087.62606343915,11568616.0,40518.08349609375,1389159.0,24088.565185546875,0.0,0.0,95.47,151231.89,0.0,0.0,0.0,0.0,0.0,0.0,558.1,122.1,1.0,29526.0,251.75759678110845,0.0,0.0,0.0,0.0,0.0,0.0,0.0,0.0,0.0,0.0,0.0,0.0,0.0,0.0,0.0,0.0,0.0,0.0,375425.0,18423.0,2132.0,73328.0,133167.0,6770.0,33628.0,7988.0,10267.0,28536.0,53002.0,5195244.831392638,64606.648681640625,151231.89,215838.53868164064,133.0,29,-0.3546048870425356,-0.9350162426854148,2018.0,12184398.10658776,491570.66831983405,16.315666929634876,13.105363023442534,13.105363023442534,13.518003040194136
2018-07-23,de,689426.0,650555.0,685586.3518672651,4060709.8956824094,606206.6139186202,410669.50121574034,231151.75392151694,755510.2081546783,1105121.22290489,0.0,58624.93448863503,3048942.4628572315,149672.8256577094,483712.04988861963,144221.41653410703,512818.54581499094,198060.1175940354,15070555.0,40017.94384765625,1905438.0,34353.58837890625,0.0,0.0,119.7048,192705.6,0.0,0.0,0.0,0.0,0.0,0.0,512.5,132.9,1.0,3435147.0,18790.524340808748,0.0,0.0,0.0,0.0,0.0,0.0,0.0,0.0,0.0,0.0,0.0,0.0,0.0,0.0,0.0,0.0,0.0,0.0,351089.0,16665.0,2161.0,67013.0,122325.0,6527.0,30651.0,7372.0,9252.0,26671.0,49700.0,4596052.352835329,74371.5322265625,192705.6,267077.1322265625,134.0,30,-0.46472317204376806,-0.8854560256532101,2018.0,11839587.54631787,558464.9425072945,16.286959435660712,13.232948915340693,13.232948915340693,13.443616096788855
2018-07-30,de,706299.0,463665.0,691420.3772221273,4009511.2414547997,725897.3663743563,416263.3692593285,219367.33467092982,782008.6426725388,1125263.3329743082,0.0,55457.71556833818,2998378.5390066346,174645.28628604228,448917.7664677493,138421.6236352009,550478.5054945946,201675.8482226624,15400346.0,51928.9853515625,1575008.0,25915.92724609375,0.0,0.0,83.098,136555.66,0.0,0.0,0.0,0.0,0.0,0.0,437.9,92.5,1.0,11212425.0,69811.22487288734,0.0,0.0,0.0,0.0,0.0,0.0,0.0,0.0,0.0,0.0,0.0,0.0,0.0,0.0,0.0,0.0,0.0,0.0,360134.0,15825.0,2325.0,68496.0,125881.0,6505.0,31065.0,7264.0,9260.0,27838.0,51706.0,4567975.2846812215,77844.91259765625,136555.66,214400.57259765625,135.0,31,-0.5680647467311556,-0.8229838658936566,2018.0,11603794.708312321,546593.5383688929,16.26684281878686,13.211462560419037,13.211462560419037,13.467795355397014
2018-08-06,de,716562.0,471842.0,686122.9518145113,3854336.674976946,648784.9598140629,441082.8761950837,225831.12022600466,790721.7350702287,966775.5324455956,0.0,52061.766396549865,3011410.7559316717,159011.8735125566,487392.4249507698,150224.51914335543,571511.1736717224,185345.6454493422,16368140.0,51205.60693359375,1475791.0,23871.667236328125,0.0,0.0,89.7251,134819.14,0.0,0.0,0.0,0.0,0.0,0.0,402.1,171.2,1.0,14730036.0,98608.10635461619,0.0,0.0,0.0,0.0,0.0,0.0,0.0,0.0,0.0,0.0,0.0,0.0,0.0,0.0,0.0,0.0,0.0,0.0,366454.0,15699.0,2150.0,69095.0,127306.0,6189.0,32278.0,6563.0,9437.0,28872.0,52519.0,4616958.159055969,75077.27416992188,134819.14,209896.4141699219,136.0,32,-0.6631226582407953,-0.748510748171101,2018.0,11512525.748540342,535102.1852849443,16.258946282977558,13.19021487697266,13.19021487697266,13.482221449809957
2018-08-13,de,717605.0,0.0,682063.170254706,3879477.6414528354,631885.0314318105,434141.59967359505,230586.16166305542,778094.0330266953,995698.6888957998,0.0,51571.56648481517,3071686.766024993,154151.84956608948,453073.5781207131,156176.3961751461,588003.5460481644,213796.2240362562,11103265.0,35915.64697265625,1621396.0,26717.703125,0.0,0.0,101.0149,136471.37,0.0,0.0,0.0,0.0,0.0,0.0,328.1,188.2,1.0,16999374.0,117781.3838838775,0.0,0.0,0.0,0.0,0.0,0.0,0.0,0.0,0.0,0.0,0.0,0.0,0.0,0.0,0.0,0.0,0.0,0.0,365515.0,14555.0,2042.0,69190.0,127280.0,6061.0,31069.0,7691.0,9399.0,30726.0,54077.0,4688459.926456178,62633.35009765625,136471.37,199104.72009765625,137.0,33,-0.7485107481711009,-0.6631226582407955,2018.0,11523982.695124462,516989.5343922251,16.259940960323046,13.15577984460386,13.15577984460386,13.483675950895782
2018-08-20,de,712832.0,55947.0,669120.526305414,3849734.5705106426,573703.1573878464,422538.0508848951,218178.7605714798,768838.3471593857,907796.2508278459,0.0,47314.178603536086,2973685.718465144,145044.25797448342,434128.9990716759,140539.8305733204,621864.4240050316,202655.75555256972,10069689.0,37371.1015625,1491038.0,25209.462890625,3499199.0,30323.67333984375,107.2885,141656.12,0.0,0.0,0.0,0.0,0.0,0.0,288.5,152.9,1.0,20942493.0,144552.62848393986,0.0,0.0,0.0,0.0,0.0,0.0,0.0,0.0,0.0,0.0,0.0,0.0,0.0,0.0,0.0,0.0,0.0,0.0,362273.0,14875.0,2260.0,69443.0,126252.0,5624.0,30461.0,7425.0,9118.0,30803.0,54298.0,4565233.164245761,62580.564453125,141656.12,204236.684453125,138.0,34,-0.8229838658936564,-0.5680647467311559,2018.0,11406952.900492458,511325.34454334923,16.24973371866694,13.144763304370802,13.144763304370802,13.477002450363392
2018-08-27,de,712888.0,417767.0,646926.5215031639,3778692.1531351795,564866.5791766321,424316.5443241527,212712.60879039764,653205.9293088913,797440.9278359576,0.0,41581.072362628176,2927617.984717221,155975.67352046078,435386.3901608304,132898.08070755005,532485.5763323307,187537.11110276033,8627869.0,26741.148193359375,1153290.0,21300.606079101562,5197038.0,37375.875,100.4809,161436.89,0.0,0.0,0.0,0.0,0.0,0.0,172.4,150.1,1.0,27371138.0,176510.99235141263,0.0,0.0,0.0,0.0,0.0,0.0,0.0,0.0,0.0,0.0,0.0,1.0,0.0,0.0,0.0,0.0,0.0,0.0,364441.0,14329.0,2279.0,69712.0,126026.0,5582.0,31773.0,7669.0,8811.0,28065.0,54201.0,4413481.888903782,48041.75427246094,161436.89,209478.64427246095,139.0,35,-0.88545602565321,-0.46472317204376834,2018.0,11173404.120569758,513118.0722676912,16.229046969761402,13.14826320690323,13.14826320690323,13.477081007052606
2018-09-03,de,722846.0,414857.0,649249.6947104256,3644578.511558404,499724.2163423589,421597.2098654644,206983.34200033545,627913.2782402039,734246.9048244202,0.0,52312.09631890616,2857178.8875490306,139609.9626854733,422860.6663254089,129198.32277482748,533770.878414154,163740.20681925782,11410751.0,38341.504638671875,1482818.0,31143.396484375,5684883.0,43918.216796875,79.2632,189513.08,0.0,0.0,0.0,0.0,0.0,0.0,132.0,122.7,1.0,24466440.0,154140.0504265038,0.0,0.0,0.0,0.0,0.0,0.0,0.0,0.0,0.0,0.0,0.0,0.0,0.0,1.0,0.0,0.0,0.0,0.0,371280.0,14377.0,2495.0,70430.0,127039.0,5213.0,31645.0,7751.0,8503.0,27807.0,56306.0,4298671.020887058,69484.90112304688,189513.08,258997.98112304686,140.0,36,-0.9350162426854147,-0.3546048870425359,2018.0,10916381.997308759,563594.2058299587,16.20577524606046,13.242091552636131,13.242091552636131,13.490952860489337
2018-09-10,de,718889.0,253889.0,646032.0754141484,3496804.371549517,472071.68424492056,437557.1364186451,199313.2495061953,651953.8702630997,748469.3262552371,0.0,48768.510389861905,2722074.673523235,123212.02309817019,464030.27027741214,132214.38133178023,606476.8769402504,162233.62927688967,10956709.0,36758.304443359375,1456721.0,30215.39453125,5671684.0,49524.328125,104.0486,218063.76,0.0,0.0,0.0,0.0,0.0,0.0,111.2,129.5,1.0,26380767.0,166788.88554157314,0.0,0.0,0.0,0.0,0.0,0.0,0.0,0.0,0.0,0.0,0.0,0.0,0.0,0.0,0.0,0.0,0.0,0.0,370608.0,14154.0,2406.0,68518.0,123253.0,4878.0,33244.0,7735.0,8342.0,29023.0,56728.0,4259010.3648376,66973.69897460938,218063.76,285037.4589746094,141.0,37,-0.970941817426052,-0.23931566428755774,2018.0,10721579.39979561,619568.7238427215,16.18776912809495,13.33678052229404,13.33678052229404,13.485463634734723
2018-09-17,de,706633.0,418798.0,630353.9150541237,3364375.1932309736,297125.0970153132,433909.1239611538,191919.59267060246,584579.438539505,653790.8418768292,0.0,52528.09352779371,2616586.245645149,70619.14740606585,478454.6196483208,123370.90840546618,531391.1087822914,179772.4070309489,12778119.0,49143.47216796875,1409696.0,27399.67333984375,3100918.0,27312.8623046875,125.3837,278090.53,0.0,0.0,0.0,0.0,0.0,0.0,97.6,152.4,1.0,28295793.0,190396.43255533662,0.0,0.0,0.0,0.0,0.0,0.0,0.0,0.0,0.0,0.0,0.0,0.0,0.0,0.0,0.0,0.0,0.0,0.0,367528.0,14621.0,2587.0,66894.0,119694.0,3058.0,33351.0,7625.0,8049.0,26422.0,56804.0,4052722.5304460363,76543.1455078125,278090.53,354633.6755078125,142.0,38,-0.992708874098054,-0.12053668025532357,2018.0,10408474.139636805,721889.039568227,16.158130949519574,13.489628106509178,13.489628106509178,13.468268130496517
2018-09-24,de,671880.0,308011.0,556738.6336768399,3043034.1206850577,268531.186121393,415492.7366099227,180989.03016345276,495605.28806591034,602067.3621784135,0.0,54018.46279006359,2405834.881453817,64766.6774849172,462527.6146273069,106422.28066458488,418274.4597358703,172332.90941177288,17302575.0,67318.857421875,1209437.0,20496.660278320312,3604790.0,35143.244140625,117.2001,271201.21,0.0,0.0,0.0,0.0,0.0,0.0,79.9,130.0,1.0,27715405.0,194739.93509725295,0.0,0.0,0.0,0.0,0.0,0.0,0.0,0.0,0.0,0.0,0.0,0.0,0.0,0.0,0.0,0.0,0.0,0.0,350817.0,14337.0,2404.0,62361.0,114409.0,2541.0,32551.0,7407.0,7876.0,23820.0,53357.0,3684177.286168332,87815.51770019531,271201.21,359016.72770019533,143.0,39,-1.0,-1.8369701987210297e-16,2018.0,9852537.326192863,788549.0451196897,16.103239678040467,13.577951152134254,13.577951152134254,13.417836520490848
2018-10-01,de,685168.0,403414.0,585409.8870959379,3179933.1216766387,249555.91350273442,421285.15939026914,199452.5086069107,486874.44997119904,729309.6398929246,0.0,68644.81739965673,2508613.8443308007,61507.669521201584,455028.60337155353,127589.88506889343,406038.1567401886,186594.24490108975,6955553.0,45882.74951171875,2238942.0,37041.080078125,2412785.0,21982.5419921875,57.2163,141502.6,0.0,0.0,0.0,0.0,0.0,0.0,82.2,59.1,1.0,23471786.0,150174.80882929196,0.0,0.0,0.0,0.0,0.0,0.0,0.0,0.0,0.0,0.0,0.0,0.0,0.0,0.0,1.0,0.0,0.0,0.0,354480.0,14478.0,2408.0,64861.0,119750.0,2817.0,32229.0,8503.0,8824.0,23370.0,53448.0,3814017.2213333845,82923.82958984375,141502.6,224426.42958984376,144.0,40,-0.992708874098054,0.1205366802553232,2018.0,9647992.449096292,694030.4029058332,16.082260518958023,13.450272487609082,13.450272487609082,13.437420802143608
2018-10-08,de,659719.0,361853.0,600738.3426093899,2929127.168901279,228159.05973333033,412402.9111484239,197867.2879562378,460543.922911644,752652.4184490613,0.0,69316.71292862532,2280488.9253237452,56487.450817653684,451671.86910405534,130301.00431919098,396826.06741809845,178085.63095305712,4241455.0,28278.543701171875,1258629.0,24859.12158203125,0.0,0.0,48.0811,136841.84,0.0,0.0,0.0,0.0,0.0,0.0,104.6,46.5,1.0,25810257.0,164239.73211523524,0.0,0.0,0.0,0.0,0.0,0.0,0.0,0.0,0.0,0.0,0.0,0.0,0.0,0.0,0.0,0.0,0.0,0.0,347293.0,13822.0,2012.0,63898.0,108835.0,2382.0,31502.0,8123.0,8235.0,22183.0,51434.0,3563177.6608644263,53137.665283203125,136841.84,189979.50528320312,145.0,41,-0.9709418174260521,0.23931566428755738,2018.0,9273225.007243855,603053.5522911877,16.042641882098735,13.309762939761917,13.309762939761917,13.399570781562089
2018-10-15,de,640688.0,50472.0,596139.604524564,2702582.2209858177,221783.0548995797,407728.0624245832,194454.0708551407,422815.27717876434,710981.193365173,0.0,53159.395289451655,1896308.4848659213,57451.2720163293,441404.84410526557,127697.0738530159,357165.0915660858,173806.63260844434,3071317.0,19489.196533203125,0.0,0.0,0.0,0.0,50.7879,150097.01,0.0,0.0,0.0,0.0,0.0,0.0,85.4,8.3,1.0,15399731.0,80184.05491526454,0.0,0.0,0.0,0.0,0.0,0.0,0.0,0.0,0.0,0.0,0.0,0.0,0.0,0.0,0.0,0.0,0.0,0.0,339399.0,13470.0,1775.0,65400.0,100499.0,2483.0,31008.0,7902.0,7935.0,20578.0,50239.0,3106992.794304514,19489.196533203125,150097.01,169586.20653320313,146.0,42,-0.9350162426854148,0.35460488704253557,2018.0,8594249.411986848,527987.9458779715,15.966603980894302,13.176830626632066,13.176830626632066,13.370299438758018
2018-10-22,de,626761.0,231180.0,576894.9858705164,2749593.3755502594,199804.95753732836,396323.0126554989,203740.43457508087,386804.19546699524,650542.2228346071,0.0,55231.499682140406,1942915.94421591,53341.96049518151,419168.5114676228,134909.46114635468,329047.8695306778,169686.47834529146,2542902.0,18563.965576171875,0.0,0.0,0.0,0.0,61.8264,169184.13,0.0,0.0,0.0,0.0,0.0,0.0,68.6,9.6,1.0,15011123.0,76285.09649708243,0.0,0.0,0.0,0.0,0.0,0.0,0.0,0.0,0.0,0.0,0.0,0.0,0.0,0.0,0.0,0.0,0.0,0.0,331757.0,13485.0,1734.0,63529.0,100830.0,2103.0,29664.0,7587.0,8154.0,18742.0,49176.0,3104301.7248831787,18563.965576171875,169184.13,187748.09557617188,147.0,43,-0.8854560256532101,0.464723172043768,2018.0,8186721.824112157,501022.4262771715,15.9180242321744,13.124408138010102,13.124408138010102,13.348322162227358
2018-10-29,de,605426.0,289161.0,542300.8310932677,2676843.7969207307,178878.59271038597,370985.93226781354,202109.7744083747,330676.143242836,647024.3590113416,0.0,54935.04778918736,1895826.5398555622,44431.17987248346,382011.6395672337,130801.32992922796,262159.5823287964,151639.0593410705,2619132.0,17969.641479492188,0.0,0.0,3523628.0,27878.5224609375,59.7342,152856.74,0.0,0.0,0.0,0.0,0.0,0.0,60.2,13.1,1.0,15470952.0,74513.24266199848,0.0,0.0,0.0,0.0,0.0,0.0,0.0,0.0,0.0,0.0,0.0,0.0,0.0,0.0,0.0,0.0,0.0,0.0,324482.0,12972.0,1769.0,60707.0,97466.0,1965.0,27620.0,6944.0,7903.0,15531.0,48067.0,2921804.3786835615,17969.641479492188,152856.74,170826.38147949218,148.0,44,-0.8229838658936566,0.5680647467311556,2018.0,7761636.3068966735,467089.66571517533,15.864703863060264,13.054278662807707,13.054278662807707,13.313689273187755
2018-11-05,de,617085.0,0.0,539892.354852574,2609413.9650687356,196813.99831781085,366643.6902720827,204317.24489498138,316570.390914917,627186.5077609074,0.0,53636.421114161894,1944674.6329160193,47423.13105521334,392655.0948052959,129342.24967288971,238418.94611549377,137875.45669979736,2466757.0,16232.875732421875,0.0,0.0,5000284.0,40031.74169921875,44.7265,119840.52,0.0,0.0,0.0,0.0,0.0,0.0,64.1,25.1,1.0,9541245.0,48195.97140811877,0.0,0.0,0.0,0.0,0.0,0.0,0.0,0.0,0.0,0.0,0.0,0.0,0.0,0.0,0.0,0.0,0.0,0.0,327563.0,12873.0,1682.0,62544.0,100220.0,1996.0,29252.0,6164.0,7991.0,15097.0,51703.0,2944025.9323788714,16232.875732421875,119840.52,136073.3957324219,149.0,45,-0.7485107481711011,0.6631226582407952,2018.0,7529472.6969874045,411539.66039459605,15.834335703174986,12.927663104411286,12.927663104411286,13.332763677291155
2018-11-12,de,588560.0,189405.0,536757.3003210964,2547846.19403828,140440.1079702392,346807.8848100559,172572.22437477112,350875.99538517,595421.8273431358,0.0,59945.355443014596,1908875.3264586646,39188.509085702586,390960.89864764863,111660.39387130737,296443.0134034157,134287.07083482487,4014439.0,32770.740234375,0.0,0.0,5090601.0,44492.98681640625,47.5507,128771.65,0.0,0.0,0.0,0.0,0.0,0.0,59.1,6.1,1.0,11339307.0,65733.65625103892,0.0,0.0,0.0,0.0,0.0,0.0,0.0,0.0,0.0,0.0,0.0,0.0,0.0,0.0,0.0,0.0,0.0,0.0,312929.0,12320.0,1694.0,60086.0,94090.0,1964.0,27357.0,5827.0,6799.0,16025.0,49469.0,2941360.5677445782,32770.740234375,128771.65,161542.390234375,150.0,46,-0.6631226582407955,0.7485107481711007,2018.0,7390974.0098800445,402509.7025159154,15.815770220605854,12.905476965588898,12.905476965588898,13.28543585366682
2018-11-19,de,576122.0,367227.0,511209.24400048284,2440939.9092444987,180984.23757921785,323437.2157701219,175078.47389507294,295911.7609977722,522139.61415232276,0.0,63955.8840803607,1882236.0869178164,54888.72157941866,362674.66516737564,117294.88392734528,240753.17911863327,122038.58004692942,3999696.0,29510.296875,0.0,0.0,4520373.0,43374.23876953125,54.976,129334.68,0.0,0.0,0.0,0.0,0.0,0.0,57.1,5.5,1.0,12362224.0,88142.65810190253,0.0,0.0,0.0,0.0,0.0,0.0,0.0,0.0,0.0,0.0,0.0,0.0,0.0,0.0,0.0,1.0,0.0,0.0,306205.0,15088.0,1614.0,57347.0,90788.0,2230.0,26034.0,5595.0,7160.0,14023.0,50038.0,2843842.0008378793,29510.296875,129334.68,158844.976875,151.0,47,-0.5680647467311559,0.8229838658936564,2018.0,7216546.3755990565,394320.6959834203,15.791887193667957,12.884922342403232,12.884922342403232,13.264076458547919
2018-11-26,de,542205.0,386743.0,478433.35635972215,2346731.0312685366,147397.09343183303,304722.17293775454,166088.84016656876,264474.9188041687,482049.4941110607,0.0,62193.98223099767,1834162.7427759266,49064.1363921487,340044.1003371308,111190.14072060585,217589.5231347084,107924.61902068353,3591276.0,30174.07177734375,0.0,0.0,3687361.0,38839.1796875,49.5883,120593.01,0.0,0.0,0.0,0.0,0.0,0.0,37.0,5.49,1.0,25689089.0,199246.29452857183,0.0,0.0,0.0,0.0,0.0,0.0,0.0,0.0,0.0,0.0,0.0,0.0,0.0,0.0,0.0,0.0,0.0,0.0,290867.0,11333.0,1665.0,53101.0,87499.0,2018.0,24818.0,5242.0,6598.0,12673.0,46391.0,2722169.2446122016,30174.07177734375,120593.01,150767.08177734376,152.0,48,-0.4647231720437684,0.88545602565321,2018.0,6988036.226479365,383589.9971477762,15.75971027742272,12.857332152341078,12.857332152341078,13.20340128201277
2018-12-03,de,538608.0,347396.0,484824.2383737776,2402160.9692160566,129267.64282769152,313570.4757472537,178044.46936130524,270707.8265018463,512030.9663031666,0.0,59273.8932006478,1833855.9026124896,39421.01480984261,350308.38462871674,122526.82396507263,242049.00494766235,106125.82240774858,5341043.0,38397.58935546875,0.0,0.0,4003602.0,38292.13342285156,44.1394,82034.49,0.0,0.0,0.0,0.0,0.0,0.0,0.0,5.53,1.0,23045035.0,174278.54546675886,0.0,0.0,0.0,0.0,0.0,0.0,0.0,0.0,0.0,0.0,0.0,0.0,0.0,0.0,0.0,0.0,0.0,0.0,287583.0,11462.0,1808.0,52486.0,88169.0,1852.0,24946.0,4937.0,6848.0,13074.0,45442.0,2753560.8465721803,38397.58935546875,82034.49,120432.07935546876,153.0,49,-0.35460488704253595,0.9350162426854147,2018.0,6886534.880359495,347395.1514766769,15.74507874157201,12.758221054652584,12.758221054652584,13.196745169208885
2018-12-10,de,509771.0,281339.0,475434.93395898514,2428836.274407841,98577.14760147885,288703.2795323501,157790.2446899414,253253.11275577545,440528.1899042397,0.0,65193.67757753151,1871541.9125091073,25695.499942229966,315899.14564775024,109806.38408184052,215978.1696896553,98109.72197004229,3198620.0,21203.676513671875,0.0,0.0,6607024.0,65712.14453125,49.832,99654.49,0.0,0.0,0.0,0.0,0.0,0.0,15.34,5.38,1.0,21251456.0,165548.687656944,0.0,0.0,0.0,0.0,0.0,0.0,0.0,0.0,0.0,0.0,0.0,0.0,0.0,0.0,0.0,0.0,0.0,0.0,274441.0,11108.0,1612.0,49582.0,84723.0,1078.0,22486.0,4524.0,6149.0,11629.0,42438.0,2702224.5114181573,21203.676513671875,99654.49,120858.16651367188,154.0,50,-0.2393156642875578,0.970941817426052,2018.0,6781959.891541868,326446.86034095334,15.729776835142966,12.696025522269371,12.696025522269371,13.14171884591639
2018-12-17,de,474149.0,191151.0,446748.05983325554,2216724.5744310007,100130.28189812029,256221.27671972362,142180.91874065608,251123.51921749115,407746.78638794203,0.0,53188.52805250146,1666117.438026066,25894.91682687766,254385.02382665148,95318.13364979568,226825.5956916809,96138.73651497958,3650843.0,25675.13525390625,0.0,0.0,6450647.0,65680.9091796875,54.4846,114433.07,0.0,0.0,0.0,0.0,0.0,0.0,121.81,0.6,1.0,22494419.0,166130.70425437047,0.0,0.0,0.0,0.0,0.0,0.0,0.0,0.0,0.0,0.0,0.0,0.0,0.0,0.0,0.0,0.0,0.0,0.0,255797.0,10491.0,1554.0,45154.0,77572.0,1080.0,19633.0,4418.0,5590.0,11653.0,41207.0,2417868.3725885525,25675.13525390625,114433.07,140108.20525390626,155.0,51,-0.12053668025532363,0.992708874098054,2018.0,6434903.959054259,332822.8744054856,15.677247629525558,12.715368723353397,12.715368723353397,13.069279006311874
2018-12-24,de,518719.0,304873.0,582328.2448295868,3071185.342629424,82975.51618386943,329270.54719571647,224526.83215183578,455450.686835289,659313.1622141288,0.0,75841.27396079879,2049403.0471379985,18488.11857422619,278345.1949638219,134337.4016970382,429829.2367095947,180982.485084335,2687399.0,20740.23291015625,0.0,0.0,4384300.0,42216.66345214844,68.4352,134811.9,0.0,0.0,0.0,0.0,0.0,0.0,340.38,135.51,1.0,24947521.0,145565.43438486214,0.0,0.0,0.0,0.0,0.0,0.0,0.0,0.0,0.0,0.0,0.0,0.0,0.0,0.0,0.0,0.0,1.0,1.0,267773.0,13247.0,1748.0,49543.0,90527.0,1228.0,20037.0,6445.0,7312.0,17551.0,43308.0,3167226.7581278137,20740.23291015625,134811.9,155552.13291015624,156.0,52,-2.4492935982947064e-16,1.0,2018.0,6979094.0397272995,352376.630317897,15.75842981586434,12.772458692930298,12.772458692930298,13.159119517529449
2018-12-31,de,688642.0,596809.0,688351.776626704,3669182.383944466,209059.70437984637,422917.58401435055,267249.6409006119,480340.9599285125,926676.5951168477,0.0,81011.00949817432,2582323.7481273925,51500.161476870235,366847.07212231663,150487.5418870449,396543.39918899536,256504.2452868245,4303240.0,26519.63623046875,0.0,0.0,9574139.0,74157.68212890625,61.88,114975.49,0.0,0.0,0.0,0.0,0.0,0.0,42.81,31.24,1.0,22375200.0,86751.08123164896,1.0,0.0,0.0,0.0,0.0,0.0,0.0,0.0,0.0,0.0,0.0,0.0,0.0,0.0,0.0,0.0,0.0,0.0,357004.0,18504.0,1883.0,67936.0,116694.0,2007.0,27964.0,8900.0,9610.0,19576.0,58566.0,3885217.177587618,26519.63623046875,114975.49,141495.12623046874,157.0,1,0.12053668025532306,0.992708874098054,2018.0,8023225.270819613,350635.59389474185,15.897851177107592,12.767505621078882,12.767505621078882,13.442478273478597
2019-01-07,de,793032.0,515610.0,763270.9328034982,3865089.203044465,261052.67988766098,477106.2477624035,266922.1967353821,514130.16963100433,1011056.4771745768,0.0,85996.28849815122,3047839.305776118,67935.36929405243,462918.46475681296,164615.41321063042,445512.6301293373,277246.52916398156,2000741.0,19187.294921875,0.0,0.0,9107828.0,69600.46740722656,60.5885,114741.58,0.0,0.0,0.0,0.0,0.0,0.0,626.2,541.0,1.0,21028277.0,84927.58110153116,0.0,0.0,0.0,0.0,0.0,0.0,0.0,0.0,0.0,0.0,0.0,0.0,0.0,0.0,0.0,0.0,0.0,0.0,412169.0,19228.0,2065.0,80691.0,130449.0,2630.0,34599.0,9413.0,9891.0,21310.0,70587.0,4552064.000829084,19187.294921875,114741.58,133928.87492187502,158.0,2,0.23931566428755777,0.970941817426052,2019.0,9316595.600607323,341596.9394255611,16.04730794836173,12.74138970875178,12.74138970875178,13.583620113874723
2019-01-14,de,763689.0,531976.0,731278.8390865948,3695124.414288333,350952.43835747865,463155.4484752618,246465.3481502533,499384.38433265686,1071502.0463485478,0.0,81134.04722230308,2964437.3851409764,100839.71064254246,460080.5386797934,167245.00189948082,426443.5605506897,263492.18408795726,1602975.0,18222.41552734375,0.0,0.0,9937031.0,80117.185546875,57.1553,,0.0,0.0,0.0,0.0,0.0,0.0,541.1,439.9,1.0,22044198.0,101111.71614584245,0.0,0.0,0.0,0.0,0.0,0.0,0.0,0.0,0.0,0.0,0.0,0.0,0.0,0.0,0.0,0.0,0.0,0.0,396925.0,16745.0,1667.0,77643.0,123923.0,3940.0,34333.0,9199.0,9183.0,21367.0,68755.0,4463672.428223743,18222.41552734375,0.0,18222.41552734375,159.0,3,0.3546048870425356,0.9350162426854148,2019.0,10005864.163327344,220512.5935358916,16.118681995357573,12.303714620657686,12.303714620657686,13.54591722664383
2019-01-21,de,737562.0,471209.0,700714.3763754208,3641871.1448191986,325158.1454725308,451364.36338712927,239241.29705142975,465601.8607568741,990577.0968749386,0.0,71035.95620487742,2984811.4988552453,97085.110361946,458305.8151255183,163355.420940876,391734.3993573189,243134.35517635924,1532880.0,17400.5869140625,0.0,0.0,9998983.0,84342.716796875,59.5468,,0.0,0.0,0.0,0.0,0.0,0.0,640.2,413.4,1.0,18644254.0,113690.64808641958,0.0,1.0,0.0,0.0,0.0,0.0,0.0,0.0,0.0,0.0,0.0,0.0,0.0,0.0,0.0,0.0,0.0,0.0,384237.0,15846.0,1782.0,74533.0,120023.0,4100.0,33013.0,8962.0,9107.0,20169.0,65778.0,4409462.556022141,17400.5869140625,0.0,17400.5869140625,160.0,4,0.46472317204376856,0.8854560256532099,2019.0,10367259.06383896,147175.8350073321,16.154163327727943,11.899390102018716,11.899390102018716,13.511106787276526
2019-01-28,de,740765.0,289880.0,687826.0744544019,3573835.835459879,334152.13827921054,460714.89771235036,237971.72117614746,463878.8545484543,1031999.0106947529,0.0,65902.69378289877,2890553.9074993534,98414.37189629012,480046.96136490203,165830.0814640522,396770.47144031525,249450.7761607413,4725847.0,28541.871826171875,0.0,0.0,9218720.0,78274.7109375,66.6999,,0.0,0.0,0.0,0.0,0.0,0.0,584.9,350.8,1.0,13274686.0,82368.17674328393,0.0,0.0,0.0,0.0,0.0,0.0,0.0,0.0,0.0,0.0,0.0,0.0,0.0,0.0,0.0,0.0,0.0,0.0,382910.0,17196.0,1957.0,73347.0,121365.0,4137.0,34147.0,9278.0,9010.0,20297.0,67113.0,4346969.2636085525,28541.871826171875,0.0,28541.871826171875,161.0,5,0.5680647467311558,0.8229838658936564,2019.0,10521075.453363167,114824.576356584,16.168891084503226,11.65116952861605,11.65116952861605,13.515440064932545
2019-02-04,de,745727.0,484713.0,677372.7480953953,3572506.4042575927,365463.0821223963,459385.7165420518,230509.83178295204,469200.8875322342,990484.1714254384,0.0,69293.81438520076,2962428.02085504,105639.97674459276,492461.5740380115,162457.51023144973,428804.12564611435,241990.425116131,8501839.0,32887.42919921875,0.0,0.0,10668224.0,90089.802734375,76.3195,,0.0,0.0,0.0,0.0,0.0,0.0,397.2,202.6,1.0,15559509.0,109374.71422263817,0.0,0.0,0.0,0.0,0.0,0.0,0.0,0.0,0.0,0.0,0.0,0.0,0.0,0.0,0.0,0.0,0.0,0.0,384310.0,17219.0,2168.0,72879.0,123595.0,4129.0,34175.0,9320.0,9007.0,21492.0,67432.0,4463075.44701654,32887.42919921875,0.0,32887.42919921875,162.0,6,0.6631226582407952,0.7485107481711011,2019.0,10730333.723784741,99752.22191109887,16.188585309254037,11.51045463409112,11.51045463409112,13.522116201438998
2019-02-11,de,717946.0,537216.0,635651.1282917793,3337348.7626205506,326493.4075637188,430965.7558865781,218836.54179000854,442714.54937362665,739123.0917068741,0.0,68481.88955578677,2758808.0506528243,98840.95407738312,475902.0126207679,153094.4303061962,417353.64070367813,210208.03075148544,9128517.0,33173.69677734375,0.0,0.0,12209028.0,104164.162109375,81.7265,,0.0,0.0,0.0,0.0,0.0,0.0,372.7,207.2,1.0,16706201.0,113726.2967008475,0.0,0.0,1.0,0.0,0.0,0.0,0.0,0.0,0.0,0.0,0.0,0.0,0.0,0.0,0.0,0.0,0.0,0.0,374158.0,16469.0,2333.0,68326.0,116925.0,3851.0,32121.0,8558.0,8580.0,20506.0,66119.0,4182689.008668122,33173.69677734375,0.0,33173.69677734375,163.0,7,0.7485107481711011,0.6631226582407953,2019.0,10580278.338894028,90671.75009124563,16.174502386587854,11.41501215095377,11.41501215095377,13.484151029149826
2019-02-18,de,718737.0,496667.0,625459.8129686231,3286247.0685456824,329383.98961849074,437809.0650744019,215226.5906906128,410788.33538913727,753999.4809956303,0.0,66074.79037950454,2721054.455658204,97822.57946513825,482493.01094453264,150505.83465075493,381201.6235156059,230108.67445044886,7190834.0,30036.819091796875,0.0,0.0,12218651.0,104385.419921875,83.7131,,0.0,0.0,0.0,0.0,0.0,0.0,422.6,197.2,1.0,17233810.0,118090.94939685846,0.0,0.0,0.0,1.0,0.0,0.0,0.0,0.0,0.0,0.0,0.0,0.0,0.0,0.0,0.0,0.0,0.0,0.0,380632.0,16231.0,2211.0,66195.0,115101.0,3868.0,32683.0,8755.0,8421.0,19207.0,65435.0,4129260.969064189,30036.819091796875,0.0,30036.819091796875,164.0,8,0.8229838658936565,0.5680647467311558,2019.0,10424230.72501481,81827.19063384399,16.15964362749127,11.31237709199558,11.31237709199558,13.485252175302149
2019-02-25,de,713414.0,181465.0,609184.2879512977,3152936.868147981,302154.0013045069,441124.6178267092,201909.34972626698,417828.72182559967,784517.5452837021,0.0,66848.94194290899,2714290.291518508,94149.86317916504,482485.8666666768,139310.14762987138,391953.821223259,235537.1888197853,5661586.0,28911.385498046875,0.0,0.0,6052349.0,55336.17529296875,121.96,,0.0,0.0,0.0,0.0,0.0,0.0,303.3,165.1,1.0,14102144.0,93340.73347812775,0.0,0.0,0.0,0.0,0.0,0.0,0.0,0.0,0.0,0.0,0.0,0.0,0.0,0.0,0.0,0.0,0.0,0.0,377235.0,15711.0,2251.0,65541.0,114079.0,3440.0,32927.0,8818.0,8243.0,19240.0,65929.0,4124576.1209801743,28911.385498046875,0.0,28911.385498046875,165.0,9,0.8854560256532099,0.4647231720437686,2019.0,10313857.82663955,75631.12509896612,16.1489990659523,11.233636407079752,11.233636407079752,13.477818577758214
2019-03-04,de,767784.0,456200.0,644343.4090602997,3463857.069844901,229707.65976996179,482674.0086542909,222973.02213191986,440356.8213529587,862095.6515274815,0.0,67017.12219004569,2967601.904783655,72737.44434958806,537593.5550905268,158351.27404093742,400087.16028261185,246895.09588375853,7540930.0,39843.46826171875,0.0,0.0,3331677.0,29453.849609375,106.7499,,0.0,0.0,0.0,0.0,0.0,0.0,258.8,181.0,1.0,14019417.0,89086.26408310469,0.0,0.0,0.0,0.0,0.0,0.0,0.0,0.0,0.0,0.0,0.0,0.0,0.0,0.0,0.0,0.0,0.0,0.0,406359.0,16473.0,2419.0,70092.0,124736.0,2844.0,36049.0,9547.0,9035.0,19733.0,70490.0,4450283.556621123,39843.46826171875,0.0,39843.46826171875,166.0,10,0.9350162426854148,0.35460488704253557,2019.0,10562141.057316687,82972.65250929062,16.17278666200866,11.326278396737004,11.326278396737004,13.55126502502041
2019-03-11,de,752289.0,519131.0,643334.4031132832,3449712.3973947065,207790.5229287049,496787.54630999896,224573.7617194109,441282.22230911255,835463.1450134281,0.0,66393.66309558331,2997705.722287652,69465.59752059584,575158.9909821295,162889.47727090062,399920.5267572403,220103.807510036,5981704.0,33252.7939453125,0.0,0.0,3668030.0,31247.5478515625,98.3075,,0.0,0.0,0.0,0.0,0.0,0.0,192.5,292.3,1.0,17283413.0,122236.6620664291,0.0,0.0,0.0,0.0,0.0,0.0,0.0,0.0,0.0,0.0,0.0,0.0,0.0,0.0,0.0,0.0,0.0,0.0,401701.0,16198.0,2407.0,67733.0,119061.0,2864.0,35950.0,8690.0,8644.0,19015.0,70027.0,4491637.7854241375,33252.7939453125,0.0,33252.7939453125,167.0,11,0.970941817426052,0.23931566428755782,2019.0,10753949.863522116,82730.31884410312,16.190783767206312,11.323353513603195,11.323353513603195,13.530877166890512
2019-03-18,de,719650.0,450495.0,607932.2100757742,3223311.1238289974,194825.8798879209,463520.00309828133,200368.09312898017,421860.29650115967,749113.6977240569,0.0,62962.38618186866,2833881.46139801,64240.20942312421,565583.4048990657,137369.09816085908,391142.97187948227,189055.32420302433,6061033.0,35340.5888671875,0.0,0.0,11792404.0,101349.486328125,113.7213,,0.0,0.0,0.0,0.0,0.0,0.0,178.9,275.9,1.0,19063624.0,144093.38436971075,0.0,0.0,0.0,0.0,0.0,0.0,0.0,0.0,0.0,0.0,0.0,0.0,0.0,0.0,0.0,0.0,0.0,0.0,389213.0,15509.0,2463.0,62706.0,112869.0,2521.0,33257.0,7595.0,7760.0,18451.0,67305.0,4244234.856145434,35340.5888671875,0.0,35340.5888671875,168.0,12,0.992708874098054,0.120536680255323,2019.0,10622542.735653745,84686.51713174686,16.17848906822822,11.346723492349826,11.346723492349826,13.486521651254224
2019-03-25,de,699085.0,254977.0,583386.5781295123,3141079.9416654618,239684.75815407716,445503.98530295293,205694.03740848604,403995.4070587158,707494.4402156607,0.0,59902.93830933307,2812808.564700795,66688.34685974673,534834.5477654387,138204.7733940634,384111.51713371277,186042.05884146618,5356078.0,34590.828857421875,0.0,0.0,9700968.0,85664.669921875,108.7401,,0.0,0.0,0.0,0.0,0.0,0.0,182.3,278.9,1.0,22767729.0,189836.60737624942,0.0,0.0,0.0,0.0,0.0,0.0,0.0,0.0,0.0,0.0,0.0,0.0,0.0,0.0,0.0,0.0,0.0,0.0,373842.0,15314.0,2715.0,61657.0,110473.0,2948.0,32836.0,7779.0,8148.0,18527.0,64844.0,4182592.7470045555,34590.828857421875,0.0,34590.828857421875,169.0,13,1.0,6.123233995736766e-17,2019.0,10483105.997130152,84923.34529057812,16.165275662110673,11.349516083732988,11.349516083732988,13.45752904655217
2019-04-01,de,714099.0,233188.0,570786.2509525398,3182919.364676917,226980.3657311845,467840.1133110549,225462.0703240633,407217.8421077728,709836.0747823265,0.0,67917.28514059189,2761063.463904972,61364.87857994465,568480.2438606061,159972.7758539021,414399.54461956024,191383.7803737509,7619608.0,46614.0517578125,0.0,0.0,7104649.0,64244.078857421875,70.70499885,,0.0,0.0,0.0,0.0,0.0,0.0,206.6,222.1,1.0,26955104.0,206401.23843453586,0.0,0.0,0.0,0.0,0.0,0.0,0.0,0.0,0.0,0.0,0.0,0.0,0.0,0.0,0.0,0.0,0.0,0.0,378935.0,15006.0,2389.0,60850.0,114967.0,2890.0,35110.0,8164.0,9233.0,19759.0,66796.0,4224581.972333328,46614.0517578125,0.0,46614.0517578125,170.0,14,0.992708874098054,-0.12053668025532288,2019.0,10439483.041311257,97015.67640934062,16.16110571786715,11.48263816445445,11.48263816445445,13.478778287537201
2019-04-08,de,755324.0,248257.0,638066.2658344764,3475308.451484861,236875.6558638173,515620.00355682813,240641.36031549945,397721.5906429291,771142.3710304623,0.0,77128.03502790871,2974839.6616238505,65767.60669359736,650757.9532154988,169169.68180510792,373975.899764061,218444.76096355403,7675386.0,45124.13720703125,0.0,0.0,3112004.0,27764.859619140625,75.09360145,,0.0,0.0,0.0,0.0,0.0,0.0,188.8,233.2,1.0,16586063.0,110144.9461781486,0.0,0.0,0.0,0.0,0.0,0.0,0.0,0.0,0.0,0.0,0.0,0.0,0.0,0.0,0.0,0.0,0.0,0.0,400836.0,15628.0,2394.0,65746.0,122478.0,3087.0,37394.0,8650.0,9902.0,19009.0,70201.0,4530083.599093579,45124.13720703125,0.0,45124.13720703125,171.0,15,0.9709418174260521,-0.2393156642875575,2019.0,10723520.310060501,102776.35233377188,16.187950140085142,11.540320299694583,11.540320299694583,13.534903399184454
2019-04-15,de,625665.0,221422.0,515863.20780142525,2886815.4131890694,203745.56805568576,420078.1821600668,178521.42065370083,335891.40507411957,610422.2131716438,0.0,56017.988812766605,2342465.622657826,58085.12811943633,482412.0934731274,114505.11261329055,329700.5970594883,169551.8244828308,7784097.0,38129.15185546875,0.0,0.0,3547448.0,35429.644775390625,69.23430878,,0.0,0.0,0.0,0.0,0.0,0.0,180.4,107.9,1.0,11098704.0,68754.9475875589,0.0,0.0,0.0,0.0,1.0,0.0,0.0,0.0,0.0,0.0,0.0,0.0,0.0,0.0,0.0,0.0,0.0,0.0,343114.0,12366.0,2140.0,50195.0,96709.0,2539.0,30025.0,6546.0,7300.0,16398.0,58331.0,3552738.3672187664,38129.15185546875,0.0,38129.15185546875,172.0,16,0.9350162426854148,-0.3546048870425357,2019.0,9917494.82533691,99290.46003637499,16.10981101043148,11.505814844687126,11.505814844687126,13.346571961369868
2019-04-22,de,702114.0,338847.0,583614.2966591433,3339299.5785354306,223440.82033742045,482722.78855622665,209126.56624489278,397022.6429319382,811526.421752657,0.0,67340.36797279853,2662639.7976994994,62898.98991478067,531479.1434274263,135644.27998567373,380718.6582801342,216329.31210309753,9262135.0,40405.05224609375,0.0,0.0,5815588.0,64418.587890625,77.25163025,,0.0,0.0,0.0,0.0,0.0,0.0,169.9,69.7,1.0,2647338.0,15792.91900342219,0.0,0.0,0.0,0.0,0.0,1.0,0.0,0.0,0.0,0.0,0.0,0.0,0.0,0.0,0.0,0.0,0.0,0.0,380923.0,13825.0,2270.0,57966.0,111741.0,2682.0,33595.0,7696.0,8242.0,18366.0,64808.0,4057050.5493834103,40405.05224609375,0.0,40405.05224609375,173.0,17,0.8854560256532099,-0.4647231720437685,2019.0,9938270.404125394,99493.72801127187,16.11190366050438,11.5078599369316,11.5078599369316,13.461852487255118
2019-04-29,de,717867.0,303972.0,619651.2957155983,3555782.611351992,233449.92004005017,473893.08859866124,209611.57467614114,369553.27401542664,819840.0734533212,0.0,111007.99876971536,2749098.0479609543,64720.36266575944,529547.8544080199,141680.00097586215,355904.31418323517,211959.6249551399,9605691.0,42981.85009765625,0.0,0.0,6033948.0,60857.723876953125,83.36988713,,0.0,0.0,0.0,0.0,0.0,0.0,162.4,76.9,1.0,6881133.0,45709.05895276134,0.0,0.0,0.0,0.0,0.0,0.0,1.0,0.0,0.0,0.0,0.0,0.0,0.0,0.0,0.0,0.0,0.0,0.0,384388.0,13936.0,2406.0,63896.0,115515.0,2899.0,34294.0,8558.0,8542.0,17265.0,66169.0,4163918.203918686,42981.85009765625,0.0,42981.85009765625,174.0,18,0.8229838658936565,-0.5680647467311557,2019.0,10052132.771731546,102008.86963654062,16.12329548552877,11.532824848727905,11.532824848727905,13.484040987117837
2019-05-06,de,715751.0,363381.0,633962.2647476797,3446096.989527601,239039.0953421597,480063.45902034343,195194.46146271186,343916.06985092163,888705.992183168,0.0,99364.08304721821,2820835.7478081873,66522.09719955706,539876.440562209,134915.41818677826,317657.5903406143,233203.3120610585,9022284.0,44994.736328125,0.0,0.0,6046099.0,65354.755859375,76.8199,,0.0,0.0,0.0,0.0,0.0,0.0,190.2,77.6,1.0,10709768.0,74475.50226197738,0.0,0.0,0.0,0.0,0.0,0.0,0.0,1.0,0.0,0.0,0.0,0.0,0.0,0.0,0.0,0.0,0.0,0.0,385145.0,14259.0,2482.0,65291.0,112399.0,2821.0,34549.0,8398.0,7780.0,16720.0,65906.0,4212374.689205622,44994.736328125,0.0,44994.736328125,175.0,19,0.7485107481711013,-0.663122658240795,2019.0,10168212.085338518,105641.53886249688,16.134777048097078,11.567816399277302,11.567816399277302,13.4810890172282
2019-05-13,de,704198.0,314026.0,647612.2214929233,3458440.3905373947,270599.21442127,494977.815967277,189853.23779847633,347419.22853565216,935088.1038714898,0.0,76027.5508841712,2923142.7772712633,78912.36670806214,540796.3638393735,130298.19585402624,326146.6561501026,229123.65386331166,7869676.0,40098.65673828125,0.0,0.0,5811913.0,60900.65087890625,77.133,,0.0,0.0,0.0,0.0,0.0,0.0,243.9,85.4,1.0,11880677.0,82073.14924064129,0.0,0.0,0.0,0.0,0.0,0.0,0.0,0.0,0.0,0.0,0.0,0.0,0.0,0.0,0.0,0.0,0.0,0.0,377812.0,13921.0,2299.0,64896.0,110552.0,3367.0,35372.0,8257.0,7278.0,16189.0,64248.0,4304447.5645703105,40098.65673828125,0.0,40098.65673828125,176.0,20,0.6631226582407952,-0.7485107481711012,2019.0,10334087.968052026,102889.99387067187,16.15095859704826,11.541425394869046,11.541425394869046,13.46481626565096
2019-05-20,de,708944.0,335864.0,677092.3302328871,3527036.673820527,256965.7190732277,515045.0448641574,193891.4301280597,528419.5531330109,910271.2675878549,0.0,94521.57145631187,2918544.763196781,69953.35707976068,551648.5976619754,132379.3885152667,596404.7478270531,224481.56182261114,8703893.0,45436.04833984375,0.0,0.0,5873839.0,62078.3984375,74.0812,,0.0,0.0,0.0,0.0,0.0,0.0,225.8,79.1,1.0,12905097.0,91306.04748199559,0.0,0.0,0.0,0.0,0.0,0.0,0.0,0.0,0.0,0.0,0.0,0.0,0.0,0.0,0.0,0.0,0.0,0.0,375997.0,14253.0,2159.0,65985.0,110246.0,3122.0,35644.0,8073.0,7277.0,23043.0,63137.0,4587933.98755976,45436.04833984375,0.0,45436.04833984375,177.0,21,0.5680647467311558,-0.8229838658936564,2019.0,10718135.271397447,106589.051566225,16.18744784321226,11.576745461464142,11.576745461464142,13.471533228457288
2019-05-27,de,712696.0,300244.0,683977.5111792559,3867582.6846683715,231284.66888108556,523300.55534008617,196128.1952029994,494087.94739437103,1021740.6005953595,0.0,107190.10945866455,3082817.3047967344,61444.36121128037,512637.8994552714,128848.49020056493,532192.5732450485,246567.9156935705,38946479.0,129190.7958984375,0.0,0.0,6576672.0,70405.46142578125,75.4324,,0.0,0.0,0.0,0.0,0.0,0.0,283.2,90.5,1.0,10460996.0,69626.61027044874,0.0,0.0,0.0,0.0,0.0,0.0,0.0,0.0,1.0,0.0,1.0,1.0,0.0,0.0,0.0,0.0,0.0,0.0,374368.0,14210.0,2421.0,65627.0,116456.0,3151.0,34904.0,8991.0,7348.0,22319.0,62894.0,4671698.654061135,129190.7958984375,0.0,129190.7958984375,178.0,22,0.4647231720437687,-0.8854560256532098,2019.0,11031623.062159177,192361.2897666,16.216276620840482,12.167135798869307,12.167135798869307,13.476811644136358
2019-06-03,de,741803.0,441375.0,732662.6741023333,4287495.658593616,246616.6500614462,524094.1430287106,195319.78880395813,492468.8950538635,928875.0687908699,0.0,103163.97051757779,3681189.0906830924,67626.5180501395,507849.96167861804,132196.89708936037,535743.9703698158,274574.7245330626,6567077.0,26215.131103515625,0.0,0.0,5069842.0,55654.56787109375,91.4469,,0.0,0.0,0.0,0.0,0.0,0.0,259.0,156.3,1.0,9232881.0,56721.50696419005,0.0,0.0,0.0,0.0,0.0,0.0,0.0,0.0,0.0,0.0,0.0,0.0,0.0,0.0,0.0,0.0,0.0,0.0,386608.0,14987.0,2442.0,69097.0,122625.0,3092.0,37021.0,9170.0,7253.0,22603.0,66887.0,5302345.132921666,26215.131103515625,0.0,26215.131103515625,179.0,23,0.35460488704253584,-0.9350162426854147,2019.0,11845230.961273419,140873.99273508438,16.287435978437173,11.855628199772134,11.855628199772134,13.516840336312116
2019-06-10,de,801753.0,383919.0,799096.6494141166,4528719.76319922,278476.21830029075,581817.5769501075,225527.50383819264,548029.378786087,1088383.116230078,0.0,124176.60966173667,3617495.910811276,78736.37331101515,574524.0900802843,150098.44807211266,594833.316734314,330267.65470481245,7193499.0,26971.282958984375,0.0,0.0,4911111.0,55059.337890625,96.5736,,0.0,0.0,0.0,0.0,0.0,0.0,239.2,160.5,1.0,7951309.0,55241.20542102116,0.0,0.0,0.0,0.0,0.0,0.0,0.0,0.0,0.0,1.0,0.0,0.0,0.0,0.0,0.0,0.0,0.0,0.0,415628.0,16624.0,3096.0,75976.0,133258.0,3323.0,39631.0,10455.0,8592.0,23344.0,71816.0,5470132.403375551,26971.282958984375,0.0,26971.282958984375,180.0,24,0.23931566428755768,-0.970941817426052,2019.0,12517598.61808566,110855.25526480624,16.342646181459795,11.615989643446087,11.615989643446087,13.59455710662933
2019-06-17,de,743296.0,232179.0,745868.6170463656,4151793.1431912896,237558.3203996816,537001.234702228,206897.27170631837,508837.6932325363,950450.2324228839,0.0,119947.95033895974,3266576.694578019,71619.01223329996,533668.5672645262,132504.92986115997,558198.9524497986,288308.64814216865,10527453.0,37865.67236328125,0.0,0.0,4637614.0,51743.51220703125,96.882,,0.0,0.0,0.0,0.0,0.0,0.0,339.7,150.6,1.0,11722774.0,81296.8996692083,0.0,0.0,0.0,0.0,0.0,0.0,0.0,0.0,0.0,0.0,0.0,0.0,0.0,0.0,0.0,0.0,0.0,0.0,386725.0,16074.0,2734.0,68986.0,121774.0,2824.0,36635.0,9465.0,7430.0,21454.0,69183.0,4970824.754867932,37865.67236328125,0.0,37865.67236328125,181.0,25,0.12053668025532308,-0.992708874098054,2019.0,12413241.055563794,103700.17579983124,16.33427436847422,11.549268732628086,11.549268732628086,13.518850974649812
2019-06-24,de,712957.0,408211.0,723072.6335070467,4060991.080934811,217119.05743318042,507551.0660047755,177291.2004365921,474739.2877702713,863947.1118508605,0.0,117298.55678695353,3144696.947381813,64913.998601855026,493308.31026666885,113605.25823545456,518453.6422147751,260876.5251476278,7232410.0,29919.895263671875,0.0,0.0,4799612.0,55994.0234375,112.589,,0.0,0.0,0.0,0.0,0.0,0.0,284.8,152.5,1.0,11454043.0,81374.95056207123,0.0,0.0,0.0,0.0,0.0,0.0,0.0,0.0,0.0,0.0,0.0,0.0,0.0,0.0,0.0,0.0,0.0,0.0,366857.0,16410.0,2841.0,68636.0,117912.0,2627.0,35271.0,8564.0,6548.0,19921.0,67355.0,4713153.238635148,29919.895263671875,0.0,29919.895263671875,182.0,26,1.2246467991473532e-16,-1.0,2019.0,12091160.035593493,91418.07071223436,16.30798525070085,11.423209386796161,11.423209386796161,13.477177791630549
2019-07-01,de,780859.0,403589.0,799254.9381982315,4402023.96315018,257134.9181785738,555276.4417674952,206857.24202632904,561968.0964956284,962110.6589143411,0.0,129040.46622998445,3527430.7665272495,71741.39140498033,534625.932607898,134005.4830517769,550089.5728001595,294472.78913993965,4320918.0,21463.7451171875,0.0,0.0,5816079.0,60954.84033203125,91.4496,,0.0,0.0,0.0,71722.0,0.0,0.0,305.7,258.9,1.0,15993568.0,96792.22804586169,0.0,0.0,0.0,0.0,0.0,0.0,0.0,0.0,0.0,0.0,0.0,0.0,1.0,0.0,0.0,0.0,0.0,0.0,401152.0,17060.0,3080.0,75136.0,131368.0,2959.0,37984.0,9864.0,7490.0,22575.0,72187.0,5241406.401761988,21463.7451171875,71722.0,93185.7451171875,183.0,27,-0.12053668025532327,-0.992708874098054,2019.0,12425350.703858236,147280.84875400312,16.33524943569189,11.900103368476215,11.900103368476215,13.568151155390947
2019-07-08,de,817266.0,201686.0,823507.4277826485,4749409.972141058,264645.91584205686,586643.7295645712,238556.06638769008,593006.5160827637,1096629.13077457,0.0,148815.17941723583,3845305.1504854844,83031.00818450603,557712.4506460681,152824.88005817594,576264.6010255814,328230.6334120152,12627089.0,62158.93212890625,0.0,0.0,6351329.0,65848.5810546875,98.0461,,0.0,0.0,0.0,71722.0,0.0,0.0,304.6,269.4,1.0,19967132.0,115767.0812457857,0.0,0.0,0.0,0.0,0.0,0.0,0.0,0.0,0.0,0.0,0.0,0.0,0.0,0.0,0.0,0.0,0.0,0.0,418396.0,17813.0,3380.0,76256.0,139888.0,3068.0,39188.0,10972.0,8242.0,24249.0,75802.0,5692183.903229067,62158.93212890625,71722.0,133880.93212890625,184.0,28,-0.23931566428755743,-0.9709418174260521,2019.0,13075096.135537876,221575.93792694688,16.3862199969919,12.308525157712758,12.308525157712758,13.613721125838449
2019-07-15,de,798550.0,308819.0,816928.4668322688,4753957.188110505,249513.3475437355,555889.8780836095,225638.73944876765,600579.3834676743,1072219.0420135914,0.0,172677.47067772358,3731375.0198549223,78517.72744739626,511357.84281236853,133816.2000372442,584340.7617404461,312029.7972639914,13500690.0,56957.224609375,0.0,0.0,5983956.0,61437.90625,96.0168,,0.0,0.0,0.0,71722.0,0.0,0.0,296.8,134.2,1.0,13602801.0,73706.6789499694,0.0,0.0,0.0,0.0,0.0,0.0,0.0,0.0,0.0,0.0,0.0,0.0,0.0,0.0,0.0,0.0,0.0,0.0,411770.0,18564.0,3245.0,73695.0,136036.0,2785.0,37083.0,10247.0,7849.0,24567.0,72689.0,5524114.819834093,56957.224609375,71722.0,128679.224609375,185.0,29,-0.3546048870425356,-0.9350162426854148,2019.0,13292112.827832326,260861.63622785936,16.402681472054645,12.471749249783887,12.471749249783887,13.59055411435341
2019-07-22,de,764413.0,477156.0,803944.9132230529,4771374.3851183895,222138.46973387306,553070.8014973657,219668.13110256195,594000.0316467285,1112244.3414484966,0.0,142887.18885560267,3621104.735517212,67578.4631502786,487598.39710466436,130465.45280861855,560643.3484559059,291727.4705949997,12587335.0,47550.591796875,0.0,0.0,6089062.0,63932.119140625,113.3315,,0.0,0.0,0.0,71722.0,0.0,0.0,355.6,141.2,1.0,12007446.0,57902.998643349354,0.0,0.0,0.0,0.0,0.0,0.0,0.0,0.0,0.0,0.0,0.0,0.0,0.0,0.0,0.0,0.0,0.0,0.0,393443.0,17990.0,3331.0,69222.0,131063.0,2486.0,35736.0,9768.0,7288.0,24295.0,69779.0,5302005.056487283,47550.591796875,71722.0,119272.591796875,186.0,30,-0.46472317204376806,-0.8854560256532101,2019.0,13198806.155121282,273619.66425515315,16.395637016436986,12.51949798912686,12.51949798912686,13.546864806198853
2019-07-29,de,790841.0,290711.0,825690.9325716037,4676976.535604329,263302.64820136596,580818.7001462561,236086.739276886,604527.9763174057,981177.5369852986,0.0,155187.0379537887,3594094.6129255434,81765.12295581066,500917.155052459,141778.41546916962,590793.0865716934,296623.5128035341,6921922.0,32138.72607421875,0.0,0.0,2704031.0,30006.649773597717,97.4612,,0.0,0.0,0.0,75475.0,0.0,0.0,375.2,192.4,1.0,12321392.0,55868.47493000217,0.0,0.0,0.0,0.0,0.0,0.0,0.0,0.0,0.0,0.0,0.0,0.0,0.0,0.0,0.0,0.0,0.0,0.0,403294.0,18157.0,3365.0,74051.0,135712.0,2274.0,37844.0,10441.0,7898.0,25323.0,72461.0,5361158.943731999,32138.72607421875,75475.0,107613.72607421875,187.0,31,-0.5680647467311556,-0.8229838658936566,2019.0,13191383.599576995,271345.211090875,16.39507449261685,12.51115081621321,12.51115081621321,13.58085347964217
2019-08-05,de,823139.0,330321.0,836432.9334363433,4856441.846539685,244955.61797220734,632559.1663752906,235626.33290863037,648703.6904096603,1000944.73883837,0.0,143960.56091875816,3709600.3098807954,68626.78434954428,529943.0330984372,151012.83620119095,620679.7860069275,305549.9015185111,10179632.0,44764.595703125,0.0,0.0,5226668.0,50927.11474609375,104.518,,0.0,0.0,0.0,78290.0,0.0,0.0,289.5,188.9,1.0,10799600.0,50564.34808314635,0.0,0.0,0.0,0.0,0.0,0.0,0.0,0.0,0.0,0.0,0.0,0.0,0.0,0.0,0.0,0.0,0.0,0.0,422344.0,19965.0,3611.0,73975.0,139856.0,2226.0,39809.0,10675.0,8577.0,26742.0,75352.0,5529373.2119741645,44764.595703125,78290.0,123054.595703125,188.0,32,-0.6631226582407953,-0.748510748171101,2019.0,13352326.152652081,285408.70837366564,16.40720124616954,12.561681000172547,12.561681000172547,13.620881574548266
2019-08-12,de,814434.0,339005.0,788361.454910689,4722383.793862669,226513.21493103026,644677.587685289,231891.05046749115,654998.5187835693,990058.3633193576,0.0,118710.19456909205,3591182.7074579275,64501.396076108926,538958.1299612783,148972.31339120865,647936.5160627365,302622.7909959662,9411656.0,40705.35595703125,0.0,0.0,2062882.0,20288.509872436523,98.482,,0.0,0.0,0.0,78290.0,0.0,0.0,285.5,163.7,1.0,12085168.0,62108.33083105334,0.0,0.0,0.0,0.0,0.0,0.0,0.0,0.0,0.0,0.0,0.0,0.0,0.0,0.0,0.0,0.0,0.0,0.0,415071.0,19989.0,3447.0,72047.0,139590.0,2158.0,40391.0,10161.0,8498.0,27261.0,75748.0,5412884.048514318,40705.35595703125,78290.0,118995.35595703125,189.0,33,-0.7485107481711009,-0.6631226582407955,2019.0,13340788.972190844,289604.58308970934,16.406336815003577,12.576275217932555,12.576275217932555,13.610249900279296
2019-08-19,de,784122.0,443925.0,747589.4255492163,4582253.0082902005,242122.80134313018,633089.0917781517,223214.20726251602,560996.1317453384,905345.1073721948,0.0,119513.5416716711,3363600.4860302107,67665.12299714355,519187.21395664,138006.73177194595,535403.3891634941,274643.3689659182,8077774.0,35711.4404296875,0.0,0.0,880552.0,8338.843872070312,103.4105,,0.0,0.0,0.0,78290.0,0.0,0.0,186.3,157.5,1.0,12943831.0,70252.9146567628,0.0,0.0,0.0,0.0,0.0,0.0,0.0,0.0,0.0,0.0,0.0,0.0,0.0,0.0,0.0,0.0,0.0,0.0,400996.0,19231.0,3532.0,68469.0,133582.0,2183.0,39825.0,9640.0,7938.0,24146.0,74523.0,5018019.854557024,35711.4404296875,78290.0,114001.4404296875,190.0,34,-0.8229838658936564,-0.5680647467311559,2019.0,12943330.361970896,287261.6509354812,16.37609126073256,12.56815223629205,12.56815223629205,13.57232117478205
2019-08-26,de,773148.0,440179.0,737459.1082996028,4302750.673276604,250553.08016018145,622984.0360575401,230682.9739494694,534767.2468128204,803097.713696421,0.0,103048.64148385361,3200125.0346977226,73209.30454621746,495245.9187281919,138701.5958829089,517642.8196659089,257298.2432429829,6813499.0,29658.788818359375,0.0,0.0,0.0,0.0,108.9612,,0.0,0.0,0.0,76198.0,0.0,0.0,133.5,142.0,1.0,12816312.0,68211.54411692524,0.0,0.0,0.0,0.0,0.0,0.0,0.0,0.0,0.0,0.0,0.0,1.0,0.0,0.0,0.0,0.0,0.0,0.0,400072.0,19508.0,3341.0,68580.0,127549.0,2121.0,39542.0,8835.0,8204.0,22711.0,72624.0,4785271.558247786,29658.788818359375,76198.0,105856.78881835938,191.0,35,-0.88545602565321,-0.46472317204376834,2019.0,12463234.274881305,276648.6166949406,16.338293690499327,12.530507062801856,12.530507062801856,13.558227064492664
2016-01-04,gb,614875.0,627327.0,395784.81829749694,3529946.569579302,182387.37334604093,144116.19280535288,834869.0883330613,791081.1760832841,270142.47645080375,0.0,80888.057353812,4231363.669116075,68273.89400899045,225715.90065074217,839895.8198496075,507392.84304230905,124627.15871980511,0.0,0.0,2337360.0,13225.902114339999,21.0,0.1106466757291781,131.0,494036.95822615834,0.0,0.0,0.0,0.0,0.0,111717.52700413919,199.9,789.8,1.32603791,0.0,0.0,0.0,0.0,0.0,0.0,0.0,0.0,0.0,0.0,0.0,0.0,0.0,0.0,0.0,0.0,0.0,0.0,0.0,0.0,278074.0,23339.0,2537.0,54854.0,157767.0,2161.0,12636.0,5114.0,23574.0,22261.0,32558.0,6078157.342741342,13225.902114339999,605754.4852302975,618980.3873446375,1.0,1,0.12053668025532306,0.992708874098054,2016.0,6078157.342741342,618980.3873446375,15.620212303903235,13.335830482304537,13.335830482304537,13.329175900443136
2016-01-11,gb,581537.0,628802.0,378092.40589828737,3380671.3489654902,213078.87943893834,136901.600726753,753961.5464557848,887918.534084336,244340.47934747752,0.0,85134.71835924781,4171580.86595866,88197.20092083878,234620.43790774862,737126.3881175693,581650.895336806,116742.37352146565,0.0,0.0,4389898.0,24839.34213012,1659.0,4.275882117847,0.0,0.0,0.0,0.0,0.0,0.0,0.0,63838.58117648849,207.8,753.9,1.32603791,33089.0,49.65863301735499,0.0,0.0,0.0,0.0,0.0,0.0,0.0,0.0,0.0,0.0,0.0,0.0,0.0,0.0,0.0,0.0,0.0,0.0,261957.0,22327.0,2870.0,51107.0,148312.0,2381.0,11989.0,4665.0,20960.0,23546.0,31419.0,6015052.880122336,24839.34213012,63838.58117648849,88677.92330660849,2.0,2,0.23931566428755777,0.970941817426052,2016.0,9661947.285767142,460066.155713391,16.083705871750055,13.03912774849096,13.03912774849096,13.27343159704307
2016-01-18,gb,572996.0,648449.0,358353.00670339586,3440737.4550778167,217497.01583252614,130541.78115212549,710249.5799935767,981258.8040824118,243369.78613803122,0.0,87971.94762817811,4280745.964428576,95064.00201525037,238639.36623557814,684755.5863590305,605496.3463114676,121794.80725005062,0.0,0.0,4992030.0,28245.93352091,36474.0,51.39228466707555,0.0,0.0,0.0,0.0,0.0,0.0,0.0,0.0,298.8,887.6,1.32603791,8440.0,26.66701086293931,0.0,1.0,0.0,0.0,0.0,0.0,0.0,0.0,0.0,0.0,0.0,0.0,0.0,0.0,0.0,0.0,0.0,0.0,257967.0,21993.0,2882.0,47514.0,148078.0,2479.0,11261.0,4833.0,19437.0,25044.0,31508.0,6114468.020228131,28245.93352091,0.0,28245.93352091,3.0,3,0.3546048870425356,0.9350162426854148,2016.0,11911636.391688416,304285.62694894464,16.293026412292363,12.625725387988526,12.625725387988526,13.258635760081077
2016-01-25,gb,578357.0,635891.0,348894.5905215319,3379403.5272899102,220572.2964416151,129641.87761461042,672238.5485104644,949130.7734888192,250228.72751496662,0.0,88125.20709786503,4229265.687197466,103880.7971060557,261795.8329208889,671076.7719182537,555997.2236956314,132190.15582560637,0.0,0.0,3312499.0,18743.54585785,20050.0,37.60341653868621,0.0,0.0,0.0,0.0,0.0,0.0,0.0,0.0,291.5,577.6,1.32603791,64379.0,269.67320045349686,0.0,0.0,0.0,0.0,0.0,0.0,0.0,0.0,0.0,0.0,0.0,0.0,0.0,0.0,0.0,0.0,0.0,0.0,260095.0,21279.0,2559.0,47414.0,149819.0,2720.0,11252.0,5188.0,18833.0,26569.0,32629.0,6042331.675761767,18743.54585785,0.0,18743.54585785,4.0,4,0.46472317204376856,0.8854560256532099,2016.0,13189313.510774815,201314.92202721676,16.394917552969588,12.212630704511964,12.212630704511964,13.267948333082277
2016-02-01,gb,574233.0,607872.0,346566.0587288661,3291853.050764006,263848.0846250188,132314.31573816962,612627.7067004524,932273.2395977632,234479.34157385986,0.0,80544.01678812059,4137824.292506546,124355.07975646907,274520.4721792479,585107.8517399337,555697.6649641013,127379.21237984906,0.0,0.0,115.0,1.28848874,7.0,0.0600243251188777,0.0,0.0,0.0,0.0,0.0,0.0,0.0,0.0,215.0,510.0,1.28848874,832839.0,2100.7721493351746,0.0,0.0,0.0,0.0,0.0,0.0,0.0,0.0,0.0,0.0,0.0,0.0,0.0,0.0,0.0,0.0,0.0,0.0,259264.0,20029.0,2514.0,47583.0,150429.0,3289.0,11810.0,4933.0,16790.0,26123.0,31469.0,5885428.590314267,1.28848874,0.0,1.28848874,5.0,5,0.5680647467311558,0.8229838658936564,2016.0,13799016.696779158,120790.24170507005,16.440107966201104,11.70181905941295,11.70181905941295,13.260792257733925
2016-02-08,gb,565438.0,625861.0,341098.4709620627,3197282.4097941862,248575.02789333518,141025.01560283685,614744.3019489337,928186.3603571847,224655.5753772586,0.0,75188.46048135567,3965814.858727922,112578.46754367316,269739.39143864735,530239.8373226954,545721.9864237746,117664.56764835169,0.0,0.0,29.0,0.0,3.0,0.0,0.0,0.0,0.0,0.0,0.0,0.0,0.0,0.0,230.9,307.4,1.28848874,1409298.0,5119.405733378685,0.0,0.0,1.0,0.0,0.0,0.0,0.0,0.0,0.0,0.0,0.0,0.0,0.0,0.0,0.0,0.0,0.0,0.0,253946.0,20120.0,2586.0,47373.0,147175.0,3233.0,12842.0,4720.0,15912.0,26750.0,30781.0,5616947.56958642,0.0,0.0,0.0,6.0,6,0.6631226582407952,0.7485107481711011,2016.0,13896357.587653914,72474.14502304202,16.447137391669003,11.190998954795678,11.190998954795678,13.245357699577665
2016-02-15,gb,562017.0,630035.0,341444.47115919465,3220852.600887638,243636.78729444472,131426.2053832355,653780.3768660389,889659.6814255974,234394.72517289687,0.0,75702.08428933752,3965476.442226602,107304.12208164907,248556.4641014644,612936.8930867349,527562.1224624491,130703.88507984119,0.0,0.0,40.0,0.0,1.0,0.0,0.0,0.0,0.0,0.0,0.0,0.0,0.0,0.0,282.3,405.6,1.28848874,148468.0,960.7286851695804,0.0,0.0,0.0,1.0,0.0,0.0,0.0,0.0,0.0,0.0,0.0,0.0,0.0,0.0,0.0,0.0,0.0,0.0,257203.0,20199.0,2675.0,47646.0,142922.0,3193.0,11760.0,4967.0,15807.0,24151.0,31494.0,5668242.013328078,0.0,0.0,0.0,7.0,7,0.7485107481711011,0.6631226582407953,2016.0,14006056.565920426,43484.487013825215,16.455000477279146,10.680182529543195,10.680182529543195,13.239289156832678
2016-02-22,gb,549249.0,601140.0,327657.2517796917,3065957.096524756,214620.79125371887,137249.54089124384,569986.5091688932,817551.0337779884,225396.4897256398,0.0,76838.74441553999,3678580.819839281,96738.80106591579,266453.33334553445,515865.2893774991,480032.6895186743,137386.04359232142,0.0,0.0,23.0,0.0,5.0,0.059840919509730695,0.0,0.0,0.0,0.0,0.0,0.0,0.0,0.0,251.2,258.9,1.28848874,166622.0,1182.443843507198,0.0,0.0,0.0,0.0,0.0,0.0,0.0,0.0,0.0,0.0,0.0,0.0,0.0,0.0,0.0,0.0,0.0,0.0,249857.0,20066.0,2639.0,46182.0,141199.0,2935.0,12429.0,5307.0,14942.0,22957.0,30736.0,5251895.721154766,0.0,0.0,0.0,8.0,8,0.8229838658936565,0.5680647467311558,2016.0,13655529.660707023,26090.692208295128,16.42965517414194,10.169372236445026,10.169372236445026,13.216308990246857
2016-02-29,gb,560397.0,608609.0,324823.95826386876,2953343.276369625,231787.46926238458,140200.6882347923,570419.4127846466,896371.2178213045,231354.35963205562,0.0,71910.98554729606,3602197.666872344,107622.37702547165,281982.4968235164,552035.8627663378,553252.1268870834,152205.4616674973,0.0,0.0,2304264.0,27089.18726976,1019358.0,15705.48275903251,163.9,590687.2016518088,0.0,0.0,0.0,0.0,0.0,0.0,254.3,308.2,1.28848874,13119700.0,36167.97251007345,0.0,0.0,0.0,0.0,0.0,0.0,0.0,0.0,0.0,0.0,0.0,0.0,0.0,0.0,0.0,0.0,0.0,0.0,254064.0,20019.0,2693.0,46840.0,141126.0,3233.0,12849.0,5733.0,16553.0,25673.0,31614.0,5321206.977589547,27089.18726976,590687.2016518088,617776.3889215688,9.0,9,0.8854560256532099,0.4647231720437686,2016.0,13412435.070779903,623034.3106238433,16.41169289951867,13.342358474532363,13.342358474532363,13.23640252455925
2016-03-07,gb,561915.0,592210.0,335788.5057850119,3038047.1144869085,175677.1094019848,141220.04266367995,633688.1868918759,939166.5818857225,249756.5397868435,0.0,70853.90958481656,3684702.2628274723,78531.05297195798,290148.5840537302,633738.6223637054,610076.8571421842,182598.96893140743,0.0,0.0,2895514.0,33824.55242459,1241084.0,22161.93770931463,157.7,564735.848833925,0.0,0.0,0.0,0.0,0.0,18916.207141150902,274.9,371.3,1.28031161,13648410.0,42283.37815039021,0.0,0.0,0.0,0.0,0.0,0.0,0.0,0.0,0.0,0.0,0.0,0.0,0.0,0.0,0.0,0.0,0.0,0.0,255529.0,19150.0,2821.0,46600.0,142333.0,2399.0,12875.0,6206.0,17022.0,25285.0,31695.0,5550650.257875274,33824.55242459,583652.0559750759,617476.6083996659,10.0,10,0.9350162426854148,0.35460488704253557,2016.0,13497081.50976022,989807.7461856465,16.417984109665312,13.805267017776954,13.805267017776954,13.239107651512473
2016-03-14,gb,558021.0,558555.0,325620.51325445,2963214.677783568,160940.0589190123,140191.57958702318,684097.2013846438,881382.182523444,229973.74577686947,0.0,69163.22422847243,3573640.389958586,77906.85610253668,298240.531165098,686543.9156524634,548231.0754634675,178026.4333858169,0.0,0.0,3074840.0,35919.14221855,1223927.0,22025.82010787205,132.1,473060.2754772079,0.0,0.0,0.0,0.0,0.0,44137.8209303908,249.8,215.1,1.28031161,12634128.0,50692.092072021,0.0,0.0,0.0,0.0,0.0,0.0,0.0,0.0,0.0,0.0,0.0,0.0,0.0,0.0,0.0,0.0,0.0,0.0,256016.0,18246.0,2930.0,45419.0,141540.0,2138.0,12888.0,5964.0,17924.0,24262.0,30695.0,5431752.425956441,35919.14221855,517198.0964075987,553117.2386261487,11.0,11,0.970941817426052,0.23931566428755782,2016.0,13427301.748629937,1146527.46311877,16.412800710549956,13.952249207067677,13.952249207067677,13.232153667109541
2016-03-21,gb,520069.0,467837.0,308217.8498275299,2914138.554959595,170523.81788948967,141608.09329845043,533613.637338829,778112.0373997401,227623.45596640647,0.0,65419.56251921696,3351624.4539565607,91947.24971422303,273735.4931159002,619307.013903621,468483.8416687241,158360.56572111466,0.0,0.0,2492258.0,29114.2860114,1092947.0,21667.60241129381,0.0,0.0,0.0,0.0,0.0,0.0,0.0,44137.8209303908,141.4,257.3,1.28031161,13115873.0,57510.96424938267,0.0,0.0,0.0,0.0,1.0,0.0,0.0,0.0,0.0,0.0,0.0,0.0,0.0,0.0,0.0,0.0,0.0,0.0,240545.0,15440.0,2766.0,41253.0,132660.0,2324.0,12469.0,5711.0,16725.0,21939.0,28237.0,5028878.180599361,29114.2860114,44137.8209303908,73252.1069417908,12.0,12,0.992708874098054,0.120536680255323,2016.0,12983771.260178162,760853.7652178569,16.379210847987167,13.542197771347452,13.542197771347452,13.161718696882387
2016-03-28,gb,558155.0,538917.0,320375.5901892542,3092546.3468454904,172906.44656980806,146271.81194510584,573300.8463756649,883641.831908777,234663.00839933887,0.0,63758.54962840828,3714384.9985384042,83175.74396289905,274371.0355923104,745224.6771351196,516382.61579024233,138460.0084132057,0.0,0.0,2504025.0,29251.27935367,790068.0,13405.669560907714,0.0,0.0,0.0,0.0,0.0,0.0,0.0,44137.8209303908,247.1,241.5,1.28031161,10729804.0,52235.75462753705,0.0,0.0,0.0,0.0,0.0,1.0,0.0,0.0,0.0,0.0,0.0,0.0,0.0,0.0,0.0,0.0,0.0,0.0,254641.0,19529.0,2801.0,44043.0,141978.0,2287.0,12628.0,5258.0,19330.0,24853.0,30807.0,5535757.629060589,29251.27935367,44137.8209303908,73389.1002840608,13.0,13,1.0,6.123233995736766e-17,2016.0,13227167.784895992,529901.3377731119,16.397783513560018,13.180448000196186,13.180448000196186,13.23239377218354
2016-04-04,gb,563756.0,332304.0,329080.9426229325,3099559.752428666,209628.99113416567,150330.99810006496,577871.7860749954,825375.5858887602,220522.9241447614,0.0,70770.94483765698,3784862.111739741,80337.1143409657,290948.54077622615,730787.0898926228,488545.19333231915,141637.1619494333,0.0,0.0,858875.0,9889.28259528,486.0,0.02000436863263182,0.0,0.0,0.0,0.0,0.0,0.0,0.0,31076.8812508704,255.0,546.5,1.26203198,1193988.0,1694.554369046921,0.0,0.0,0.0,0.0,0.0,0.0,0.0,0.0,0.0,0.0,0.0,0.0,0.0,0.0,0.0,0.0,0.0,0.0,258906.0,19059.0,2854.0,45738.0,141287.0,2631.0,13527.0,5540.0,19371.0,23285.0,31558.0,5587888.156868964,9889.28259528,31076.8812508704,40966.1638461504,14.0,14,0.992708874098054,-0.12053668025532288,2016.0,13429845.677716175,358906.9665100175,16.412990152031885,12.790821273908065,12.790821273908065,13.242378586573379
2016-04-11,gb,564120.0,607993.0,338462.65641049796,3087084.9761941712,230540.54711149106,147081.5469411597,536011.9779305455,933631.8771598857,205467.03620372326,0.0,75254.84640367427,3740537.127933496,84310.10674122025,299318.9315482054,623895.9431927877,578943.8398292268,138154.71195204466,0.0,0.0,198103.0,2281.75381984,808.0,0.221831639624489,182.2,607447.3787093426,0.0,0.0,0.0,0.0,0.0,0.0,256.4,697.0,1.26203198,4466211.0,7733.206840588333,0.0,0.0,0.0,0.0,0.0,0.0,0.0,0.0,0.0,0.0,0.0,0.0,0.0,0.0,0.0,0.0,0.0,0.0,258237.0,19710.0,2853.0,45982.0,139594.0,2793.0,12654.0,5560.0,17744.0,26742.0,32251.0,5540415.507600656,2281.75381984,607447.3787093426,609729.1325291826,15.0,15,0.9709418174260521,-0.2393156642875575,2016.0,13503118.21445578,825073.3124351931,16.418431269642692,13.62322873693927,13.62322873693927,13.243024046477087
2016-04-18,gb,555879.0,639164.0,333217.77063202666,3003332.719070271,241626.04947845373,140929.42483497024,549034.3951171284,891956.6881625189,216691.2160092024,0.0,71078.1044600505,3734688.871688172,88946.7969643317,280473.1393964983,669278.8989205193,542361.8314388553,141315.35340253936,0.0,0.0,1140866.0,12711.18610256,1339160.0,19446.90798925746,144.4,481423.7173788174,0.0,0.0,0.0,0.0,0.0,0.0,234.3,510.3,1.26203198,6353693.0,14332.368763157674,0.0,0.0,0.0,0.0,0.0,0.0,0.0,0.0,0.0,0.0,0.0,0.0,0.0,0.0,0.0,0.0,0.0,0.0,256704.0,19757.0,2674.0,45302.0,135908.0,2984.0,12298.0,5466.0,18003.0,25211.0,31572.0,5528142.996270966,12711.18610256,481423.7173788174,494134.9034813774,16.0,16,0.9350162426854148,-0.3546048870425357,2016.0,13541802.244108602,989178.8909424932,16.421291995613995,13.804631485816312,13.804631485816312,13.228307722600519
2016-04-25,gb,566931.0,613029.0,345774.49231525464,3088227.720921108,249558.70993149234,161860.35533083155,548534.9304332767,840216.7670449367,212676.0701663497,0.0,65273.418620242475,3728703.751718192,96096.97723589535,298806.95760331035,685196.1366966396,496711.4149747911,151863.47770530195,0.0,0.0,1020744.0,11365.860011879999,1203719.0,17386.454897889354,0.0,0.0,4.0,6839.2289466556,0.0,0.0,0.0,0.0,254.8,127.6,1.26203198,4208683.0,14502.169450141993,0.0,0.0,0.0,0.0,0.0,0.0,1.0,0.0,0.0,0.0,0.0,0.0,0.0,0.0,0.0,0.0,0.0,0.0,260933.0,19183.0,2450.0,46146.0,140635.0,3106.0,14100.0,5899.0,19045.0,24024.0,31410.0,5522652.134554372,11365.860011879999,6839.2289466556,18205.088958535598,17.0,17,0.8854560256532099,-0.4647231720437685,2016.0,13558357.637230823,601336.1524514826,16.422513788698048,13.306911041999825,13.306911041999825,13.247994646064514
2016-05-02,gb,548211.0,525454.0,330317.9242172043,2933464.4040347934,269985.5372664855,150784.28322052892,550417.6502585714,735495.6981985451,198624.9705711106,0.0,62124.043059678464,3552524.154469288,99336.23027296024,288303.47276920616,706850.2754661374,435449.09722878406,150218.23317813955,0.0,0.0,987386.0,11185.699567680002,1274215.0,18783.162792082294,0.0,0.0,20.8,36181.43689695081,0.0,0.0,0.0,0.0,84.3,329.1,1.28394164,11081.0,52.24364125277141,0.0,0.0,0.0,0.0,0.0,0.0,0.0,1.0,1.0,0.0,0.0,0.0,0.0,0.0,0.0,0.0,0.0,0.0,255646.0,18477.0,2394.0,43540.0,135619.0,3276.0,12804.0,5463.0,19052.0,21208.0,30732.0,5294805.506444193,11185.699567680002,36181.43689695081,47367.13646463081,18.0,18,0.8229838658936565,-0.5680647467311557,2016.0,13336590.478947375,397797.5920245822,16.406022054479887,12.893701105990472,12.893701105990472,13.214417352432477
2016-05-09,gb,578782.0,629610.0,336678.7475338827,2970550.2952676164,254770.69048971997,149148.92120099792,549746.9739920327,897024.5988237762,206441.2283675764,0.0,80291.95905177973,3692218.1652353792,97454.09116764343,304137.2939947506,711465.9058265437,529176.3643300494,157974.201455055,0.0,0.0,1120671.0,12695.61493632,19362797.0,35837.4675129061,148.61,526749.7431534033,20.89,36337.641236873205,0.0,0.0,0.0,0.0,230.3,262.3,1.28394164,1540910.0,1455.1656152032278,0.0,0.0,0.0,0.0,0.0,0.0,0.0,0.0,0.0,0.0,0.0,0.0,0.0,0.0,0.0,0.0,0.0,0.0,268450.0,20084.0,2792.0,46620.0,139659.0,3307.0,13357.0,5805.0,19259.0,26226.0,33223.0,5572717.981061202,12695.61493632,563087.3843902765,575782.9993265965,19.0,19,0.7485107481711013,-0.663122658240795,2016.0,13483439.685602872,805171.3089026229,16.41697287461838,13.598811581821865,13.598811581821865,13.26868290219548
2016-05-16,gb,602811.0,666298.0,380559.19974854897,3232508.8557439134,277473.5732092422,149076.85614908938,551203.0008632697,1045903.0461127231,245203.2194702309,0.0,89352.49976597837,3967563.4238986564,107825.7367709474,322214.9450519476,689357.5205952626,633051.2655177248,176605.75807051023,0.0,0.0,1258006.0,14250.468262360002,739978.0,9950.545131541612,148.46,526206.5844820177,23.44,40778.975121462805,0.0,0.0,0.0,0.0,85.4,294.5,1.28394164,646228.0,572.2302942987823,0.0,0.0,0.0,0.0,0.0,0.0,0.0,0.0,0.0,1.0,0.0,0.0,0.0,0.0,0.0,0.0,0.0,0.0,275675.0,20687.0,3174.0,50863.0,146508.0,3617.0,12741.0,6581.0,18558.0,30263.0,34144.0,5985971.149671027,14250.468262360002,566985.5596034805,581236.0278658405,20.0,20,0.6631226582407952,-0.7485107481711012,2016.0,13991569.118490895,1063108.4590988827,16.453965571830306,13.876708623893855,13.876708623893855,13.309360652636533
2016-05-23,gb,575145.0,630458.0,374128.15925318754,3257442.9509564238,282068.4080843568,148057.79606289451,497450.6842278744,1139973.1018731324,225063.96043350967,0.0,86903.76493507574,3912323.163132446,120217.1114159253,320068.9171095649,610276.092369482,700235.4045314109,155054.59338016022,0.0,0.0,1866323.0,21141.383044240003,537433.0,6355.129185904696,0.62,2194.6157664192,22.28,38757.344812200805,0.0,0.0,0.0,0.0,237.5,368.6,1.28394164,1105503.0,1224.6673339949032,0.0,0.0,0.0,0.0,0.0,0.0,0.0,0.0,0.0,0.0,0.0,0.0,0.0,0.0,0.0,0.0,0.0,0.0,262255.0,18696.0,2934.0,47752.0,140465.0,3719.0,12559.0,5871.0,16726.0,31872.0,32296.0,5905079.046874065,21141.383044240003,40951.960578620005,62093.343622860004,21.0,21,0.5680647467311558,-0.8229838658936564,2016.0,14207041.04710968,698725.7640115625,16.469248318454937,13.457015049247815,13.457015049247815,13.262379200592505
2016-05-30,gb,589032.0,602015.0,361367.913995337,3223827.645602189,320791.98782903055,150223.2439460528,568218.8933454818,997956.3647346497,217210.04935153335,0.0,80234.6528631281,3866810.187803077,134218.99074222796,327388.62650234,727049.0248829678,590535.5391716957,149016.82068350835,2.0,0.0,162302.0,1838.6044284800003,741170.0,8474.45930938315,0.0,0.0,11.9,20699.951068991602,0.0,0.0,0.0,0.0,189.4,196.8,1.28394164,65823.0,293.79847648933765,0.0,0.0,0.0,0.0,0.0,0.0,0.0,0.0,0.0,0.0,1.0,1.0,0.0,0.0,0.0,0.0,0.0,0.0,268963.0,18833.0,3164.0,48695.0,143836.0,3873.0,13043.0,5526.0,19341.0,30266.0,33493.0,5875253.842648945,1838.6044284800003,20699.951068991602,22538.555497471603,22.0,22,0.4647231720437687,-0.8854560256532098,2016.0,14305623.407369878,441085.9396618629,16.47616333310268,12.996997277089427,12.996997277089427,13.286237488228947
2016-06-06,gb,582651.0,625001.0,353476.1028794512,3189675.7586506875,306348.46036013745,145624.4582617088,528592.9713677852,1023746.6568546295,225000.04624772805,0.0,79642.14427611927,3921270.8807354625,127483.42619363347,304194.1232886361,680008.4529536801,634741.7366085052,150547.8915943183,1302588.0,15653.371502,12704940.0,42320.206518,1319440.0,21250.48839665486,43.5,180594.72110104002,0.0,0.0,0.0,0.0,0.0,1195.319651255,213.7,459.0,1.2635915,9755748.0,40546.075240010905,0.0,0.0,0.0,0.0,0.0,0.0,0.0,0.0,0.0,0.0,0.0,0.0,0.0,0.0,0.0,0.0,0.0,0.0,267863.0,19288.0,3058.0,47697.0,140955.0,3723.0,12721.0,5595.0,18143.0,30136.0,33472.0,5897888.655650355,57973.57802,181790.04075229503,239763.618772295,23.0,23,0.35460488704253584,-0.9350162426854147,2016.0,14388204.99474014,494174.0745027914,16.481919400816384,13.110645135212078,13.110645135212078,13.275345374587983
2016-06-13,gb,577074.0,633007.0,353729.74054894235,3256254.3081605625,262364.83801134705,142836.14327823414,540180.2981385443,1016723.0777777159,235498.58376473325,0.0,80162.4161458646,4015862.375308109,106761.84408526904,295116.8886896101,684845.6918362468,624609.1142999205,150818.0243035829,1086493.0,13056.6909695,10597238.0,35299.692144,1195302.0,17554.96245925621,169.8,704942.1304027201,0.0,0.0,0.0,0.0,0.0,2789.0749742900002,214.3,415.7,1.2635915,11207923.0,49838.217688350756,0.0,0.0,0.0,0.0,0.0,0.0,0.0,0.0,0.0,0.0,0.0,0.0,0.0,0.0,0.0,0.0,0.0,0.0,265627.0,19236.0,3211.0,46915.0,141565.0,3257.0,12174.0,5587.0,17564.0,29537.0,32404.0,5958176.354668603,48356.3831135,707731.20537701,756087.58849051,24.0,24,0.23931566428755768,-0.970941817426052,2016.0,14498247.77724444,1044292.464291727,16.489538426113896,13.858851103989497,13.858851103989497,13.265727519712199
2016-06-20,gb,564666.0,602527.0,353821.96665262827,3213711.7297959207,235415.65454527113,139426.05244725852,506411.97956890037,1139938.1627407074,228716.30589514552,0.0,76298.42288243698,3858349.6370635624,89190.93773188943,288507.989478867,582888.3112654239,713446.8039922714,146343.7748808073,1061887.0,12761.0105585,10357238.0,34499.8387245,1409729.0,15710.32355119829,158.1,656368.38427939,0.0,0.0,0.0,0.0,0.0,2789.0749742900002,250.2,345.3,1.2635915,6876316.0,39258.163632479445,0.0,0.0,0.0,0.0,0.0,0.0,0.0,0.0,0.0,0.0,0.0,0.0,0.0,0.0,0.0,0.0,0.0,0.0,261297.0,18333.0,3012.0,44855.0,138086.0,2899.0,11673.0,5342.0,15486.0,32335.0,31353.0,5755025.877295258,47260.849282999996,659157.45925368,706418.30853668,25.0,25,0.12053668025532308,-0.992708874098054,2016.0,14361215.194765603,1332688.0115247546,16.480041811226886,14.102709272260887,14.102709272260887,13.243991455844625
2016-06-27,gb,589960.0,615594.0,375554.4379333419,3575859.808919961,337602.284841156,144580.571275093,552848.8205608228,1320861.977344513,241901.6710607457,0.0,76230.12988201872,4146396.171850155,116220.0224856503,270760.77794880077,646878.6898085593,790818.5690927505,154532.8253518668,3243710.0,38979.270592,20489908.0,59248.541843499996,2530670.0,28573.62275733455,185.4,664811.98067252,0.0,0.0,0.0,0.0,0.0,2789.0749742900002,399.4,113.6,1.2635915,9876980.0,45408.152503697995,0.0,0.0,0.0,0.0,0.0,0.0,0.0,0.0,0.0,0.0,0.0,0.0,0.0,0.0,0.0,0.0,0.0,0.0,267783.0,18697.0,3262.0,46595.0,146976.0,3642.0,11953.0,5401.0,16004.0,36904.0,32748.0,6201837.186419802,98227.8124355,667601.05564681,765828.86808231,26.0,26,1.2246467991473532e-16,-1.0,2016.0,14729633.902824046,1564646.0889943608,16.505372002172646,14.263170854286912,14.263170854286912,13.287811712002174
2016-07-04,gb,625165.0,656849.0,403157.967296691,3984240.6449855305,389029.30917613796,153066.47424437618,604649.1697137959,1460847.8256950378,268398.4590010806,0.0,92872.74726510466,4474472.784150812,131299.6840136613,274256.5030730305,691946.7063428166,876583.8785538673,165776.8891392412,1798676.0,20322.71716695,9806703.0,24839.93264013,1599049.0,20916.23906927817,16.1,39834.7355422194,0.0,0.0,0.0,0.0,0.0,2622.4800171834004,282.9,414.9,1.18811559,11266444.0,55253.64912877669,0.0,0.0,0.0,0.0,0.0,0.0,0.0,0.0,0.0,0.0,0.0,0.0,1.0,0.0,0.0,0.0,0.0,0.0,280151.0,19585.0,3239.0,49661.0,157826.0,4264.0,12553.0,5973.0,17279.0,40224.0,34413.0,6707209.192538532,45162.64980708,42457.2155594028,87619.8653664828,27.0,27,-0.12053668025532327,-0.992708874098054,2016.0,15451389.271388179,1016736.5753811299,16.55320954246272,13.832109603759847,13.832109603759847,13.345772493453103
2016-07-11,gb,618853.0,637170.0,381252.36470108945,3933445.618740108,373130.1364706702,155810.52742147446,630475.7034466709,1508360.1738796234,269986.0760571812,0.0,84231.96402847409,4275438.827776075,130590.34093341848,307920.80318546295,694332.5537922323,907969.1863279343,160933.9425766397,1519650.0,17170.64650668,8285392.0,20985.68566617,732665.0,10423.17968668166,164.0,405769.9768780041,0.0,0.0,0.0,0.0,0.0,0.0,222.4,336.5,1.18811559,4818472.0,22997.060030930035,0.0,0.0,0.0,0.0,0.0,0.0,0.0,0.0,0.0,0.0,0.0,0.0,0.0,0.0,0.0,0.0,0.0,0.0,277422.0,19103.0,3534.0,46134.0,157865.0,4331.0,12353.0,5873.0,18380.0,39744.0,34117.0,6561417.618620237,38156.33217285,405769.9768780041,443926.30905085406,28.0,28,-0.23931566428755743,-0.9709418174260521,2016.0,15731709.852267887,1044205.7209577329,16.571189032773518,13.858768036403813,13.858768036403813,13.335624659549122
2016-07-18,gb,609837.0,644204.0,379947.50733353116,3911496.806342758,352547.7420016702,147411.18252544414,593400.0610953607,1512092.4785785675,250942.6945324984,0.0,101493.91512386478,4185405.957415125,120942.29243529444,294372.5183905558,642947.7418769342,867961.3919830321,147151.84232823597,2562379.0,28952.00069712,13970534.0,35385.64661697,2478788.0,29999.24558256091,138.2,341935.4371104996,0.0,0.0,0.0,0.0,0.0,0.0,249.2,159.9,1.18811559,9705047.0,28512.701730420635,0.0,0.0,0.0,0.0,0.0,0.0,0.0,0.0,0.0,0.0,0.0,0.0,0.0,0.0,0.0,0.0,0.0,0.0,274640.0,18769.0,3322.0,45264.0,155919.0,4124.0,11789.0,5327.0,17412.0,40055.0,33216.0,6360275.659553043,64337.64731409,341935.4371104996,406273.0844245896,29.0,29,-0.3546048870425356,-0.9350162426854148,2016.0,15700118.91842983,1031753.5872648048,16.569178908405917,13.846771393706039,13.846771393706039,13.320948627108043
2016-07-25,gb,648698.0,725307.0,399724.45866492775,4246063.88594348,368120.7873893841,157253.2844755401,615657.8580971825,1691205.719680786,274856.2780359132,0.0,169872.38067703272,4513467.514102423,127401.37000135682,300742.5602215233,684082.2189404641,960422.9160146713,150864.66777548418,1216759.0,13747.68549189,6633989.0,16803.51878937,3718993.0,46022.36744164259,8.5,21030.762771654598,0.0,0.0,0.0,0.0,0.0,0.0,329.7,343.8,1.18811559,271088.0,596.506247704056,0.0,0.0,0.0,0.0,0.0,0.0,0.0,0.0,0.0,0.0,0.0,0.0,0.0,0.0,0.0,0.0,0.0,0.0,288524.0,20857.0,3288.0,48263.0,167233.0,4425.0,12101.0,5549.0,18054.0,45034.0,35370.0,6906853.627732955,30551.204281259998,21030.762771654598,51581.967052914595,30.0,30,-0.46472317204376806,-0.8854560256532101,2016.0,16228243.275209107,670255.558227493,16.602263755894786,13.415415840798554,13.415415840798554,13.38272409765533
2016-08-01,gb,647007.0,765976.0,392658.28250600345,4188721.2932212926,351778.4247942378,159205.16745422324,582727.7927860123,1586712.161397934,275328.4784066382,0.0,190853.21508078199,4471556.833300782,117943.40510804384,282949.65165122715,584192.0315395424,887699.3719391823,139865.55485930195,329988.0,3667.4975218799996,2331431.0,6520.385173539999,1085715.0,11097.881364674751,1.1,5671.811798544399,0.0,0.0,0.0,0.0,0.0,0.0,321.6,265.4,1.16873726,12029860.0,46743.6626602128,0.0,0.0,0.0,0.0,0.0,0.0,0.0,0.0,0.0,0.0,0.0,0.0,0.0,0.0,0.0,0.0,0.0,0.0,291959.0,21331.0,3033.0,47608.0,166250.0,4202.0,12511.0,5430.0,16660.0,41873.0,36152.0,6675060.063478862,10187.88269542,5671.811798544399,15859.694493964398,31.0,31,-0.5680647467311556,-0.8229838658936566,2016.0,16312944.147081835,413985.9213273817,16.607469531384854,12.933589661311784,12.933589661311784,13.380113938167028
2016-08-08,gb,625065.0,779906.0,384570.1190170011,4018684.4724316793,331023.6167711017,158197.45612720132,546347.1023689379,1596240.5627441406,262588.4717274936,0.0,217241.2808798438,4256020.132858099,108553.83227980649,280287.14851075684,523535.945725091,892318.0093736649,131451.97637875826,398198.0,4426.00800362,2813357.0,7867.939234319999,1344324.0,15019.85856660278,1.5,7734.294128638999,0.0,0.0,0.0,0.0,0.0,0.0,286.6,359.0,1.16873726,9087204.0,37442.80975470497,0.0,0.0,0.0,0.0,0.0,0.0,0.0,0.0,0.0,0.0,0.0,0.0,0.0,0.0,0.0,0.0,0.0,0.0,280523.0,21187.0,2993.0,46188.0,158917.0,3871.0,12479.0,5240.0,15856.0,43305.0,34507.0,6409408.326006021,12293.94723794,7734.294128638999,20028.241366578997,32.0,32,-0.6631226582407953,-0.748510748171101,2016.0,16097100.330893893,255720.42605270725,16.59414977218588,12.451843951482926,12.451843951482926,13.34561252314325
2016-08-15,gb,616606.0,636614.0,380531.8358179826,3799246.083317002,330147.9242179566,148034.33645478473,561589.6237125191,1461493.3447971344,259632.0101806819,0.0,123850.39933725732,3918774.3256140705,112516.49858940065,262267.82170769986,592683.4182465341,810857.9717764854,134697.6529926365,466338.0,5183.3497480999995,3294772.0,9214.324557839998,1375435.0,16315.43901911096,0.8,4124.9529728166,0.0,0.0,0.0,0.0,0.0,0.0,263.8,204.5,1.16873726,10094942.0,42805.71533945861,0.0,0.0,0.0,0.0,0.0,0.0,0.0,0.0,0.0,0.0,0.0,0.0,0.0,0.0,0.0,0.0,0.0,0.0,279314.0,20774.0,3123.0,45979.0,154300.0,3972.0,11722.0,5232.0,16660.0,41511.0,34019.0,5955648.088264084,14397.674305939998,4124.9529728166,18522.627278756598,33.0,33,-0.7485107481711009,-0.6631226582407955,2016.0,15517245.951361228,160089.7679732695,16.557462669829825,11.98349623319518,11.98349623319518,13.331987146948403
2016-08-22,gb,606387.0,718064.0,391368.32767748594,3746289.4537870986,297216.7059430102,160726.5481018044,530079.6915196844,1317789.6393604279,253774.68346533077,0.0,139144.91877879962,4005998.015325822,104942.22777790492,284823.2973066231,529279.576713246,726596.1820611954,142467.5336247614,423110.0,4702.99873424,2989370.0,8359.977620779999,1630007.0,18754.79294620422,0.0,0.0,0.0,0.0,0.0,0.0,0.0,0.0,251.1,353.5,1.16873726,9605525.0,34264.48333715232,0.0,0.0,0.0,0.0,0.0,0.0,0.0,0.0,0.0,0.0,0.0,0.0,0.0,0.0,0.0,0.0,0.0,0.0,278575.0,19948.0,2880.0,46890.0,148159.0,3516.0,12715.0,5597.0,16026.0,38654.0,33427.0,5933251.751588352,13062.976355019999,0.0,13062.976355019999,34.0,34,-0.8229838658936564,-0.5680647467311559,2016.0,15139432.272728032,96253.85293805233,16.532813372824354,11.474754671014587,11.474754671014587,13.31527532419629
2016-08-29,gb,616918.0,620213.0,387486.0568895889,3366581.467644209,358221.7722346631,154712.62917677796,541570.5340206063,1399571.40899086,257114.422869856,0.0,149844.64462497865,3598117.8987778667,110032.20468055048,283856.12020295725,523317.4021986967,798745.0273737907,142850.17959468564,147065.0,1635.0634267399998,1625124.0,5149.456367559999,427028.0,4947.822320247505,0.0,0.0,22.7,28305.963259000197,0.0,0.0,0.0,0.0,293.5,160.3,1.16873726,5557237.0,19775.368019600028,0.0,0.0,0.0,0.0,0.0,0.0,0.0,0.0,0.0,0.0,0.0,1.0,0.0,0.0,0.0,0.0,0.0,0.0,286530.0,20296.0,3012.0,48545.0,144436.0,3648.0,13119.0,5803.0,16749.0,41375.0,33406.0,5606763.477453526,6784.519794299999,28305.963259000197,35090.483053300195,35.0,35,-0.88545602565321,-0.46472317204376834,2016.0,14577767.482338997,91371.11753825769,16.49500821949341,11.422695651145569,11.422695651145569,13.332493013880521
2016-09-05,gb,612230.0,705744.0,397243.2138421353,3220992.560895254,326987.34829792235,146554.40899518985,526700.6101080015,1418864.7143554688,254116.85993413435,0.0,162182.64472046576,3385313.964887196,100513.28380878668,265851.8064271438,542813.1018582528,835509.9088759422,138442.77323842776,0.0,0.0,682922.0,2619.76470362,3890.0,3.122100638053754,0.0,0.0,32.2,40233.46096186339,0.0,0.0,0.0,0.0,201.4,305.7,1.17110626,320022.0,2548.597462824141,0.0,0.0,0.0,0.0,0.0,0.0,0.0,0.0,0.0,0.0,0.0,0.0,0.0,1.0,0.0,0.0,0.0,0.0,283164.0,19878.0,3140.0,49821.0,141452.0,3696.0,12455.0,5777.0,17284.0,41929.0,33634.0,5430627.483816216,2619.76470362,40233.46096186339,42853.22566548339,36.0,36,-0.9350162426854147,-0.3546048870425359,2016.0,14067081.353070447,90219.63887341041,16.45934804106765,11.41001349222096,11.41001349222096,13.324864941258154
2016-09-12,gb,592272.0,586866.0,388167.6342723869,3179638.883541571,304179.67947401095,148318.674670549,470503.30352287943,1226203.5843334198,249332.95701386835,0.0,131198.11764052988,3364459.3888080698,88695.51107563451,259833.28284617173,506031.4906816378,715294.9800209999,130461.63393772887,0.0,0.0,904180.0,3468.81674212,1691.0,2.92712679363278,0.0,0.0,28.1,35110.5737381194,0.0,0.0,0.0,0.0,177.2,249.8,1.17110626,2291274.0,4306.327829575698,0.0,0.0,0.0,0.0,0.0,0.0,0.0,0.0,0.0,0.0,0.0,0.0,0.0,0.0,0.0,0.0,0.0,0.0,276334.0,16940.0,3089.0,48584.0,139970.0,3300.0,12623.0,5396.0,15582.0,38080.0,32374.0,5195974.405010773,3468.81674212,35110.5737381194,38579.390480239395,37.0,37,-0.970941817426052,-0.23931566428755774,2016.0,13529395.009231083,85887.34607459673,16.42037535829548,11.360803430253952,11.360803430253952,13.29172295621843
2016-09-19,gb,592220.0,327249.0,377868.28946052975,3102878.962285218,279489.96216168103,154389.75806815727,470040.04948074196,1222097.9104442596,233073.94746701577,0.0,109167.01898172198,3311449.6721369233,84515.77841545339,282051.56979510025,494315.18428809225,727110.889717102,127669.35560518406,0.0,0.0,1211977.0,4649.2918522,0.0,0.0,0.0,0.0,27.2,33986.030663017,0.0,0.0,0.0,0.0,179.9,269.9,1.17110626,958636.0,2059.3918371146474,0.0,0.0,0.0,0.0,0.0,0.0,0.0,0.0,0.0,0.0,0.0,0.0,0.0,0.0,0.0,0.0,0.0,0.0,277325.0,14289.0,3377.0,47564.0,140782.0,3220.0,13019.0,5447.0,15771.0,37880.0,33546.0,5136279.468939578,4649.2918522,33986.030663017,38635.322515217005,38.0,38,-0.992708874098054,-0.12053668025532357,2016.0,13137907.855850244,89301.35118823957,16.391012414965694,11.399783095613614,11.399783095613614,13.29163515501381
2016-09-26,gb,588250.0,297736.0,366703.83111796645,3023700.7006965177,274470.15908543573,158387.14674654906,445383.7061198228,899372.83893013,230926.78471231405,0.0,106138.17089431234,3216822.008030262,92179.00782459877,291139.738186043,438834.82315233606,514493.97936058044,124351.18307339543,0.0,0.0,394197.0,1511.8981816599999,0.0,0.0,0.0,0.0,22.3,27863.54569105,0.0,0.0,0.0,0.0,171.6,204.6,1.17110626,15594515.0,97773.37053856433,0.0,0.0,0.0,0.0,0.0,0.0,0.0,0.0,0.0,0.0,0.0,0.0,0.0,0.0,0.0,0.0,0.0,0.0,278743.0,12878.0,3080.0,47572.0,143684.0,3372.0,14269.0,5400.0,15399.0,31676.0,32177.0,4783958.910521528,1511.8981816599999,27863.54569105,29375.44387271,39.0,39,-1.0,-1.8369701987210297e-16,2016.0,12554588.247195873,82689.87261938199,16.345596833765903,11.32286450756151,11.32286450756151,13.284909006545664
2016-10-03,gb,605180.0,339897.0,371429.4613818162,3110784.8698964035,317412.7950547277,157716.9986850624,495173.1015264135,767738.8722114563,226755.52768791316,0.0,88490.7625106699,3200940.8287393684,104942.46284190333,278527.3605853327,544501.6951915041,449386.9647202492,120826.88993299459,0.0,0.0,0.0,0.0,0.0,0.0,0.0,0.0,0.0,0.0,0.0,0.0,0.0,0.0,168.9,237.5,1.11875945,14572028.0,74508.0625370658,0.0,0.0,0.0,0.0,0.0,0.0,0.0,0.0,0.0,0.0,0.0,0.0,0.0,0.0,1.0,0.0,0.0,0.0,286105.0,12169.0,3535.0,48814.0,149920.0,4119.0,15313.0,5268.0,17153.0,28689.0,34095.0,4787616.964522023,0.0,0.0,0.0,40.0,40,-0.992708874098054,0.1205366802553232,2016.0,12212716.465090618,49277.526025117506,16.31798838193743,10.805243687555485,10.805243687555485,13.313282865823213
2016-10-10,gb,591072.0,496633.0,362662.8553199084,3065459.486034645,297311.24973832665,152765.84160121053,450054.16112708935,845203.3161430359,207610.7945724391,0.0,73446.73400415364,3214263.0705638467,99113.61528611186,275208.60132105765,476254.26041160536,526322.3068475723,114947.18341997603,0.0,0.0,0.0,0.0,0.0,0.0,0.0,0.0,0.0,0.0,0.0,0.0,0.0,0.0,148.8,119.1,1.11875945,6219542.0,39273.31726409169,0.0,0.0,0.0,0.0,0.0,0.0,0.0,0.0,0.0,0.0,0.0,0.0,0.0,0.0,0.0,0.0,0.0,0.0,279954.0,15890.0,3678.0,47750.0,143108.0,3872.0,14508.0,5063.0,15901.0,29319.0,32029.0,4779555.771854323,0.0,0.0,0.0,41.0,41,-0.9709418174260521,0.23931566428755738,2016.0,12007153.632714516,29255.406603676147,16.301013249476984,10.283853857862121,10.283853857862121,13.28969480821888
2016-10-17,gb,577945.0,597964.0,348556.9270451326,2977379.6737199198,253789.11893774613,153724.91122724203,429567.17895864,846491.0812625885,188212.83318192684,0.0,63171.41128572001,3099354.430743209,80205.83194560315,280210.82146265317,447655.1828918682,531358.0958161354,104745.04019019152,0.0,0.0,0.0,0.0,0.0,0.0,0.0,0.0,0.0,0.0,0.0,0.0,0.0,0.0,137.0,133.3,1.11875945,18828546.0,121313.15099088845,0.0,0.0,0.0,0.0,0.0,0.0,0.0,0.0,0.0,0.0,0.0,0.0,0.0,0.0,0.0,0.0,0.0,0.0,275556.0,18343.0,3437.0,45597.0,137821.0,3116.0,14287.0,4586.0,15325.0,29271.0,30606.0,4606700.814335381,0.0,0.0,0.0,42.0,42,-0.9350162426854148,0.35460488704253557,2016.0,11711337.148224132,17333.836121270553,16.276068003018153,9.760473404441358,9.760473404441358,13.267235717684535
2016-10-24,gb,562078.0,580046.0,331876.7119087981,2893706.1663786946,238446.91795491675,147820.48364686884,391891.7069900626,828275.9275188446,190866.71670091507,0.0,57864.86338798499,2982254.886815231,64730.83029824723,271954.1853501408,392345.3527454619,520321.5369682312,106758.84816508536,479485.0,2287.3125,2140828.0,12681.517578125,0.0,0.0,0.0,0.0,0.0,0.0,0.0,0.0,0.0,0.0,163.0,117.4,1.11875945,13656687.0,75763.30141969526,0.0,0.0,0.0,0.0,0.0,0.0,0.0,0.0,0.0,0.0,0.0,0.0,0.0,0.0,0.0,0.0,0.0,0.0,269139.0,17978.0,3372.0,44550.0,134399.0,2311.0,13625.0,4427.0,13812.0,29454.0,29012.0,4396230.503730383,14968.830078125,0.0,14968.830078125,43.0,43,-0.8854560256532101,0.464723172043768,2016.0,11328860.696215397,24779.74638304681,16.242864159838252,10.11782227511075,10.11782227511075,13.239397688391895
2016-10-31,gb,569801.0,371657.0,337736.1516103673,2707734.3043691246,259208.64811453404,145162.15733967267,386656.30566354777,833424.6051940918,204299.911544848,0.0,56776.13709575565,2810927.305223939,54614.601877925306,272274.9089798087,389132.50264751527,523978.3797888756,107762.92663934,356203.0,8428.155578613281,839631.0,6789.131530761719,839991.0,10838.08518459052,12.62,27719.838520485,16.28,22350.2518518595,0.0,0.0,0.0,0.0,209.1,121.1,1.11875945,10156801.0,44478.069002046155,0.0,0.0,0.0,0.0,0.0,0.0,0.0,0.0,0.0,0.0,0.0,0.0,0.0,0.0,0.0,0.0,0.0,0.0,271325.0,18159.0,3151.0,46785.0,133195.0,2172.0,14131.0,4636.0,14044.0,31512.0,30691.0,4215466.76225316,15217.287109375,50070.09037234449,65287.37748171949,44.0,44,-0.8229838658936566,0.5680647467311556,2016.0,10921569.491863823,79435.45567675402,16.206250335876472,11.282712681368654,11.282712681368654,13.253044211043296
2016-11-07,gb,551733.0,499922.0,345369.5543544335,2632335.6791843385,219768.0872577661,145779.13836250495,361385.411438937,755372.8792037964,202909.26467305946,0.0,58245.00602131296,2906291.3038440635,52299.85792311722,288230.0210910188,366231.26578697574,485515.1837067604,114293.58094838886,1716926.0,13066.033935546875,541935.0,10536.008117675781,910833.0,13342.68513115503,13.47,30460.2631781232,16.23,22942.8778243444,0.0,0.0,0.0,0.0,158.9,97.4,1.15189199,3479140.0,11482.936983369147,0.0,0.0,0.0,0.0,0.0,0.0,0.0,0.0,0.0,0.0,0.0,0.0,0.0,0.0,0.0,0.0,0.0,0.0,263913.0,17349.0,3354.0,48436.0,128133.0,1947.0,14043.0,4675.0,12802.0,28014.0,29067.0,4271106.219321637,23602.042053222656,53403.1410024676,77005.18305569026,45.0,45,-0.7485107481711011,0.6631226582407952,2016.0,10736775.496977465,124018.47084653408,16.189185462047753,11.72819385521628,11.72819385521628,13.220821325057825
2016-11-14,gb,542042.0,492049.0,343418.33630990254,2629441.281144976,193863.70668377134,150466.51570361332,336845.0602818003,744437.6997680664,198943.69796409528,0.0,59354.56129633953,2946355.056913827,50281.726329134806,305038.35927264736,346503.7309611171,485788.018699646,107130.62044456488,2724809.0,21547.665283203125,604760.0,9227.666870117188,910005.0,13210.75038113529,7.96,18004.912684852698,20.64,29176.721452586098,0.0,0.0,0.0,0.0,140.6,133.0,1.15189199,238073.0,591.5322664836862,0.0,0.0,0.0,0.0,0.0,0.0,0.0,0.0,0.0,0.0,0.0,0.0,0.0,0.0,0.0,0.0,0.0,0.0,262465.0,16659.0,3048.0,47524.0,123899.0,1794.0,14132.0,4717.0,11950.0,27842.0,28011.0,4300452.073917277,30775.332153320312,47181.6341374388,77956.96629075911,46.0,46,-0.6631226582407955,0.7485107481711007,2016.0,10656247.600338733,151719.12374006238,16.181657001101545,11.929792811384248,11.929792811384248,13.203100613068223
2016-11-21,gb,516516.0,378258.0,322367.5013867449,2413813.750140835,161692.34102719708,143293.7145734462,290921.35752506,698036.3417110443,189592.4881221831,0.0,53272.774876548305,2815329.2014312395,40659.956698369286,286147.0200311322,298191.0816989178,460613.18956899643,103506.85150646664,1930268.0,22883.593994140625,867203.0,7953.50830078125,984571.0,12856.74406426867,8.96,20255.928492790797,16.54,23386.0682674969,0.0,0.0,0.0,0.0,112.3,157.3,1.15189199,3140770.0,17760.066114984013,0.0,0.0,0.0,0.0,0.0,0.0,0.0,0.0,0.0,0.0,0.0,0.0,0.0,0.0,0.0,1.0,0.0,0.0,251519.0,14434.0,2981.0,45457.0,117497.0,1392.0,13814.0,4618.0,10880.0,26838.0,27086.0,4057720.07581167,30837.102294921875,43641.9967602877,74479.09905520958,47.0,47,-0.5680647467311559,0.8229838658936564,2016.0,10371116.496720364,165017.17864388993,16.154535336860732,12.013810920413386,12.013810920413386,13.154863480843357
2016-11-28,gb,501957.0,444065.0,305183.97112056956,2274834.5910422932,150893.80924557438,141887.89757230424,262126.2949084579,626601.4579582214,203914.8323317123,0.0,57499.648885385126,2641197.4490108443,43504.90495938798,279798.4908182752,267088.915836003,429541.2713303566,90577.34138047096,1444457.0,18658.83447265625,498493.0,7625.3968505859375,227671.0,3411.3627544892297,5.0,11298.1713190364,7.1,10042.2289255797,0.0,0.0,0.0,0.0,92.9,125.0,1.15189199,5648922.0,30604.08205232901,0.0,0.0,0.0,0.0,0.0,0.0,0.0,0.0,0.0,0.0,0.0,0.0,0.0,0.0,0.0,0.0,0.0,0.0,244145.0,14743.0,2851.0,43708.0,114517.0,1623.0,13412.0,4088.0,10117.0,27115.0,25638.0,3809208.0222207233,26284.231323242188,21340.400244616103,47624.63156785829,48.0,48,-0.4647231720437684,0.88545602565321,2016.0,9951464.339698115,146634.9387541923,16.113230368612985,11.89570818678222,11.89570818678222,13.12627172983508
2016-12-05,gb,482862.0,438227.0,286109.7999044916,2208480.1862707343,177253.34010541008,144294.76250592555,250970.03060192495,511260.86075115204,190948.90399125224,0.0,63591.381783567034,2574460.841314443,47328.07642805268,287296.355654409,239583.95037936958,416920.10589933395,82771.0737969963,650238.0,9525.667785644531,990522.0,15517.586059570312,611003.0,7598.83336337778,0.0,0.0,0.0,0.0,0.0,0.0,0.0,0.0,73.8,110.0,1.18344626,2405576.0,13023.627806094464,0.0,0.0,0.0,0.0,0.0,0.0,0.0,0.0,0.0,0.0,0.0,0.0,0.0,0.0,0.0,0.0,0.0,0.0,237715.0,14113.0,2702.0,40103.0,110910.0,1848.0,13626.0,3548.0,8951.0,24930.0,24416.0,3711951.785256171,25043.253845214844,0.0,25043.253845214844,49.0,49,-0.35460488704253595,0.9350162426854147,2016.0,9602552.205602052,113024.21709773019,16.07753957999414,11.635366232954858,11.635366232954858,13.087488248507833
2016-12-12,gb,451125.0,393075.0,259812.24762829498,2028509.9943090463,195385.28985069648,133888.2702482432,255315.3075321396,539437.7882013321,172751.2991230892,0.0,39452.835888098474,2347218.9848495456,56261.27082850617,266577.2301311726,252987.56653836442,521876.0467991829,82079.46364544188,2681930.0,16779.220458984375,5731127.0,100569.76904296875,48731787.0,58488.22468021039,0.0,0.0,0.0,0.0,0.0,0.0,0.0,0.0,108.1,171.9,1.18344626,12150391.0,58868.542613074715,0.0,0.0,0.0,0.0,0.0,0.0,0.0,0.0,0.0,0.0,0.0,0.0,0.0,0.0,0.0,0.0,0.0,0.0,223331.0,12781.0,2484.0,36365.0,101992.0,2080.0,12931.0,3390.0,8852.0,25072.0,21847.0,3566453.3986803116,117348.98950195312,0.0,117348.98950195312,50.0,50,-0.2393156642875578,0.970941817426052,2016.0,9250609.838091835,185163.51976059124,16.04020014385876,12.129000004874243,12.129000004874243,13.019501958623154
2016-12-19,gb,374712.0,275179.0,222444.62538629025,1700991.3220292358,192809.5782877599,108277.48021504338,223395.43697088872,475770.7049417496,140371.5681840736,0.0,32495.690782425845,2085923.120309852,56096.59898229415,214125.85045621797,234302.2841783909,452728.7924838066,74225.15549568676,5093946.0,36922.2490234375,7317940.0,141444.2734375,74218619.0,76758.41683528395,0.0,0.0,0.0,0.0,0.0,0.0,0.0,0.0,186.9,798.6,1.18344626,16460204.0,89276.89823189461,0.0,0.0,0.0,0.0,0.0,0.0,0.0,0.0,0.0,0.0,0.0,0.0,0.0,0.0,0.0,0.0,1.0,0.0,186218.0,10747.0,2197.0,29353.0,83879.0,2000.0,9798.0,3111.0,7767.0,21045.0,18597.0,3149897.4926886745,178366.5224609375,0.0,178366.5224609375,51.0,51,-0.12053668025532363,0.992708874098054,2016.0,8626423.60460624,289213.21545228723,15.97034067879093,12.574922922458041,12.574922922458041,12.833915678602146
2016-12-26,gb,490803.0,386434.0,333861.97128206387,2881340.2862700643,285512.4180490346,182577.73291660135,406749.4978654929,852044.6452960968,232130.92621037012,0.0,45046.022258963785,3505488.820180477,67833.57085495775,334603.38709131844,402782.9204842605,772908.7259032726,108267.06806249903,2525305.0,13753.609985351562,8476490.0,151236.8935546875,42795282.0,46896.16324764139,0.0,0.0,5.27,9414.3149983,0.0,0.0,0.0,0.0,204.7,911.7,1.18344626,9020195.0,37852.65684406585,1.0,0.0,0.0,0.0,0.0,0.0,0.0,0.0,0.0,0.0,0.0,0.0,0.0,0.0,0.0,0.0,0.0,1.0,232048.0,16227.0,2924.0,36273.0,118801.0,2560.0,13113.0,4019.0,11443.0,29402.0,23993.0,5236930.514835749,164990.50354003906,9414.3149983,174404.81853833905,52.0,52,-2.4492935982947064e-16,1.0,2016.0,10341981.023386005,346836.170571548,16.151722093722327,12.756610699723847,12.756610699723847,13.103800141744934
2017-01-02,gb,777596.0,655260.0,464800.08694820077,4098842.3335006246,441330.47772657394,274380.273373566,748201.5625422506,1352136.0788555145,357097.5049637985,0.0,63659.12035153987,4974948.149848825,101058.81716947391,505445.7014226977,745003.0373662882,1246144.9069123268,161687.2243140676,0.0,0.0,0.0,0.0,0.0,0.0,0.0,0.0,49.73,87858.98795529999,0.0,0.0,0.0,0.0,289.8,1113.3,1.16230967,115530.0,511.4557533318406,0.0,0.0,0.0,0.0,0.0,0.0,0.0,0.0,0.0,0.0,0.0,0.0,0.0,0.0,0.0,0.0,0.0,0.0,362419.0,23439.0,4361.0,59205.0,183937.0,3996.0,22235.0,6045.0,21524.0,47929.0,42506.0,7797946.957385219,0.0,87858.98795529999,87858.98795529999,53.0,1,0.12053668025532306,0.992708874098054,2017.0,13931397.3879801,294667.29892279615,16.449655727507242,12.593605592267085,12.593605592267085,13.563963674096232
2017-01-09,gb,784210.0,675806.0,465687.3157005921,4001721.2005703817,481499.91343647183,273162.7932929618,755180.0087917597,1343548.8445186615,376615.70896899997,0.0,68033.26725631283,4880441.671826724,106415.96693825396,511814.2250283967,767500.3870319249,1317016.2758378983,171407.1304149244,0.0,0.0,0.0,0.0,0.0,0.0,0.0,0.0,52.45,92317.60784941999,0.0,0.0,0.0,0.0,278.7,883.2,1.16230967,87022.0,437.54787663625814,0.0,0.0,0.0,0.0,0.0,0.0,0.0,0.0,0.0,0.0,0.0,0.0,0.0,0.0,0.0,0.0,0.0,0.0,367304.0,24340.0,4415.0,60213.0,181721.0,4333.0,22615.0,6441.0,22187.0,48044.0,42597.0,7822628.924334435,0.0,92317.60784941999,92317.60784941999,54.0,2,0.23931566428755777,0.970941817426052,2017.0,16109236.276016649,267808.6095241635,16.594903409278583,12.498031594807385,12.498031594807385,13.57243339577591
2017-01-16,gb,736926.0,689331.0,431381.6838165975,3825391.497136483,485053.09881540836,263297.3408110775,678256.0923449605,1231492.2271785736,374381.66047338553,0.0,67049.74779129571,4451178.656036392,104543.28275240383,475267.82088423416,681257.4808591824,1176876.1889169216,166063.70148399472,0.0,0.0,0.0,0.0,1993853.0,23014.95326234404,0.0,0.0,49.64,87396.38870663999,0.0,0.0,0.0,0.0,283.2,674.8,1.16230967,67134.0,293.4685756894497,0.0,1.0,0.0,0.0,0.0,0.0,0.0,0.0,0.0,0.0,0.0,0.0,0.0,0.0,0.0,0.0,0.0,0.0,346821.0,23505.0,3967.0,55438.0,170616.0,4310.0,21921.0,6164.0,20335.0,43839.0,40009.0,7122236.878724424,0.0,87396.38870663999,87396.38870663999,55.0,3,0.3546048870425356,0.9350162426854148,2017.0,16719624.528705867,246830.5915567509,16.63209376876152,12.416461567508467,12.416461567508467,13.51024411606215
2017-01-23,gb,723814.0,682435.0,426237.8129858485,3634977.601625262,507261.27263340156,255261.62310090387,567936.3585831594,1073464.1578655243,334374.24670520064,0.0,74278.3768604206,4215663.187402847,109790.6520626729,449851.0850129727,568068.8333308196,995947.5532493591,150935.35635580332,0.0,0.0,14.0,0.020669999881647527,2960481.0,39879.56809350395,0.0,0.0,44.46,78343.15868701,0.0,0.0,0.0,0.0,272.3,916.7,1.16230967,140764.0,380.66050780896785,0.0,0.0,0.0,0.0,0.0,0.0,0.0,0.0,0.0,0.0,0.0,0.0,0.0,0.0,0.0,0.0,0.0,0.0,345306.0,23031.0,3903.0,55313.0,166520.0,4406.0,21819.0,5368.0,19311.0,40314.0,38523.0,6564535.044274895,0.020669999881647527,78343.15868701,78343.17935700988,56.0,4,0.46472317204376856,0.8854560256532099,2017.0,16532329.694083912,225641.62335930564,16.620828457685164,12.326707714090642,12.326707714090642,13.492291113853936
2017-01-30,gb,736297.0,661854.0,418947.2578385028,3605891.139649531,520714.8115584157,256316.0455123785,600665.0648047193,1048816.7353610992,340588.84969070624,0.0,75151.84222211452,4390122.96397816,113095.45689336429,444184.6635809057,605589.56889568,1025415.339676857,153499.2267853967,497954.0,987.3458290100098,0.0,0.0,2045396.0,27152.531404204223,0.0,0.0,65.11,107925.10209818,0.0,0.0,0.0,0.0,301.3,860.6,1.16230967,230368.0,681.5010568984164,0.0,0.0,0.0,0.0,0.0,0.0,0.0,0.0,0.0,0.0,0.0,0.0,0.0,0.0,0.0,0.0,0.0,0.0,351424.0,22226.0,3962.0,55427.0,170456.0,4562.0,22622.0,5697.0,20507.0,40928.0,38486.0,6807059.062032478,987.3458290100098,107925.10209818,108912.44792719,57.0,5,0.5680647467311558,0.8229838658936564,2017.0,16664110.342385378,243876.79144426854,16.628767943512802,12.404422524069105,12.404422524069105,13.509390207068996
2017-02-06,gb,707506.0,637636.0,409712.2935672203,3410453.578430311,512318.37460484845,251855.26579523087,587752.9771856744,1019644.9402236938,340002.9550913362,0.0,70080.31770894439,4065062.6142851114,118013.94767840115,440584.6135444641,603292.7911213158,979046.6963534355,153024.178123379,1472466.0,6990.377754211426,0.0,0.0,0.0,0.0,0.0,0.0,69.62,119392.28362204,0.0,0.0,0.0,0.0,329.0,739.7,1.17322711,258876.0,841.2535628943016,0.0,0.0,0.0,0.0,0.0,0.0,0.0,0.0,0.0,0.0,0.0,0.0,0.0,0.0,0.0,0.0,0.0,0.0,336643.0,21658.0,3568.0,54292.0,162071.0,4786.0,21740.0,5583.0,19798.0,40031.0,37336.0,6429105.1588150505,6990.377754211426,119392.28362204,126382.66137625143,58.0,6,0.6631226582407952,0.7485107481711011,2017.0,16367668.6423295,270737.72383929946,16.610818583827726,12.508909516126318,12.508909516126318,13.469502802443518
2017-02-13,gb,673696.0,627142.0,393858.9986490733,3315149.0364529197,517337.31649121933,241907.7379617691,539555.4167363262,919875.2957115173,326215.2588083518,0.0,63130.67582816386,3906128.321444437,132027.51090231928,414872.0701265335,543672.4488607325,863939.1509022713,147431.14091254774,1585055.0,9486.806762695312,0.0,0.0,0.0,0.0,0.0,0.0,75.06,128971.68297519001,0.0,0.0,0.0,0.0,333.9,612.0,1.17322711,267562.0,473.09751386904446,0.0,0.0,1.0,0.0,0.0,0.0,0.0,0.0,0.0,0.0,0.0,0.0,0.0,0.0,0.0,0.0,0.0,0.0,325730.0,20637.0,3612.0,51057.0,153887.0,4707.0,20484.0,5355.0,18605.0,33937.0,35659.0,6071201.318977005,9486.806762695312,128971.68297519001,138458.4897378853,59.0,7,0.7485107481711011,0.6631226582407953,2017.0,15838896.322103905,297905.2513915674,16.57797932842388,12.604534123347147,12.604534123347147,13.420535733918204
2017-02-20,gb,683536.0,663642.0,404870.3324861615,3316623.7256628815,531166.9066250451,243286.42938566208,548778.6625954747,873774.4819221497,336415.7097606295,0.0,68573.82087560443,4036566.666428014,149700.7148540523,402858.4569644928,566923.8560547635,732551.0097565651,152679.98426263966,1335157.0,7045.185852050781,0.0,0.0,0.0,0.0,0.0,0.0,49.05,84305.75367038,0.0,0.0,0.0,0.0,329.1,653.5,1.17322711,664623.0,1384.231861445648,0.0,0.0,0.0,1.0,0.0,0.0,0.0,0.0,0.0,0.0,0.0,0.0,0.0,0.0,0.0,0.0,0.0,0.0,334078.0,21681.0,3628.0,52758.0,157471.0,4684.0,20995.0,5666.0,18378.0,28014.0,36180.0,6109854.5091961315,7045.185852050781,84305.75367038,91350.93952243078,60.0,8,0.8229838658936565,0.5680647467311558,2017.0,15525231.979622412,267164.75912043033,16.55797719241018,12.495624565428722,12.495624565428722,13.435036066819254
2017-02-27,gb,703694.0,655083.0,396231.35904381686,3283738.653659835,551894.0304243054,251176.93134117126,560665.3635755572,1144588.5431785583,313351.9524456233,0.0,73312.75435176342,4126011.4129095003,168750.21043714558,426024.6698484421,577441.7241890079,921354.9039030075,145292.92027342194,1271728.0,6879.168151855469,0.0,0.0,0.0,0.0,33.43,73939.11892642001,217.63,98542.86465023,0.0,0.0,0.0,0.0,309.2,483.8,1.17322711,585546.0,878.9703422660118,0.0,0.0,0.0,0.0,0.0,0.0,0.0,0.0,0.0,0.0,0.0,0.0,0.0,0.0,0.0,0.0,0.0,0.0,338063.0,22486.0,3965.0,53758.0,159723.0,5095.0,22035.0,5323.0,19161.0,36246.0,37839.0,6438188.595912289,6879.168151855469,172481.98357665,179361.15172850547,61.0,9,0.8854560256532099,0.4647231720437686,2017.0,15622352.218917979,338184.3135816284,16.564213345248707,12.731349289257198,12.731349289257198,13.464100302628843
2017-03-06,gb,705943.0,679011.0,404455.2532881176,3292576.3985593356,575679.6782974822,251473.03411579132,554804.7855625974,1185392.9943332672,311501.2879328608,0.0,75942.23242090453,4104267.5522055537,196070.1868854497,449521.4543066025,562028.9340750636,885656.9381170273,154817.60508535182,1728518.0,10476.979858398438,0.0,0.0,0.0,0.0,48.62,105846.94811432,272.68,99124.76557536,0.0,0.0,0.0,0.0,257.9,581.7,1.15481576,495753.0,961.694426964003,0.0,0.0,0.0,0.0,0.0,0.0,0.0,0.0,0.0,0.0,0.0,0.0,0.0,0.0,0.0,0.0,0.0,0.0,341414.0,22670.0,3944.0,53864.0,158390.0,5710.0,21303.0,5548.0,18996.0,37046.0,37058.0,6428304.903095953,10476.979858398438,204971.71368967998,215448.69354807842,62.0,10,0.9350162426854148,0.35460488704253557,2017.0,15670326.107412992,416808.7003847994,16.567279488869467,12.940385042626477,12.940385042626477,13.467291193216058
2017-03-13,gb,689367.0,705135.0,394394.60227774456,3140926.6742500993,569763.0826512452,239997.06996440887,522447.55735855835,1167851.124118805,300767.932875774,0.0,90006.17939080954,3911693.8649998996,203024.25695607363,431707.04287338257,547743.9907091799,850373.9921221733,149562.25887879878,1417515.0,12714.02392578125,3014270.0,53185.31005859375,0.0,0.0,33.91,73814.66856343999,173.23,62973.25820856,0.0,0.0,0.0,0.0,219.9,429.8,1.15481576,328536.0,734.7774122877706,0.0,0.0,0.0,0.0,0.0,0.0,0.0,0.0,0.0,0.0,0.0,0.0,0.0,0.0,0.0,0.0,0.0,0.0,332549.0,25647.0,3610.0,51574.0,151939.0,5767.0,20958.0,5419.0,18360.0,36830.0,36714.0,6184111.585930318,65899.333984375,136787.92677199998,202687.26075637498,63.0,11,0.970941817426052,0.23931566428755782,2017.0,15466681.020205159,451304.5572591156,16.55419872121356,13.019899899630515,13.019899899630515,13.443530514813236
2017-03-20,gb,653596.0,610183.0,379987.5066968926,2977717.6561918105,529755.9265905333,224503.5588645935,440567.8154195764,1036101.5223731995,253757.99905615897,0.0,72574.17495733756,3728847.9951369604,183030.44591181577,404733.9726228714,453729.96507082466,761647.7297239304,130184.13484563687,368805.0,5681.4599609375,4346333.0,77220.662109375,0.0,0.0,39.58,86158.49422208,205.44,74681.9351992,0.0,0.0,0.0,0.0,251.2,449.7,1.15481576,251046.0,397.05075767753436,0.0,0.0,0.0,0.0,0.0,0.0,0.0,0.0,0.0,0.0,0.0,0.0,0.0,0.0,0.0,0.0,0.0,0.0,318809.0,25411.0,3570.0,49928.0,142159.0,5202.0,19716.0,4949.0,16193.0,33318.0,34341.0,5734748.418269377,82902.1220703125,160840.42942128,243742.5514915925,64.0,12,0.992708874098054,0.120536680255323,2017.0,14904498.049463224,513209.4212716728,16.51717367496648,13.148441217970433,13.148441217970433,13.390246232554116
2017-03-27,gb,698518.0,603361.0,420078.71936716686,3249168.600642628,543360.0998698327,236368.46099853516,430510.6147092574,1229815.3394737244,319764.16158314986,0.0,81404.15464023549,3990370.6209033197,155515.11067945807,421339.7606163025,418274.6700034393,989169.541328907,152720.4743069487,236001.0,3651.5400047302246,6363528.0,96288.5146484375,0.0,0.0,42.86,93301.02969768,204.28,77321.84402656,0.0,0.0,0.0,0.0,240.9,450.1,1.15481576,313268.0,747.4732382893407,0.0,0.0,0.0,0.0,0.0,0.0,0.0,0.0,0.0,0.0,0.0,0.0,0.0,0.0,0.0,0.0,0.0,0.0,332917.0,26157.0,3878.0,53350.0,156045.0,5040.0,20985.0,5213.0,15707.0,42236.0,36990.0,6208794.332478611,99940.05465316772,170622.87372424,270562.9283774077,65.0,13,1.0,6.123233995736766e-17,2017.0,15037160.709021198,576659.2702390347,16.526035142521327,13.265008585673296,13.265008585673296,13.45671765845452
2017-04-03,gb,680607.0,544051.0,432600.8620608464,3177998.1404726906,508033.7629047868,230540.2339410782,442025.9854471194,1103804.7827854156,269386.82323490875,0.0,78029.78683404683,3904472.1675274116,110991.33373321165,432278.93003463745,461101.8911520767,978978.3243552446,126973.39139327419,1.0,0.8759999871253967,6082012.0,95591.115234375,0.0,0.0,0.0,0.0,44.71,82444.3526518,0.0,0.0,0.0,0.0,230.3,627.2,1.17973145,501911.0,1375.2046687844627,0.0,0.0,0.0,0.0,0.0,0.0,0.0,0.0,0.0,0.0,0.0,0.0,0.0,0.0,0.0,0.0,0.0,0.0,321479.0,24344.0,4088.0,53783.0,152332.0,4916.0,19639.0,5021.0,16170.0,43799.0,35036.0,6092825.825029903,95591.99123436213,82444.3526518,178036.34388616213,66.0,14,0.992708874098054,-0.12053668025532288,2017.0,15007137.971538339,521909.16262788157,16.524036577282928,13.165250749808047,13.165250749808047,13.43074179531427
2017-04-10,gb,648659.0,676150.0,427626.3012864595,3185948.493861179,544386.1719376044,212062.16175031662,467248.6936415507,1156915.2659730911,262498.7464350047,0.0,66939.66662459038,3867671.5559452977,117250.89359984756,378300.39057922363,507940.07138256426,1056975.94190979,118148.69652853973,0.0,0.0,2888347.0,51416.115234375,0.0,0.0,0.0,0.0,44.12,84455.79477405,0.0,0.0,0.0,0.0,193.6,442.5,1.17973145,527774.0,1400.3540088876798,0.0,0.0,0.0,0.0,1.0,0.0,0.0,0.0,0.0,0.0,0.0,0.0,0.0,0.0,0.0,0.0,0.0,0.0,307475.0,22397.0,3572.0,50563.0,144118.0,4962.0,17496.0,4421.0,16273.0,44373.0,33009.0,6113227.216569853,51416.115234375,84455.79477405,135871.910008425,67.0,15,0.9709418174260521,-0.2393156642875575,2017.0,15015537.130747106,446691.83663815807,16.524596098300943,13.009626471031101,13.009626471031101,13.382663975514872
2017-04-17,gb,671289.0,672857.0,427371.64417126635,3179876.5710832835,567923.174630491,226560.9501466751,487731.115339926,1097682.7341861725,282282.4783996152,0.0,64996.46014407402,3864855.8643997847,131806.91572232492,435567.47761917114,494043.0014096268,998308.5341572762,118718.36019477613,0.0,0.0,1583139.0,30121.976863861084,0.0,0.0,0.0,0.0,55.59,109543.96378975,0.0,0.0,0.0,0.0,260.3,607.1,1.17973145,604224.0,995.7191393453792,0.0,0.0,0.0,0.0,0.0,1.0,0.0,0.0,0.0,0.0,0.0,0.0,0.0,0.0,0.0,0.0,0.0,0.0,323153.0,22809.0,3657.0,52613.0,147106.0,5428.0,18796.0,4028.0,17108.0,41114.0,35477.0,6108296.613647034,30121.976863861084,109543.96378975,139665.9406536111,68.0,16,0.9350162426854148,-0.3546048870425357,2017.0,15014996.798182119,406146.6976401368,16.52456011275834,12.914472159720294,12.914472159720294,13.416956513346353
2017-04-24,gb,689112.0,680473.0,442447.1145361254,3304785.829666202,531774.8606746618,240546.74876451492,493782.6262518824,1120964.6957120895,287766.0542914243,0.0,63867.980715690064,3893517.6916762018,122200.96254199458,465817.6415634155,495023.6708541016,1046249.8514122963,126735.35974923521,387385.0,7406.1719970703125,2518685.0,45524.806640625,8288.0,106.342969645775,0.0,0.0,49.22,104991.3801242,0.0,0.0,0.0,0.0,201.9,427.1,1.17973145,825408.0,480.0415068264925,0.0,0.0,0.0,0.0,0.0,0.0,0.0,0.0,0.0,0.0,0.0,0.0,0.0,0.0,0.0,0.0,0.0,0.0,324993.0,22804.0,3887.0,54351.0,152813.0,5304.0,20454.0,4731.0,18158.0,45243.0,36374.0,6213413.158512935,52930.97863769531,104991.3801242,157922.35876189533,69.0,17,0.8854560256532099,-0.4647231720437685,2017.0,15114274.391655087,398597.7987437612,16.531150245361147,12.895710673067784,12.895710673067784,13.443160542353828
2017-05-01,gb,694766.0,657905.0,426872.2996779363,3329495.178404704,548839.5019014184,253239.7554807663,549348.9504962307,1114042.1884565353,346402.5012889849,0.0,62011.899917876166,4004443.8146120636,118821.64732332698,534609.4519796371,589907.747588437,1083853.615102768,145852.42337445501,7009548.0,44343.47912597656,700463.0,12722.150146484375,0.0,0.0,36.27,107751.29450308,222.19,95593.3758877,0.0,0.0,0.0,0.0,298.5,248.1,1.17026842,1684094.0,2527.3359990084127,0.0,0.0,0.0,0.0,0.0,0.0,1.0,1.0,0.0,0.0,0.0,0.0,0.0,0.0,0.0,0.0,0.0,0.0,331760.0,23100.0,3624.0,53122.0,153169.0,5369.0,21328.0,4685.0,19887.0,41101.0,37621.0,6539500.599898564,57065.62927246094,203344.67039078,260410.29966324093,70.0,18,0.8229838658936565,-0.5680647467311557,2017.0,15500094.397210432,495950.2681808731,16.556356736529274,13.114232951244917,13.114232951244917,13.45133181653892
2017-05-08,gb,692717.0,699030.0,395622.96956114116,3435020.0609496427,487402.4913742671,254982.13801193237,520025.9016461204,1049728.4372062683,322646.4012965158,0.0,69765.19141049446,4256964.672233986,110155.58891616436,572457.771525383,557452.1493705056,960701.0074543953,139181.51337555592,11594109.0,71375.2685546875,0.0,0.0,0.0,0.0,23.88,70932.30947304,177.69,76448.95480492,0.0,0.0,0.0,0.0,246.9,302.9,1.17026842,4982082.0,9529.306068125466,0.0,0.0,0.0,0.0,0.0,0.0,0.0,0.0,0.0,0.0,0.0,0.0,0.0,0.0,0.0,0.0,0.0,0.0,330989.0,24267.0,3668.0,49735.0,159053.0,4950.0,21723.0,4158.0,18838.0,37576.0,37760.0,6666677.8942864835,71375.2685546875,147381.26427796,218756.5328326475,71.0,19,0.7485107481711013,-0.663122658240795,2017.0,15862865.2049576,512922.3260795456,16.57949147694524,13.14788165114913,13.14788165114913,13.448378268948096
2017-05-15,gb,715028.0,601747.0,377948.0064386987,3595040.4384389273,565737.1414904158,251426.2127585411,556609.1107423439,1480564.114783287,346209.76107590826,0.0,65700.45014053272,4543592.022730482,140576.04077444586,565987.2573919296,595672.5294414645,1247960.6038451195,151342.66986730747,13015576.0,84375.76171875,1262293.0,20989.383841872215,0.0,0.0,38.06,113077.1860825,217.4,93533.7034685,0.0,0.0,0.0,0.0,284.4,384.6,1.17026842,4392793.0,7783.575971786424,0.0,0.0,0.0,0.0,0.0,0.0,0.0,0.0,0.0,0.0,0.0,0.0,0.0,0.0,0.0,0.0,0.0,0.0,338930.0,24084.0,3759.0,46220.0,166622.0,5246.0,20762.0,4511.0,20128.0,46251.0,38515.0,7310831.574191282,105365.14556062222,206610.889551,311976.0351116222,72.0,20,0.6631226582407952,-0.7485107481711012,2017.0,16732228.945172843,615635.4918656885,16.632847354288238,13.330411957724214,13.330411957724214,13.480078380294191
2017-05-22,gb,628504.0,634060.0,338542.5955167329,3228690.468436714,505975.3348729545,221719.73739910126,506633.65855672763,1274266.7095861435,304535.6170868112,0.0,53120.72227646255,3985268.5617214795,121524.08901928843,474938.5461959839,525014.7848593344,1007187.7046456337,131062.20067281082,12960672.0,85704.2724609375,4773897.0,81236.0595703125,0.0,0.0,38.41,114114.04390262,180.29,77566.56114602,0.0,0.0,0.0,0.0,222.5,293.2,1.17026842,6900844.0,12794.6698840664,0.0,0.0,0.0,0.0,0.0,0.0,0.0,0.0,1.0,0.0,0.0,0.0,0.0,0.0,0.0,0.0,0.0,0.0,298305.0,19920.0,3784.0,40119.0,146166.0,4807.0,18443.0,4150.0,18002.0,42044.0,32764.0,6298116.609390993,166940.33203125,191680.60504864,358620.93707989,73.0,21,0.5680647467311558,-0.8229838658936564,2017.0,16233170.073479297,723457.8139642075,16.6025673038612,13.491798897329948,13.491798897329948,13.351099262430278
2017-05-29,gb,686528.0,664983.0,365284.7854454291,3520993.6656911806,607818.6353113169,248070.69839811325,556218.8225788043,1367443.936952591,310816.2781692956,0.0,61710.48582308014,4115442.1542844498,141928.8811200935,523020.592707634,587793.7508013584,1032146.7671194077,128578.26734232617,13614532.0,92353.9990234375,1577045.0,25900.6142578125,0.0,0.0,62.45,196007.08739738,213.78,90612.71349218,0.0,0.0,0.0,0.0,249.6,244.1,1.17026842,6697958.0,5699.064487801682,0.0,0.0,0.0,0.0,0.0,0.0,0.0,0.0,0.0,0.0,1.0,1.0,0.0,0.0,0.0,0.0,0.0,0.0,327766.0,21493.0,3532.0,43892.0,160412.0,5220.0,20268.0,4244.0,20476.0,43240.0,35985.0,6590620.89919835,118254.61328125,286619.80088956,404874.41417081,74.0,22,0.4647231720437687,-0.8854560256532098,2017.0,16228186.86587659,835958.7756316077,16.60226027989149,13.636335775636065,13.636335775636065,13.439403746560869
2017-06-05,gb,685068.0,513858.0,415712.63266106875,3363458.5656296015,546656.6851454017,258732.60334966434,498477.8811465141,1340862.6357803345,323839.95174188504,0.0,73881.86154889793,4065568.1892947545,128401.39901181229,523985.19077672175,524177.9035601029,966257.6262812614,133320.87684168044,15200322.0,102804.599609375,0.0,0.0,8319.0,71.9777374629136,45.54,146529.44743311,253.97,103510.56093525,0.0,0.0,0.0,0.0,235.9,499.3,1.14029811,7043194.0,4327.547574548845,0.0,0.0,0.0,0.0,0.0,0.0,0.0,0.0,0.0,1.0,0.0,0.0,0.0,0.0,0.0,0.0,0.0,0.0,330321.0,22199.0,3263.0,51242.0,150358.0,5299.0,21146.0,4686.0,19283.0,41381.0,35890.0,6415593.047315231,102804.599609375,250040.00836836,352844.607977735,75.0,23,0.35460488704253584,-0.9350162426854147,2017.0,16049826.424395325,852137.7470166923,16.591208655108368,13.655504641164198,13.655504641164198,13.437274842098452
2017-06-12,gb,671096.0,628826.0,416555.40040908987,3285449.243991844,458829.2075150524,250526.26535471855,463510.6932353801,1371244.9579582214,309717.22298832185,0.0,72611.17149657993,4093304.6889822404,114955.57452245508,488933.6403457137,514661.78557796055,996204.5129761696,134724.25162323355,15212295.0,103645.0712890625,0.0,0.0,348.0,3.31846531170752,44.6,143495.11416240002,292.96,119400.61509810001,0.0,0.0,0.0,0.0,244.8,364.9,1.14029811,1627407.0,2134.649292707885,0.0,0.0,0.0,0.0,0.0,0.0,0.0,0.0,0.0,0.0,0.0,0.0,0.0,0.0,0.0,0.0,0.0,0.0,327314.0,20977.0,3335.0,49961.0,144532.0,4805.0,20619.0,4739.0,18248.0,41582.0,34984.0,6415395.625524353,103645.0712890625,262895.72926050005,366540.80054956255,76.0,24,0.23931566428755768,-0.970941817426052,2017.0,15942695.552911274,875477.5972738095,16.584511385959374,13.682525984120034,13.682525984120034,13.416668965863652
2017-06-19,gb,700652.0,468127.0,431510.40016242757,3462679.183612473,471857.3871986593,255324.28769957923,522409.5848855878,1490765.7932357788,365631.1386859241,0.0,73260.533407824,4253126.365518412,116380.1344733198,479104.201901494,611010.4656698277,1119044.609108448,155412.33894343072,17787919.0,123252.517578125,0.0,0.0,0.0,0.0,39.37,126674.57674179,128.29,52286.089237830005,0.0,0.0,0.0,0.0,633.1,492.1,1.14029811,6571082.0,9974.686327551595,0.0,0.0,0.0,0.0,0.0,0.0,0.0,0.0,0.0,0.0,0.0,0.0,0.0,0.0,0.0,0.0,0.0,0.0,336687.0,22528.0,3633.0,51267.0,151946.0,4998.0,21457.0,4986.0,21116.0,46984.0,35050.0,6807338.649022756,123252.517578125,178960.66597962,302213.183557745,77.0,25,0.12053668025532308,-0.992708874098054,2017.0,16268594.499213032,824847.2527166884,16.60474715089701,13.622954712297515,13.622954712297515,13.459768036327583
2017-06-26,gb,737627.0,640523.0,454367.5580716448,3782662.585055731,505714.20571460354,269725.6738929051,584243.3795389016,1657734.103609085,388184.70541140495,0.0,75137.72906105498,4776160.780663803,125989.32898151383,500125.467813182,682469.3287091238,1163778.9934754372,169690.4621728009,14033734.0,88982.08911132812,0.0,0.0,0.0,0.0,56.85,148144.10955687,173.14,68862.6028629,0.0,0.0,0.0,0.0,684.6,244.1,1.14029811,3705446.0,5209.744163203421,0.0,0.0,0.0,0.0,0.0,0.0,0.0,0.0,0.0,0.0,0.0,0.0,0.0,0.0,0.0,0.0,0.0,0.0,353912.0,23564.0,3827.0,53367.0,161710.0,5107.0,22491.0,5477.0,23472.0,47006.0,37694.0,7493352.090876916,88982.08911132812,217006.71241977002,305988.80153109814,78.0,26,1.2246467991473532e-16,-1.0,2017.0,17144670.292008743,796523.2601023194,16.657197971459073,13.58801286625172,13.58801286625172,13.51119491145847
2017-07-03,gb,756363.0,734566.0,465193.06317501096,3845966.826907377,562041.4249074177,284311.82153218146,561729.9846960949,1590325.3435020447,369602.58448016905,0.0,74312.33520079752,4869151.561522343,148634.86012169876,507738.65792352805,617750.8258180075,1016494.7628192902,155151.45837259782,4585397.0,27068.398193359375,0.0,0.0,0.0,0.0,75.66,153235.88755101,240.49,80926.64256864,0.0,0.0,0.0,0.0,510.6,452.4,1.12748889,3865621.0,5103.490009289035,0.0,0.0,0.0,0.0,0.0,0.0,0.0,0.0,0.0,0.0,0.0,0.0,1.0,0.0,0.0,0.0,0.0,0.0,365352.0,24343.0,3815.0,54561.0,166188.0,5955.0,23538.0,5367.0,22799.0,46132.0,38313.0,7389234.461778264,27068.398193359375,234162.53011965,261230.92831300938,79.0,27,-0.12053668025532327,-0.992708874098054,2017.0,17564062.04840261,735470.6146478987,16.681365500295346,13.508267225006149,13.508267225006149,13.536278020768137
2017-07-10,gb,766402.0,693625.0,482467.6574573557,3840723.110654461,552878.2686852419,286149.86619563727,583399.0033538728,1625974.6140670776,385380.7950716617,0.0,75661.29393598357,4895624.823432569,130392.67855541389,459234.4723440639,610503.1181470588,1061020.4317717552,167071.72421366372,4331042.0,25745.976806640625,0.0,0.0,0.0,0.0,66.67,135022.43202195,255.45,85958.62548470999,0.0,0.0,0.0,0.0,511.9,454.2,1.12748889,4981011.0,8203.478298763599,0.0,0.0,0.0,0.0,0.0,0.0,0.0,0.0,0.0,0.0,0.0,0.0,0.0,0.0,0.0,0.0,0.0,0.0,368461.0,24366.0,3985.0,56258.0,166534.0,5956.0,23817.0,5475.0,22678.0,49550.0,39322.0,7399508.542400508,25745.976806640625,220981.05750666,246727.03431330062,80.0,28,-0.23931566428755743,-0.9709418174260521,2017.0,17815151.874588903,682769.4037001394,16.695559938213933,13.433913923474021,13.433913923474021,13.549463420036137
2017-07-17,gb,753475.0,767907.0,477938.613959809,3817964.7631130214,620586.6018406984,291183.54401347146,572535.014177452,1590540.165046692,430405.34197879385,0.0,76885.54776054576,4844265.357644999,145790.38774350824,444396.5269386922,559172.1604082047,1066890.971177578,178812.50941257481,4040959.0,24914.669677734375,1012000.0,17708.589599609375,0.0,0.0,75.22,152341.78886124,231.63,77943.3069657,0.0,0.0,0.0,0.0,556.1,472.2,1.12748889,3803886.0,4964.149990011439,0.0,0.0,0.0,0.0,0.0,0.0,0.0,0.0,0.0,0.0,0.0,0.0,0.0,0.0,0.0,0.0,0.0,0.0,363004.0,24319.0,3877.0,53829.0,161491.0,6363.0,23894.0,6067.0,21828.0,48420.0,40383.0,7316213.461086104,42623.25927734375,230285.09582694,272908.3551042838,81.0,29,-0.3546048870425356,-0.9350162426854148,2017.0,17899520.411569458,676546.5426858236,16.70028453366972,13.424758001560182,13.424758001560182,13.532452445181104
2017-07-24,gb,758462.0,834074.0,490068.9266156283,3774682.5010278374,632801.1459423698,315005.89878969983,585507.5245840236,1576798.0391101837,466156.4296306515,0.0,74530.56865794174,4652210.009223321,145263.36655915313,460881.9213548989,547255.4966662657,1007130.6567659378,191783.56049872877,3150626.0,19890.411560058594,869048.0,16322.654571533203,0.0,0.0,66.39,134469.96246585,325.58,109556.96795240999,0.0,0.0,0.0,0.0,553.8,329.7,1.12748889,543940.0,1691.498309965192,0.0,0.0,0.0,0.0,0.0,0.0,0.0,0.0,0.0,0.0,0.0,0.0,0.0,0.0,0.0,0.0,0.0,0.0,367323.0,25771.0,3938.0,54470.0,157847.0,6391.0,24819.0,6592.0,21774.0,48107.0,41430.0,7079055.579726248,36213.0661315918,244026.93041826,280239.9965498518,82.0,30,-0.46472317204376806,-0.8854560256532101,2017.0,17708070.70354564,679367.5867210268,16.689531122043594,13.428919096844004,13.428919096844004,13.539049296093113
2017-07-31,gb,770203.0,836176.0,487832.71464678406,3600529.045256056,661182.637741367,317806.0196090556,552765.2517111569,1742242.3362922668,496736.28008145955,0.0,73596.95265632028,4130785.6295387456,137782.81310660823,457929.2623723925,496111.8471897659,1110982.045619011,223741.81502167688,23767449.0,61514.35986328125,2356382.0,40733.81591796875,0.0,0.0,56.33,142161.69167343,326.58,100401.75816561,0.0,0.0,0.0,0.0,566.0,321.3,1.12748889,300116.0,1837.3636711117892,0.0,0.0,0.0,0.0,0.0,0.0,0.0,0.0,0.0,0.0,0.0,0.0,0.0,0.0,0.0,0.0,0.0,0.0,374959.0,25548.0,3914.0,54083.0,155872.0,6847.0,25510.0,7348.0,20601.0,53739.0,41782.0,6630930.365504521,102248.17578125,242563.44983904,344811.62562029,83.0,31,-0.5680647467311556,-0.8229838658936566,2017.0,17148015.46031431,746505.7431621747,16.657393066596576,13.523159928957657,13.523159928957657,13.554410693805705
2017-08-07,gb,742007.0,824728.0,473201.47949041915,3504181.2226032065,668743.5679547911,316014.8156204861,550190.5967342857,1489452.4828014374,449998.2406100344,0.0,70843.7007119022,3875589.126236004,140797.12205308056,423781.91285274026,487399.6717685466,918132.6130757332,183897.51348757476,27925292.0,66406.5458984375,1878583.0,34166.746337890625,0.0,0.0,41.12,109968.9067356,279.42,81738.9372888,0.0,0.0,0.0,0.0,507.6,355.8,1.0966076,242981.0,1469.2643742537089,0.0,0.0,0.0,0.0,0.0,0.0,0.0,0.0,0.0,0.0,0.0,0.0,0.0,0.0,0.0,0.0,0.0,0.0,365389.0,24836.0,3681.0,52343.0,150325.0,6713.0,24800.0,6567.0,20021.0,47834.0,39498.0,6100441.660185581,100573.29223632812,191707.8440244,292281.1362607281,84.0,32,-0.6631226582407953,-0.748510748171101,2017.0,16281496.924984561,734028.1042254744,16.605539924440183,13.506303958343896,13.506303958343896,13.517115303762555
2017-08-14,gb,748065.0,710308.0,506936.4525337482,3625339.3013298335,715512.2999008885,318861.7306707328,554776.5277000819,1483535.6941242218,406383.8095815952,0.0,67352.84477757305,4058765.965995038,159011.2880804843,403608.35585673834,498085.76938639965,961246.6605172157,155733.3375328165,13724017.0,47231.4208984375,2345320.0,43001.95947265625,0.0,0.0,36.21,96830.45108,253.05,74023.2062152,0.0,0.0,0.0,0.0,451.8,405.9,1.0966076,429096.0,1754.5088520786082,0.0,0.0,0.0,0.0,0.0,0.0,0.0,0.0,0.0,0.0,0.0,0.0,0.0,0.0,0.0,0.0,0.0,0.0,361455.0,25268.0,3572.0,55600.0,155680.0,7627.0,25093.0,5482.0,20349.0,48331.0,39608.0,6303804.222146265,90233.38037109375,170853.65729519998,261087.03766629373,85.0,33,-0.7485107481711009,-0.6631226582407955,2017.0,15958365.228013832,696427.879216433,16.585493778080313,13.453720955310475,13.453720955310475,13.525246488358228
2017-08-21,gb,719213.0,825964.0,473572.0439648772,3496351.9963028887,606589.9191972085,298157.29324354924,483109.5785403248,1311296.5195388794,362191.51769254374,0.0,60638.132206549526,3820911.409712199,135714.61748001125,362575.2121701942,425881.8534501417,847740.9833440781,133604.06590683217,12324886.0,36162.51904296875,1785674.0,23324.747314453125,844922.0,4671.088900556209,27.34,73122.8913756,193.54,56615.6571728,0.0,0.0,0.0,0.0,368.6,376.9,1.0966076,404876.0,1857.8300667558526,0.0,0.0,0.0,0.0,0.0,0.0,0.0,0.0,0.0,0.0,0.0,0.0,0.0,0.0,0.0,0.0,0.0,0.0,349617.0,25187.0,3360.0,51823.0,153003.0,6516.0,23751.0,4998.0,18666.0,44585.0,37706.0,5787066.2742700055,59487.266357421875,129738.5485484,189225.81490582187,86.0,34,-0.8229838658936564,-0.5680647467311559,2017.0,15236225.870423602,601943.105566957,16.539186496888753,13.307919872084906,13.307919872084906,13.485914228023502
2017-08-28,gb,721311.0,721581.0,433394.19557058805,3226925.7068133713,593088.655823568,289235.74309292814,458245.4936154314,1287488.4247188568,358236.62617813936,0.0,52617.13350311998,3453549.776435654,134743.23986724825,361898.3629955982,395012.05839525285,846148.0102453232,129539.52549580863,44233422.0,78464.55419921875,1650505.0,10867.627090454102,715067.0,3887.529786279912,31.17,90178.4293784,261.72,98703.4568608,0.0,0.0,0.0,0.0,461.5,375.9,1.0966076,270139.0,447.4661475342377,0.0,0.0,0.0,0.0,0.0,0.0,0.0,0.0,0.0,0.0,0.0,1.0,0.0,0.0,0.0,0.0,0.0,0.0,353846.0,23875.0,3421.0,50007.0,151499.0,6804.0,24158.0,4913.0,18301.0,46030.0,38457.0,5373508.1069380045,89332.18128967285,188881.88623920002,278214.06752887287,87.0,35,-0.88545602565321,-0.46472317204376834,2017.0,14391132.864894623,634992.2544001534,16.482122871096028,13.36136965482652,13.36136965482652,13.488827054981687
2017-09-04,gb,725727.0,685341.0,426854.84833766683,2936272.34198705,620402.5287194374,284536.38824878423,451912.76520111813,1273403.9004039764,331174.6316102039,0.0,54113.04490234648,3120248.4338823706,141224.487017494,397326.33396518545,395796.9004489254,869440.5986292362,126280.56500894515,51179536.0,83517.02783203125,1715239.0,13318.462646484375,0.0,0.0,21.9,72465.45950028,50.56,68259.49986492,0.0,0.0,0.0,0.0,394.8,384.1,1.11979756,5225605.0,32766.711391732224,0.0,0.0,0.0,0.0,0.0,0.0,0.0,0.0,0.0,0.0,0.0,0.0,0.0,1.0,0.0,0.0,0.0,0.0,361755.0,23695.0,3420.0,50292.0,145014.0,6792.0,24055.0,4801.0,18254.0,46345.0,41304.0,5104430.363854503,96835.49047851562,140724.95936520002,237560.44984371564,88.0,36,-0.9350162426854147,-0.3546048870425359,2017.0,13614826.753391752,614411.7357391559,16.426670032771757,13.328422189342877,13.328422189342877,13.494930567958589
2017-09-11,gb,701574.0,576480.0,449529.8872283645,2794797.385553148,636293.9221945371,268818.3438431233,419876.82522297965,1177913.2565441132,314481.78424600954,0.0,60873.37025044899,2959108.566503414,159369.876425208,348541.6100423897,369554.89053429133,763867.4283921717,117395.64522608533,45497579.0,102446.150390625,2180998.0,32693.087646484375,0.0,0.0,15.04,49762.683768840005,45.31,61177.90009548001,0.0,0.0,0.0,0.0,320.3,369.3,1.11979756,17102655.0,95978.97587681266,0.0,0.0,0.0,0.0,0.0,0.0,0.0,0.0,0.0,0.0,0.0,0.0,0.0,0.0,0.0,0.0,0.0,0.0,352154.0,22883.0,3512.0,52415.0,135575.0,7018.0,23083.0,4608.0,17375.0,42871.0,40080.0,4778711.387374009,135139.23803710938,110940.58386432001,246079.8219014294,89.0,37,-0.970941817426052,-0.23931566428755774,2017.0,12824723.147522505,610143.0509472545,16.366885439824678,13.321450357364546,13.321450357364546,13.46108308656602
2017-09-18,gb,698432.0,610025.0,469836.9502705442,2684316.8189210286,611650.0015709103,274906.4021038071,404602.2726650339,1095755.6041765213,299852.62362718047,0.0,50316.33689076569,2957040.3842283506,158107.44952463973,373277.9837613271,364673.2791207887,766332.4302585125,121251.26096927215,44000305.0,134906.111328125,4120196.0,76387.7158203125,0.0,0.0,14.54,48132.258521480006,40.87,55176.90497144,0.0,0.0,0.0,0.0,179.1,332.7,1.11979756,18555032.0,98485.82727992519,0.0,0.0,0.0,0.0,0.0,0.0,0.0,0.0,0.0,0.0,0.0,0.0,0.0,0.0,0.0,0.0,0.0,0.0,353425.0,22173.0,3495.0,56100.0,130981.0,6660.0,23925.0,4432.0,16503.0,40862.0,39876.0,4790999.124753656,211293.8271484375,103309.16349292001,314602.9906413575,90.0,38,-0.992708874098054,-0.12053668025532357,2017.0,12366932.063101185,675981.8653892595,16.330536780168202,13.42392300764655,13.42392300764655,13.45659453325035
2017-09-25,gb,715245.0,677152.0,467005.1899414049,2752920.0285532256,645320.2876579812,270555.3448209637,395644.4654618071,979563.8184967041,346234.30883871886,0.0,50015.00561807461,3097040.9020424215,168047.70292639564,360247.67379540147,371918.71093923494,692730.0065224171,133645.1829814534,39052822.0,133581.42315673828,2934673.0,54028.1123046875,0.0,0.0,12.31,36449.410578,42.68,57382.90616464,0.0,0.0,0.0,0.0,209.2,309.5,1.11979756,16792898.0,80119.32691324019,0.0,0.0,0.0,0.0,0.0,0.0,0.0,0.0,0.0,0.0,0.0,0.0,0.0,0.0,0.0,0.0,0.0,0.0,362192.0,23708.0,3869.0,57374.0,136124.0,6726.0,24365.0,5054.0,16883.0,38233.0,40715.0,4873645.184825398,187609.53546142578,93832.31674264,281441.85220406577,91.0,39,-1.0,-1.8369701987210297e-16,2017.0,12182430.255318236,681239.460203843,16.315505410779565,13.431670621491037,13.431670621491037,13.480381818446526
2017-10-02,gb,707879.0,667696.0,457123.3775718574,2726978.8290747013,644718.1536068037,279198.1242849841,363010.2016646995,827006.7197742462,322518.2459827984,0.0,55186.8470861099,3158462.2342492705,160301.58742768836,416930.18847841676,339419.159395905,559542.7442393303,127150.26448770348,18857142.0,88923.57275390625,0.0,0.0,0.0,0.0,40.01,84646.77606702,236.49,99657.14771223,0.0,0.0,0.0,0.0,210.5,318.3,1.12260651,2551926.0,29771.347575221746,0.0,0.0,0.0,0.0,0.0,0.0,0.0,0.0,0.0,0.0,0.0,0.0,0.0,0.0,1.0,0.0,0.0,0.0,357998.0,23400.0,4001.0,57090.0,138371.0,6762.0,25320.0,4768.0,15707.0,33028.0,41434.0,4816993.025364424,88923.57275390625,184303.92377925,273227.49653315626,92.0,40,-0.992708874098054,0.1205366802553232,2017.0,12023987.184360221,677061.971925845,16.30241422774316,13.425519563707299,13.425519563707299,13.470029866785122
2017-10-09,gb,703311.0,644187.0,457661.8830302733,2702071.771619451,628480.2294116366,288478.4452015214,343872.56828781404,786488.2442264557,309955.7526730861,0.0,57133.23846839236,3305315.491783672,157480.13726750482,432187.24839689006,318107.43229170906,530054.220927,130512.57224813996,19782411.0,82192.67810058594,0.0,0.0,0.0,0.0,37.4,79226.83183674,166.87,91593.4651509,0.0,0.0,0.0,0.0,221.4,349.7,1.12260651,4182691.0,49831.91327690973,0.0,0.0,0.0,0.0,0.0,0.0,0.0,0.0,0.0,0.0,0.0,0.0,0.0,0.0,0.0,0.0,0.0,0.0,356930.0,24732.0,3568.0,57320.0,137168.0,6487.0,25832.0,4863.0,14973.0,31394.0,40044.0,4930790.341383308,82192.67810058594,170820.29698764,253012.97508822594,93.0,41,-0.9709418174260521,0.23931566428755738,2017.0,12039302.947675597,654864.8985851639,16.30368718451894,13.392185758671838,13.392185758671838,13.463555884570567
2017-10-16,gb,694068.0,624421.0,445635.56249165954,2623400.285825225,661403.1607090996,278909.25394387415,347089.059268732,735209.0791006088,296433.6566433894,0.0,47090.04057416042,3017213.2585226987,150710.68431116268,414640.0612745999,323632.32056593784,486119.8843843937,122278.64742483688,23950579.0,94847.78564453125,1537387.0,16794.359969452024,0.0,0.0,29.01,78551.02271772,218.76,65042.69858289,0.0,0.0,0.0,0.0,193.2,369.7,1.12260651,1020748.0,11198.237790602,0.0,0.0,0.0,0.0,0.0,0.0,0.0,0.0,0.0,0.0,0.0,0.0,0.0,0.0,0.0,0.0,0.0,0.0,354278.0,22506.0,3561.0,56031.0,134861.0,6566.0,25287.0,4794.0,15214.0,32086.0,38884.0,4561684.89705779,111642.14561398327,143593.72130061,255235.86691459327,94.0,42,-0.9350162426854148,0.35460488704253557,2017.0,11688066.174589906,644976.539002403,16.274078979708776,13.376970771919478,13.376970771919478,13.450326658177865
2017-10-23,gb,657861.0,628883.0,430278.6604710974,2501394.5841270033,553606.1938497501,272948.4441480585,354494.2700888681,628699.0785284042,296477.4978104287,0.0,47619.46091536687,2703849.066485041,127482.46875170359,401393.7440097922,328221.13283172256,538343.2690517902,116017.7686992557,20672605.0,84922.60107421875,1080391.0,13339.98193359375,0.0,0.0,37.16,106111.01253822,191.73,94128.31065048,0.0,0.0,0.0,0.0,200.9,503.1,1.12260651,415152.0,4938.044567423956,0.0,0.0,0.0,0.0,0.0,0.0,0.0,0.0,0.0,0.0,0.0,0.0,0.0,0.0,0.0,0.0,0.0,0.0,338740.0,21277.0,3697.0,53269.0,122178.0,5934.0,25068.0,4685.0,14843.0,30855.0,37313.0,4262926.910744672,98262.5830078125,200239.32318870001,298501.9061965125,95.0,43,-0.8854560256532101,0.464723172043768,2017.0,11185512.313573187,680814.9016054885,16.23013004488623,13.43104721320338,13.43104721320338,13.396750461868018
2017-10-30,gb,645862.0,605651.0,403593.54048659885,2239619.863218219,563678.8535991159,264101.6909658056,322401.22479775694,742108.2881374359,261230.1640606341,0.0,48276.992221809174,2418177.107854066,126299.09265177308,379350.7605194044,296591.0260979834,789669.6633946896,102628.61846401954,24992678.0,144246.5704345703,2028373.0,25688.154296875,0.0,0.0,15.34,29185.52404698,121.26,91923.51146484,0.0,0.0,0.0,0.0,167.5,319.3,1.12260651,194032.0,2368.738281821762,0.0,0.0,0.0,0.0,0.0,0.0,0.0,0.0,0.0,0.0,0.0,0.0,0.0,0.0,0.0,0.0,0.0,0.0,333771.0,20526.0,3318.0,51593.0,114668.0,5364.0,24993.0,4154.0,13969.0,36519.0,36987.0,4160993.261203745,169934.7247314453,121109.03551182001,291043.7602432653,96.0,44,-0.8229838658936566,0.5680647467311556,2017.0,10786565.820247497,695542.5978813113,16.193812104977066,13.452448974047845,13.452448974047845,13.378342685970399
2017-11-06,gb,649531.0,588096.0,400491.8305610614,2280049.051774631,525147.6383262093,261791.3566767707,316351.09709352255,675011.9685945511,245898.56419050967,0.0,48590.56247277839,2366344.8102520388,122250.04062822527,374559.5858725791,293518.2907365436,723773.3973088264,101622.00322409015,27533011.0,173214.86181640625,2310237.0,29040.6689453125,0.0,0.0,0.0,0.0,38.17,68461.5125532,0.0,0.0,0.0,0.0,195.6,173.1,1.1259932,212457.0,1138.9377706367345,0.0,0.0,0.0,0.0,0.0,0.0,0.0,0.0,0.0,0.0,0.0,0.0,0.0,0.0,0.0,0.0,0.0,0.0,336981.0,21066.0,3557.0,52681.0,115782.0,5264.0,25223.0,4324.0,13807.0,32411.0,38435.0,4030658.6904950812,202255.53076171875,68461.5125532,270717.04331491876,97.0,45,-0.7485107481711011,0.6631226582407952,2017.0,10422334.181587424,683909.4059822776,16.159461674900122,13.435582202619322,13.435582202619322,13.384007382547336
2017-11-13,gb,636755.0,570085.0,389771.0751198316,2250572.245029443,531882.8160114166,241809.44128851275,298164.83361835376,625655.6807565689,216550.3337720987,0.0,47165.40008559453,2293545.1326607084,112351.25786592846,337638.6802556427,257930.1194051286,626075.8102195263,91437.02351892657,26545892.0,142155.943359375,1489717.0,18290.77783203125,0.0,0.0,0.0,0.0,29.33,54609.5442068,0.0,0.0,0.0,0.0,222.4,142.7,1.1259932,97357.0,318.07350207966005,0.0,0.0,0.0,0.0,0.0,0.0,0.0,0.0,0.0,0.0,0.0,0.0,0.0,0.0,0.0,0.0,0.0,0.0,333406.0,19910.0,3437.0,51553.0,113704.0,5023.0,23785.0,3592.0,13261.0,31598.0,37486.0,3766143.424011456,160446.72119140625,54609.5442068,215056.26539820625,98.0,46,-0.6631226582407955,0.7485107481711007,2017.0,9939073.545104688,620117.786820282,16.111984470184083,13.337666330315555,13.337666330315555,13.36414181564772
2017-11-20,gb,622238.0,534136.0,375942.48994518723,2158904.399928445,460924.42419673747,231509.71564077304,291490.62737831724,609764.9981365204,226571.47735515478,0.0,43757.4487185829,2242305.2924741167,99412.08628435699,320971.3594531824,251758.350990151,532416.4666728824,90690.92444541487,23327926.0,124461.76318359375,842125.0,12511.49951171875,0.0,0.0,0.0,0.0,29.84,54573.512424399996,0.0,0.0,0.0,0.0,62.9,126.7,1.1259932,15026.0,132.28742156712292,0.0,0.0,0.0,0.0,0.0,0.0,0.0,0.0,0.0,0.0,0.0,0.0,0.0,0.0,0.0,1.0,0.0,0.0,324641.0,19966.0,3517.0,50344.0,109220.0,4299.0,23107.0,3900.0,12738.0,33715.0,36790.0,3581311.929038687,136973.2626953125,54573.512424399996,191546.7751197125,99.0,47,-0.5680647467311559,0.8229838658936564,2017.0,9462897.531793943,558890.3048315659,16.06288929280728,13.233710287490617,13.233710287490617,13.341079542291343
2017-11-27,gb,584438.0,501519.0,335642.4595787653,2039090.6558593095,418431.3022412899,209698.20425094667,249262.74598354922,589320.0382175446,197158.42929573916,0.0,35901.77718531968,2138428.314198283,100978.54588799384,313503.5816096344,213574.92603240878,514278.4932433367,73761.8263187754,19646872.0,106282.96411132812,989909.0,13952.902099609375,0.0,0.0,0.0,0.0,38.34,49264.4544864,0.0,0.0,0.0,0.0,82.1,145.0,1.1259932,777429.0,3399.892761499983,0.0,0.0,0.0,0.0,0.0,0.0,0.0,0.0,0.0,0.0,0.0,0.0,0.0,0.0,0.0,0.0,0.0,0.0,306961.0,17891.0,3472.0,45779.0,103581.0,4070.0,21533.0,3138.0,11197.0,33111.0,33705.0,3390427.4644757514,120235.8662109375,49264.4544864,169500.3206973375,100.0,48,-0.4647231720437684,0.88545602565321,2017.0,8987258.997979213,500245.3308481067,16.01131857667482,13.122855917782612,13.122855917782612,13.27840769174493
2017-12-04,gb,547042.0,445617.0,327547.9579436186,1897934.8010932559,424342.66570905864,194177.3377820185,235678.8774692333,566615.3220796585,155455.6123412442,0.0,40079.99957327159,2023409.130612504,94406.83802904261,307295.68845098716,201002.3677792483,503196.0901851654,65369.51621570865,24088331.0,127138.83569335938,922683.0,13276.632446289062,0.0,0.0,0.0,0.0,48.45,73879.12706202,0.0,0.0,0.0,0.0,183.8,124.6,1.13266377,1627074.0,14035.303944407935,0.0,0.0,0.0,0.0,0.0,0.0,0.0,0.0,0.0,0.0,0.0,0.0,0.0,0.0,0.0,0.0,0.0,0.0,288433.0,15742.0,3251.0,43232.0,97686.0,4078.0,20116.0,2616.0,10276.0,31353.0,30259.0,3234759.6308459276,140415.46813964844,73879.12706202,214294.59520166845,101.0,49,-0.35460488704253595,0.9350162426854147,2017.0,8544296.686133126,510192.1472988747,15.960774681116959,13.142544653197989,13.142544653197989,13.212282688917757
2017-12-11,gb,503538.0,426536.0,307443.4141079789,1731828.9258952187,359589.3352549482,183087.54870086472,189066.90518186364,460163.25902843475,152520.6844558572,0.0,32045.386909592846,1840436.551048893,78181.94416970691,284898.5633929282,158747.47189822939,397804.0735888481,57415.697468522594,24129680.0,130473.14038085938,783309.0,11844.392333984375,0.0,0.0,0.0,0.0,55.68,79321.57647687,0.0,0.0,0.0,0.0,23.1,149.4,1.13266377,2912674.0,26882.768843936345,0.0,0.0,0.0,0.0,0.0,0.0,0.0,0.0,0.0,0.0,0.0,0.0,0.0,0.0,0.0,0.0,0.0,0.0,272058.0,14681.0,2995.0,40622.0,87294.0,3431.0,18870.0,2489.0,8815.0,24604.0,27679.0,2849529.688476721,142317.53271484375,79321.57647687,221639.10919171374,102.0,50,-0.2393156642875578,0.970941817426052,2017.0,7899488.910756029,523467.4151126023,15.8823087470939,13.168231973399207,13.168231973399207,13.129416445936485
2017-12-18,gb,444654.0,485330.0,275219.65207530133,1554691.1924678045,327104.9798638794,166505.9510197658,177211.45874654595,387919.21946811676,152268.12219051633,0.0,26735.44865856617,1650947.6098135405,67005.31737601699,254525.46491693365,147590.11501049524,314395.3795967102,55732.08873126877,24610670.0,132597.31640625,684055.0,10853.0283203125,0.0,0.0,0.0,0.0,100.98,128104.27238699999,0.0,0.0,0.0,0.0,0.0,334.5,1.13266377,2977771.0,25633.410504439624,0.0,0.0,0.0,0.0,0.0,0.0,0.0,0.0,0.0,0.0,0.0,0.0,0.0,0.0,0.0,0.0,0.0,0.0,241096.0,14371.0,2782.0,35420.0,77381.0,2855.0,16411.0,2355.0,8232.0,20084.0,23667.0,2516931.4241035315,143450.3447265625,128104.27238699999,271554.6171135625,103.0,51,-0.12053668025532363,0.992708874098054,2017.0,7185023.968095976,580621.3804043422,15.78750955251998,13.271855876857552,13.271855876857552,13.005053979563844
2017-12-25,gb,520800.0,578017.0,386433.65582909837,2338487.28862769,458989.57178154803,226180.84802532673,324667.9485224629,649551.6825418472,239895.75640835727,0.0,32264.13323066767,2485391.687455784,83246.92721494767,308601.36219816917,266815.7233749547,504336.11400677264,85569.5712616824,20752474.0,127967.22094726562,573279.0,8460.2880859375,0.0,0.0,0.0,0.0,83.73,165643.01505234,0.0,0.0,0.0,0.0,582.5,884.2,1.13266377,3512076.0,23631.092439544078,0.0,0.0,0.0,0.0,0.0,0.0,0.0,0.0,0.0,0.0,0.0,0.0,0.0,0.0,0.0,0.0,1.0,1.0,271744.0,16623.0,3218.0,39146.0,97825.0,3833.0,18136.0,3054.0,11649.0,28279.0,27293.0,3766225.518742978,136427.50903320312,165643.01505234,302070.5240855431,104.0,52,-2.4492935982947064e-16,1.0,2017.0,8007351.191026464,645554.9347641009,15.895870701478533,13.377867138905971,13.377867138905971,13.163123289997541
2018-01-01,gb,821227.0,748668.0,557806.3312256266,3406926.593936147,778663.5816781186,333724.38872473687,544816.7002825824,916461.327214241,391097.4850184477,0.0,48619.18731242898,3862734.8952487484,150235.6731110657,461481.04085319286,449398.0093236028,734924.0126159191,137062.61566590331,28727416.0,195679.8505859375,844061.0,11498.236694335938,0.0,0.0,0.0,0.0,60.5,96633.60616550448,0.0,0.0,0.0,0.0,625.3,990.8,1.13328388,3653203.0,20799.397199844778,1.0,0.0,0.0,0.0,0.0,0.0,0.0,0.0,0.0,0.0,0.0,0.0,0.0,0.0,0.0,0.0,0.0,0.0,424946.0,25354.0,4716.0,64915.0,151439.0,6392.0,28754.0,4347.0,19416.0,41012.0,49936.0,5844455.4341308605,207178.08728027344,96633.60616550448,303811.6934457779,105.0,1,0.12053668025532306,0.992708874098054,2018.0,10581166.560475793,686597.6475299941,16.17458633373821,13.439505190196032,13.439505190196032,13.618556059989873
2018-01-08,gb,860071.0,777724.0,594121.3484985684,3479577.331885029,754038.0059012946,347024.0906096533,541652.8578655688,996412.1780605316,422350.3197545133,0.0,54807.12497684181,4104539.5901849982,159835.54327063166,509732.78426546516,459730.3029983016,818324.9965040684,153286.2474945237,26541460.0,169152.1005859375,788406.0,11435.251831054688,0.0,0.0,0.0,0.0,59.2,95781.87614861608,0.0,0.0,0.0,0.0,485.0,887.1,1.13328388,188293.0,1846.1354628112606,0.0,0.0,0.0,0.0,0.0,0.0,0.0,0.0,0.0,0.0,0.0,0.0,0.0,0.0,0.0,0.0,0.0,0.0,440590.0,27582.0,4628.0,70168.0,157073.0,6638.0,31678.0,4784.0,20263.0,43055.0,53612.0,6260256.58969483,180587.3524169922,95781.87614861608,276369.22856560827,106.0,2,0.23931566428755777,0.970941817426052,2018.0,12545699.778447662,684715.6976409741,16.344888597398064,13.436760451610361,13.436760451610361,13.664771385655522
2018-01-15,gb,825127.0,735768.0,573718.097318171,3503958.5565182287,669379.3143206021,332522.4549253896,515472.8970285157,1001669.3335866928,386295.2879482176,0.0,54621.70628206306,4368002.659810714,145721.5417138277,514787.82236842765,428558.08439048805,829658.3745191097,142811.0022990789,29044271.0,205244.6455078125,801546.0,11266.259887695312,0.0,0.0,0.0,0.0,65.0,104298.46388992181,0.0,0.0,0.0,0.0,320.9,769.8,1.13328388,375938.0,3756.426122517607,0.0,1.0,0.0,0.0,0.0,0.0,0.0,0.0,0.0,0.0,0.0,0.0,0.0,0.0,0.0,0.0,0.0,0.0,425024.0,25134.0,5007.0,67069.0,151819.0,5621.0,30337.0,4461.0,18802.0,41648.0,50205.0,6484161.191383709,216510.9053955078,104298.46388992181,320809.3692854296,107.0,3,0.3546048870425356,0.9350162426854148,2018.0,13951428.770282263,728421.5375876193,16.451092553473003,13.498636567580999,13.498636567580999,13.623293804797218
2018-01-22,gb,812880.0,705187.0,553221.9644755853,3498311.0505891195,645328.3989048736,327907.3805105793,506097.091123491,1077338.212677002,352667.4740537396,0.0,56507.27064777666,4436047.988306062,131010.60027192086,512183.59563908336,422772.5653982906,884692.8773226738,134550.58836502806,36220857.0,195050.783203125,1832088.0,27938.490478515625,0.0,0.0,0.0,0.0,69.6,111726.01840691958,0.0,0.0,0.0,0.0,329.7,739.5,1.13328388,329522.0,3813.038464957991,0.0,0.0,0.0,0.0,0.0,0.0,0.0,0.0,0.0,0.0,0.0,0.0,0.0,0.0,0.0,0.0,0.0,0.0,418020.0,24226.0,4590.0,65075.0,150396.0,5408.0,28879.0,4290.0,18268.0,44086.0,49642.0,6577765.485950835,222989.27368164062,111726.01840691958,334715.2920885602,108.0,4,0.46472317204376856,0.8854560256532099,2018.0,14891676.585958462,768921.2601346478,16.516313063589855,13.552745151225022,13.552745151225022,13.608340006352885
2018-01-29,gb,804155.0,721101.0,534377.2564914546,3076558.611625303,573021.2031769529,329707.60471869056,471908.8745517153,1053362.368979454,345295.77529755805,0.0,60507.54945978353,3793842.0402381737,117087.92049823792,554404.2098196351,408962.8909382571,850287.2525115013,131865.4727797986,32302880.0,155185.82252563443,1377245.0,18128.77734375,0.0,0.0,0.0,0.0,57.79,93239.39601265913,0.0,0.0,0.0,0.0,461.3,658.5,1.13328388,462429.0,6190.089251683055,0.0,0.0,0.0,0.0,0.0,0.0,0.0,0.0,0.0,0.0,0.0,0.0,0.0,0.0,0.0,0.0,0.0,0.0,415313.0,24001.0,4563.0,64546.0,142359.0,4803.0,30538.0,4019.0,18690.0,46175.0,49148.0,5916957.336245387,173314.59986938443,93239.39601265913,266553.99588204356,109.0,5,0.5680647467311558,0.8229838658936564,2018.0,14797631.747499235,724307.4256546899,16.509977776447766,13.492972582940125,13.492972582940125,13.597548559190493
2018-02-05,gb,763388.0,711320.0,516685.3200759648,3109747.379610711,492238.77482702106,329487.4515412529,440709.6061976845,927680.7189321518,356205.0099321948,0.0,54626.57087083203,3896607.614696693,107071.80444106016,573033.6152162538,389843.17671439186,757173.7136217728,116209.07659265972,35128004.0,178764.6328125,2113049.0,27238.427490234375,0.0,0.0,0.0,0.0,46.39,73975.54992387407,0.0,0.0,0.0,0.0,487.5,661.4,1.13125907,1161269.0,10967.280735464377,0.0,0.0,0.0,0.0,0.0,0.0,0.0,0.0,0.0,0.0,0.0,0.0,0.0,0.0,0.0,0.0,0.0,0.0,392439.0,22370.0,4319.0,61004.0,138813.0,4581.0,30198.0,3840.0,18413.0,40752.0,46659.0,5894565.572153663,206003.06030273438,73975.54992387407,279978.61022660846,110.0,6,0.6631226582407952,0.7485107481711011,2018.0,14725283.4640808,710840.3796791809,16.505076605758845,13.47420458921136,13.47420458921136,13.545523009967551
2018-02-12,gb,728471.0,660554.0,497843.98276157543,3089537.841625697,392433.67407058214,315897.3830480603,443374.24155198556,849323.4319381714,331907.0345889838,0.0,51622.56700283549,3755970.248537384,86749.56273608313,533512.9761257279,399601.539548752,676262.513137579,116475.9269150212,29622829.0,164506.7763671875,2610583.0,39987.158203125,0.0,0.0,0.0,0.0,48.0,78670.7024766759,0.0,0.0,0.0,0.0,449.6,549.2,1.13125907,2244669.0,20631.545393408673,0.0,0.0,1.0,0.0,0.0,0.0,0.0,0.0,0.0,0.0,0.0,0.0,0.0,0.0,0.0,0.0,0.0,0.0,375722.0,21151.0,3911.0,57412.0,133383.0,4317.0,28943.0,3693.0,17687.0,36815.0,45437.0,5620195.334003383,204493.9345703125,78670.7024766759,283164.6370469884,111.0,7,0.7485107481711011,0.6631226582407953,2018.0,14413090.629543591,705107.7900567189,16.48364749246844,13.466107382026703,13.466107382026703,13.498704468738048
2018-02-19,gb,722921.0,660878.0,495773.00031658344,3142710.671435458,375406.006232534,315549.45194661536,434234.7550967058,793736.366312027,367415.58704711864,0.0,48620.81389509507,3915164.6163346595,86386.08808645165,519180.70103110326,394261.8645236584,621087.1205675602,145319.16900036443,24328708.0,146741.98828125,2315712.0,45385.041015625,0.0,0.0,0.0,0.0,42.5,68927.1793062307,0.0,0.0,0.0,0.0,311.3,600.3,1.13125907,2768529.0,20490.276753139915,0.0,0.0,0.0,1.0,0.0,0.0,0.0,0.0,0.0,0.0,0.0,0.0,0.0,0.0,0.0,0.0,0.0,0.0,375248.0,20317.0,4046.0,57162.0,132433.0,4095.0,28833.0,4009.0,17725.0,33743.0,45310.0,5730020.373438893,192127.029296875,68927.1793062307,261054.20860310568,112.0,8,0.8229838658936565,0.5680647467311558,2018.0,14314616.624756157,679045.2577833122,16.476791784649116,13.42844453055806,13.42844453055806,13.491056611503597
2018-02-26,gb,737783.0,593967.0,490754.21898026473,2833605.196142393,366544.494402184,307987.29692607647,385245.15790646296,754967.7875595093,357319.341990271,0.0,48270.80359832918,3263379.4706407744,81891.16319833646,512479.85404361115,334203.5787895797,599390.1831203699,152491.47777980275,24310984.0,130943.57598876953,2210147.0,40978.376953125,0.0,0.0,0.0,0.0,85.59,107348.09125769624,0.0,0.0,0.0,0.0,355.1,409.0,1.13125907,3582771.0,26044.60642223479,0.0,0.0,0.0,0.0,0.0,0.0,0.0,0.0,0.0,0.0,0.0,0.0,0.0,0.0,0.0,0.0,0.0,0.0,389835.0,18400.0,4188.0,58786.0,131727.0,3958.0,29816.0,4022.0,16730.0,34559.0,45762.0,4992106.531170803,171921.95294189453,107348.09125769624,279270.0441995908,113.0,9,0.8854560256532099,0.4647231720437686,2018.0,13482712.097439965,681594.329056592,16.416918911552756,13.432191401563832,13.432191401563832,13.511406377815772
2018-03-05,gb,706131.0,610076.0,480243.9639816891,2638447.0203667353,360465.1473086169,295256.5008495747,373670.5032949397,722007.0413827896,324209.34839121683,0.0,48800.86024787843,2858857.669399648,75840.61725823143,481588.29804665945,330896.7119383008,578876.5158803463,138009.18781165872,25401490.0,151263.802734375,1192940.0,19025.484375,0.0,0.0,0.0,0.0,79.05,93408.59463345424,0.0,0.0,0.0,0.0,282.8,423.4,1.13273561,2365171.0,17034.101757985554,0.0,0.0,0.0,0.0,0.0,0.0,0.0,0.0,0.0,0.0,0.0,0.0,0.0,0.0,0.0,0.0,0.0,0.0,371251.0,20212.0,4101.0,57631.0,122125.0,3950.0,28108.0,3901.0,16466.0,33343.0,45043.0,4512869.860582723,170289.287109375,93408.59463345424,263697.8817428292,114.0,10,0.9350162426854148,0.35460488704253557,2018.0,12497348.847725134,668012.5373947198,16.34102716761278,13.412063717874396,13.412063717874396,13.46755746783741
2018-03-12,gb,741685.0,696305.0,507378.14272373804,2759898.318722534,403361.28163876676,315987.2999361488,423606.35131734906,807422.6529903412,337160.69710812334,0.0,57912.31635811883,2913047.1289193756,85581.2194537344,528160.5701595877,391762.58021633554,659362.1431457102,122666.56946961822,31123582.0,186395.08642578125,456163.0,3559.8262939453125,0.0,0.0,0.0,0.0,85.56,100639.2395897446,0.0,0.0,0.0,0.0,311.1,638.1,1.13273561,1653612.0,9630.450943564172,0.0,0.0,0.0,0.0,0.0,0.0,0.0,0.0,0.0,0.0,0.0,0.0,0.0,0.0,0.0,0.0,0.0,0.0,387675.0,22879.0,4376.0,59267.0,127291.0,4456.0,29593.0,4235.0,18208.0,36681.0,47024.0,4758492.52772248,189954.91271972656,100639.2395897446,290594.15230947116,115.0,11,0.970941817426052,0.23931566428755782,2018.0,12147992.82752129,686013.3092502858,16.31267459704107,13.438653765455909,13.438653765455909,13.516681251990349
2018-03-19,gb,738263.0,725680.0,506464.4154027593,2955831.984104192,422279.56826574856,322444.92399275117,399777.8928028701,806413.297618866,333507.6486319526,0.0,59443.98391550366,3222796.879778629,94348.71368717315,515447.6464910068,374986.99711138994,658216.6838741302,117328.65485686921,28572723.0,176213.92309570312,420397.0,3078.9625244140625,0.0,0.0,0.0,0.0,71.88,84273.07528964622,0.0,0.0,0.0,0.0,281.2,492.1,1.13273561,2358524.0,24791.19669907865,0.0,0.0,0.0,0.0,0.0,0.0,0.0,0.0,0.0,0.0,0.0,0.0,0.0,0.0,0.0,0.0,0.0,0.0,380117.0,23093.0,4509.0,58495.0,132593.0,4504.0,29646.0,4335.0,17146.0,37367.0,46458.0,5042569.559714702,179292.8856201172,84273.07528964622,263565.9609097634,116.0,12,0.992708874098054,0.120536680255323,2018.0,12220884.054682966,669552.0148595687,16.318656935818503,13.414365626728253,13.414365626728253,13.512056763192021
2018-03-26,gb,718579.0,656407.0,482468.3049067162,2936771.059344352,456885.77298087464,319789.71777160023,396816.7056106773,782709.7763957977,330670.48808742507,0.0,53928.129732945745,3075432.818355809,92960.36373968076,483553.087559661,369406.11665064824,637002.3539159298,114068.7238344487,25889925.0,143378.13012695312,391676.0,3016.828826904297,0.0,0.0,4.0715,4872.80449040871,75.23038781,89670.53435041304,0.0,0.0,0.0,0.0,252.5,404.1,1.13273561,4055430.0,40446.34801019459,0.0,0.0,0.0,0.0,1.0,0.0,0.0,0.0,0.0,0.0,0.0,0.0,0.0,0.0,0.0,0.0,0.0,0.0,366143.0,21637.0,9962.0,53513.0,130327.0,4576.0,29263.0,4194.0,16978.0,37535.0,44452.0,4826351.593789124,146394.95895385742,94543.33884082176,240938.29779467918,117.0,13,1.0,6.123233995736766e-17,2018.0,12059499.864466153,638192.4231469464,16.305363360717447,13.36639668745658,13.36639668745658,13.485032321378888
2018-04-02,gb,753883.0,678605.0,504967.7614225417,3163825.971444885,582200.465087691,339185.363388046,511430.10595190566,764440.0982570648,358740.1671177658,0.0,52616.24914465914,3379777.813021282,114453.048950523,521701.6316038982,480014.8434380406,624419.0346090198,111363.25054599345,20314374.0,109354.15698242188,969301.0,10636.467041015625,0.0,0.0,10.268,12670.220897976546,81.50332829,119837.96068762436,0.0,0.0,0.0,0.0,360.5,398.3,1.14746797,5227385.0,37082.00807598314,0.0,0.0,0.0,0.0,0.0,1.0,0.0,0.0,0.0,0.0,0.0,0.0,0.0,0.0,0.0,0.0,0.0,0.0,384430.0,21803.0,7131.0,56312.0,139182.0,5257.0,30291.0,4372.0,20435.0,36226.0,48444.0,5284345.871313416,119990.6240234375,132508.18158560092,252498.80560903842,118.0,14,0.992708874098054,-0.12053668025532288,2018.0,12421039.723512724,630711.6939632625,16.33490242512274,13.354605719234144,13.354605719234144,13.532993789000713
2018-04-09,gb,753819.0,769638.0,498826.1887952981,3078949.1667604367,574993.193384085,336908.29008327646,459747.2678533053,703129.3662614822,332013.4922160665,0.0,55239.92171506306,3392288.0568744065,114259.29722574503,515818.383296461,425113.38678687223,574317.1246399283,100821.8690821803,16094652.0,96063.15283203125,1211406.0,19379.472045898438,0.0,0.0,9.4095,11831.898022588777,77.67284545,114017.46334042723,0.0,0.0,0.0,0.0,328.8,444.6,1.14746797,4709250.0,30653.043509185383,0.0,0.0,0.0,0.0,0.0,0.0,0.0,0.0,0.0,0.0,0.0,0.0,0.0,0.0,0.0,0.0,0.0,0.0,387300.0,22951.0,6865.0,58079.0,137404.0,5051.0,30665.0,4040.0,19171.0,33552.0,48741.0,5177858.0396206565,115442.62487792969,125849.36136301601,241291.9862409457,119.0,15,0.9709418174260521,-0.2393156642875575,2018.0,12536084.173667116,614962.92406872,16.344121857320623,13.329318885017225,13.329318885017225,13.532908891699867
2018-04-16,gb,681621.0,506032.0,461683.86879296583,2849318.3088746388,554829.0790516895,284693.1120988303,403705.8581383278,544853.5124549866,287045.51877643255,0.0,49161.31154372306,3012054.3171174075,114903.0804449919,365503.3625802625,372053.7829081513,439304.9407783747,86274.51477350583,21491327.0,119810.51147460938,1504006.0,22097.253173828125,0.0,0.0,6.4005,8621.679205164273,74.28132425,110686.56106178659,0.0,0.0,0.0,0.0,285.2,316.1,1.14746797,13239160.0,129667.58909302508,0.0,0.0,0.0,0.0,0.0,0.0,0.0,0.0,0.0,0.0,0.0,0.0,0.0,0.0,0.0,0.0,0.0,0.0,351870.0,21323.0,6158.0,52688.0,126982.0,5127.0,26617.0,3925.0,17120.0,25820.0,43991.0,4439255.3101464175,141907.7646484375,119308.24026695086,261216.00491538836,120.0,16,0.9350162426854148,-0.3546048870425357,2018.0,11864663.475351147,625809.0511002493,16.289075168931394,13.34680217129,13.34680217129,13.432230530971657
2018-04-23,gb,739853.0,618763.0,509293.08341937617,3156632.590491054,595082.1973854066,309396.23801757477,465059.5781138429,603823.1821079254,323084.9033515374,0.0,56475.29108814628,3472919.174531216,125242.33446955468,373826.27300579567,448680.7891460559,479431.5469567776,98174.04450830516,18981644.0,115785.955078125,1299230.0,18721.702880859375,0.0,0.0,6.97,9156.324959978792,76.8984036,111228.74183485137,0.0,0.0,0.0,0.0,308.8,479.0,1.14746797,8539320.0,72111.69755865529,0.0,0.0,0.0,0.0,0.0,0.0,0.0,0.0,0.0,0.0,0.0,0.0,0.0,0.0,0.0,0.0,0.0,0.0,381016.0,22019.0,6680.0,57842.0,139042.0,5511.0,28163.0,4112.0,19627.0,27707.0,48134.0,5054749.453705851,134507.65795898438,120385.06679483017,254892.72475381455,121.0,17,0.8854560256532099,-0.4647231720437685,2018.0,12089699.31888195,625687.4910683807,16.307864434763655,13.34660790812763,13.34660790812763,13.514208148417383
2018-04-30,gb,707722.0,643175.0,484814.4438130702,3028576.117265041,632220.0416800355,299813.3572692034,417902.53239637415,675810.888630867,295660.45923459623,0.0,53636.920617584576,3347431.1056515616,136478.11805115265,411689.982331578,408198.40604061936,594089.4362864494,97740.65498792418,20121023.0,111321.90819335915,1058956.0,15495.697875976562,0.0,0.0,1.5895,2039.125310394078,42.43355391,79121.55136578857,0.0,0.0,0.0,0.0,277.6,198.1,1.14746797,2840752.0,21306.16676489686,0.0,0.0,0.0,0.0,0.0,0.0,1.0,0.0,0.0,0.0,0.0,0.0,0.0,0.0,0.0,0.0,0.0,0.0,362044.0,20598.0,6514.0,53872.0,132859.0,5503.0,28093.0,4464.0,18074.0,31055.0,44646.0,5049264.62396687,126817.60606933571,81160.67667618266,207978.28274551837,122.0,18,0.8229838658936565,-0.5680647467311557,2018.0,12227285.331058515,578961.6655731332,16.319180596784456,13.268993273600733,13.268993273600733,13.469808053182517
2018-05-07,gb,704779.0,601790.0,481454.31864663813,2984232.6830973285,612185.3125364357,314200.76990748884,423881.7023213146,616916.9212312698,292601.9271806878,0.0,54374.21386331574,3182244.524487863,135986.49413145217,505141.38881520473,418521.21192875167,544513.3463129997,90743.94445629531,21642040.0,122308.5634765625,1292520.0,20591.411376953125,0.0,0.0,0.0,0.0,37.3,82401.65691024646,0.0,0.0,0.0,0.0,291.9,210.6,1.13966287,6537441.0,48833.32075313465,0.0,0.0,0.0,0.0,0.0,0.0,0.0,1.0,1.0,0.0,0.0,0.0,0.0,0.0,0.0,0.0,0.0,0.0,366158.0,20090.0,6717.0,53547.0,129889.0,5620.0,27966.0,4424.0,18139.0,27444.0,44785.0,4931525.1239958815,142899.97485351562,82401.65691024646,225301.6317637621,123.0,19,0.7485107481711013,-0.663122658240795,2018.0,12187971.920776557,567797.7652303877,16.315960197291417,13.249522348362756,13.249522348362756,13.465640976356982
2018-05-14,gb,686861.0,614424.0,481514.56474673154,2841509.2557963724,404226.15090635535,303152.29893111007,410784.14059936197,606562.806391716,259803.94955326332,0.0,73497.75564763846,3057060.3178568245,90963.42387705728,503559.88200385636,391164.3981505111,517107.86225509644,83447.72204193483,18050085.0,104389.05859375,1200759.0,18219.38720703125,0.0,0.0,0.0,0.0,36.8,73642.38994743062,0.0,0.0,0.0,0.0,273.6,208.5,1.13966287,7732257.0,64087.701694278,0.0,0.0,0.0,0.0,0.0,0.0,0.0,0.0,0.0,0.0,0.0,0.0,0.0,0.0,0.0,0.0,0.0,0.0,358245.0,19933.0,6561.0,53276.0,124258.0,3759.0,27841.0,4169.0,17231.0,27430.0,44158.0,4716801.361832919,122608.44580078125,73642.38994743062,196250.8357482119,124.0,20,0.6631226582407952,-0.7485107481711012,2018.0,11944888.709162755,532502.5988364504,16.295814105477383,13.18534493492119,13.18534493492119,13.439888677664285
2018-05-21,gb,694637.0,689171.0,523901.70805462555,3046986.590442334,322964.82171721885,324948.16980956326,411759.3387189369,639672.6826143265,274759.728797248,0.0,86970.65684605646,3296279.3214584864,61185.16007721605,517301.7773291213,373244.64663044177,527400.8061823845,80219.56892905901,18076580.0,101392.91967773438,880697.0,15938.991088867188,301.0,1.8981280326843262,0.0,0.0,46.8,107050.2511359608,0.0,0.0,0.0,0.0,256.0,225.9,1.13966287,10819097.0,92609.93657918846,0.0,0.0,0.0,0.0,0.0,0.0,0.0,0.0,0.0,1.0,0.0,0.0,0.0,0.0,0.0,0.0,0.0,0.0,358954.0,20148.0,7205.0,53860.0,129205.0,2252.0,28995.0,4302.0,17365.0,28585.0,43765.0,4942601.937452765,117331.91076660156,107050.2511359608,224382.16190256237,125.0,21,0.5680647467311558,-0.8229838658936564,2018.0,12028470.989364881,539836.8830045455,16.302787063205663,13.199024156808166,13.199024156808166,13.451146125541161
2018-05-28,gb,725314.0,793234.0,512097.7340340271,3119588.016120703,301011.2388346362,332004.02282998984,452344.15609754116,618050.0978813171,256369.29152729418,0.0,65226.231862414694,3270718.1670906604,60335.489565866876,531888.5053237751,382451.5920072529,494098.00062704086,74466.17289861085,16987736.0,98412.953125,6357461.0,15319.959350585938,6583193.0,54299.458984375,3.162,5226.736951508038,42.65168345,74670.53479979446,0.0,0.0,0.0,0.0,313.3,351.6,1.13966287,16439907.0,127314.25302534807,0.0,0.0,0.0,0.0,0.0,0.0,0.0,0.0,0.0,0.0,1.0,1.0,0.0,0.0,0.0,0.0,0.0,0.0,377194.0,21960.0,7075.0,55048.0,135170.0,2414.0,29462.0,4359.0,18417.0,28760.0,45455.0,4879184.159375622,113732.91247558594,79897.2717513025,193630.18422688844,126.0,22,0.4647231720437687,-0.8854560256532098,2018.0,12007510.03424463,513291.3036907974,16.30104293146674,13.148600754652229,13.148600754652229,13.494361322235129
2018-06-04,gb,714257.0,721123.0,513925.2823750977,2922755.1794316587,268326.35476684425,319806.55985626613,455439.5590242164,769320.0582637787,272992.7328397441,0.0,100719.85281340705,3103338.194211249,57320.807605012305,512560.58797701047,376124.0085958014,741381.1192574501,89950.089927159,20794785.0,114645.99609375,9432718.0,21385.708984375,10889693.0,88851.43359375,10.744,15701.646428122922,65.00696939,97570.62538813596,0.0,0.0,0.0,0.0,388.1,388.1,1.13785794,13561512.0,106558.89423912788,0.0,0.0,0.0,0.0,0.0,0.0,0.0,0.0,0.0,0.0,0.0,0.0,0.0,0.0,0.0,0.0,0.0,0.0,368931.0,21551.0,7130.0,54635.0,127996.0,2331.0,28612.0,4652.0,18088.0,35001.0,45330.0,4981394.6603870895,136031.705078125,113272.27181625889,249303.9768943839,127.0,23,0.35460488704253584,-0.9350162426854147,2018.0,12098932.548843112,553225.9803012416,16.308627870223475,13.223523648916142,13.223523648916142,13.478999520590321
2018-06-11,gb,726739.0,525891.0,514653.8443219069,2944427.3405346586,325594.43531813554,324248.42909305857,463142.30373066245,757719.7252779007,259769.62644243203,0.0,94290.30502361438,3056060.769519574,79059.60232151886,547627.4301246407,389310.3885234633,759223.5595216751,81969.44835439645,17824241.0,94543.3232421875,9084753.0,20913.986328125,10288597.0,87704.2763671875,10.0385,17144.05965803354,69.74115083,101977.16341039997,0.0,0.0,0.0,0.0,423.1,456.5,1.13785794,127015.0,1559.74852048765,0.0,0.0,0.0,0.0,0.0,0.0,0.0,0.0,0.0,0.0,0.0,0.0,0.0,0.0,0.0,0.0,0.0,0.0,375336.0,20989.0,6528.0,55643.0,131949.0,2756.0,30094.0,4301.0,18860.0,35219.0,45064.0,5007541.503388884,115457.3095703125,119121.22306843351,234578.53263874602,128.0,24,0.23931566428755768,-0.970941817426052,2018.0,12192338.590224683,562126.6950063714,16.31631841004959,13.239484318380166,13.239484318380166,13.496324058436533
2018-06-18,gb,692734.0,497016.0,513943.40973642474,2968484.3276296156,337025.4866980687,297853.95178180654,465932.6263746246,720388.2249927521,275829.3023899684,0.0,75187.82402828755,3130710.6402069083,81737.89773375756,507219.5130060153,403018.0910662241,692948.2767453194,88583.91491638983,16933944.0,98535.32153320312,12465919.0,50552.495361328125,10779806.0,87544.9697265625,18.0115,30997.494004914726,55.55195634,77483.92930529585,0.0,0.0,0.0,0.0,409.1,413.7,1.13785794,65006.0,672.2628247247831,0.0,0.0,0.0,0.0,0.0,0.0,0.0,0.0,0.0,0.0,0.0,0.0,0.0,0.0,0.0,0.0,0.0,0.0,354768.0,19174.0,6791.0,53685.0,129567.0,2729.0,27280.0,4099.0,18467.0,32628.0,43546.0,4979406.157702902,149087.81689453125,108481.42331021058,257569.24020474183,129.0,25,0.12053668025532308,-0.992708874098054,2018.0,12209908.931253355,590564.0382207636,16.317758469421953,13.288835049487194,13.288835049487194,13.448402809657887
2018-06-25,gb,688560.0,511797.0,507949.61015934375,3016411.7280812375,280052.63228871115,311251.43027672597,432965.3524457773,664889.3657569885,290779.53210497356,0.0,72973.12996379059,3201550.735959761,62703.90622223245,517903.0610388919,372794.7660250254,629756.2095947266,82905.31797556662,13934878.0,82912.02954101562,6683685.0,57105.0654296875,3031960.0,24504.944705963135,26.92738708,43113.66545298124,53.90450129,73564.62701400045,0.0,0.0,0.0,0.0,374.5,395.3,1.13785794,2247326.0,17487.788259292374,0.0,0.0,0.0,0.0,0.0,0.0,0.0,0.0,0.0,0.0,0.0,0.0,0.0,0.0,0.0,0.0,0.0,0.0,353033.0,17582.0,6653.0,52779.0,131032.0,2553.0,28039.0,4121.0,17728.0,31209.0,43831.0,4940587.126779994,140017.09497070312,116678.29246698169,256695.3874376848,130.0,26,1.2246467991473532e-16,-1.0,2018.0,12181724.22902552,607540.5738566238,16.315447454634572,13.31717588618721,13.31717588618721,13.442359191628563
2018-07-02,gb,699419.0,682953.0,510902.53526279837,3116102.1695799255,316413.0517002025,314300.7204607146,433329.6200300418,665156.6582403183,319532.30158622423,0.0,86003.67561930357,3323261.692547989,64247.56582599692,527457.6950671377,391293.91576208145,617522.4079332352,90949.8733441886,20974377.0,110383.30517578125,4957121.0,78723.3701171875,0.0,0.0,28.16599627,47517.018359283575,84.53301285,75851.70728758843,0.0,0.0,0.0,0.0,474.7,348.2,1.12655265,3748695.0,24752.228369644436,0.0,0.0,0.0,0.0,0.0,0.0,0.0,0.0,0.0,0.0,0.0,0.0,1.0,0.0,0.0,0.0,0.0,0.0,355609.0,19647.0,6832.0,53389.0,134854.0,2887.0,28607.0,4220.0,17855.0,30814.0,44704.0,5100736.826099932,189106.67529296875,123368.72564687202,312475.40093984077,131.0,27,-0.12053668025532327,-0.992708874098054,2018.0,12326940.678488588,673215.5429984499,16.327297805321734,13.419822314672514,13.419822314672514,13.458006699141933
2018-07-09,gb,704915.0,714855.0,552324.762203759,3217727.0181204686,353949.88642172015,317394.6861675133,497089.63071160205,757213.692943573,356276.2706743956,0.0,124975.57034516023,3472867.6436613468,66468.21739623211,529325.5329226126,468292.97481834964,722864.3134436607,99535.47323315762,20715233.0,120901.63940429688,4720745.0,73076.478515625,0.0,0.0,19.20151084,30393.72178661249,81.33415089,76976.61803216315,0.0,0.0,0.0,0.0,653.5,427.6,1.12655265,4798494.0,33457.48317962673,0.0,0.0,0.0,0.0,0.0,0.0,0.0,0.0,0.0,0.0,0.0,0.0,0.0,0.0,0.0,0.0,0.0,0.0,358193.0,20046.0,6480.0,54490.0,133431.0,2984.0,27948.0,4322.0,19524.0,33128.0,44369.0,5484329.72582052,193978.11791992188,107370.33981877564,301348.4577386975,132.0,28,-0.23931566428755743,-0.9709418174260521,2018.0,12801269.98255211,701981.5231004067,16.365055019472255,13.461663786829675,13.461663786829675,13.465833925759437
2018-07-16,gb,767410.0,702028.0,598061.1144835475,3576694.825110424,675857.2221240848,344988.0106923595,556335.5097846271,1000649.7443237304,383631.8414814685,0.0,157725.38719873963,3810037.0770081207,127440.37421045385,564142.801903639,518166.46044422145,985889.108932495,107025.86134551706,18013838.0,104815.65454101562,2392095.0,46862.45166015625,0.0,0.0,18.71117434,28492.318473260257,96.58962033,86455.03711623169,0.0,0.0,0.0,0.0,638.9,347.3,1.12655265,4783292.0,33679.76645015354,0.0,0.0,0.0,0.0,0.0,0.0,0.0,0.0,0.0,0.0,0.0,0.0,0.0,0.0,0.0,0.0,0.0,0.0,381175.0,21572.0,7157.0,59281.0,145096.0,5275.0,30337.0,4755.0,21500.0,42406.0,48856.0,6270427.071043188,151678.10620117188,114947.35558949194,266625.46179066383,133.0,29,-0.3546048870425356,-0.9350162426854148,2018.0,13868172.327616684,684045.6169584466,16.44510708409492,13.435781347730368,13.435781347730368,13.550777790807452
2018-07-23,gb,781425.0,822915.0,620972.6608376857,3741829.959477097,688278.4919055047,345848.2249930005,567412.0234003811,996389.5854120255,427835.05527940247,0.0,103227.38234691338,3785312.9635552,129088.1536881359,549884.2080237869,514587.5108405977,958812.0585017204,124920.89329246969,16833444.0,100403.5029296875,998172.0,27251.228515625,0.0,0.0,21.48474443,37828.57839663952,115.3975277,100953.68892537564,0.0,0.0,0.0,0.0,586.1,347.2,1.12655265,5846666.0,40668.79585152497,0.0,0.0,0.0,0.0,0.0,0.0,0.0,0.0,0.0,0.0,0.0,0.0,0.0,0.0,0.0,0.0,0.0,0.0,386923.0,22163.0,6922.0,61360.0,147649.0,5800.0,30281.0,5545.0,21942.0,42222.0,50618.0,6165833.170248823,127654.7314453125,138782.26732201516,266436.99876732763,134.0,30,-0.46472317204376806,-0.8854560256532101,2018.0,14404785.009008497,673612.1253872913,16.483071071063,13.420411227152854,13.420411227152854,13.56887573466102
2018-07-30,gb,773623.0,568329.0,609729.9554307458,3643537.5847988264,792607.6440326753,336395.9188218745,540504.8539292618,990758.134352684,436810.7838701338,0.0,97270.3910423692,3824462.5410684487,152789.30166489113,518328.0857308408,488427.5274005549,965109.9305038451,125334.65348628706,19668323.0,109218.68505859375,1005290.0,25452.57080078125,0.0,0.0,126.881088,84402.05444272746,179.7597351,75601.13142612056,0.0,0.0,0.0,0.0,465.3,370.9,1.12655265,15413092.0,73602.42366833132,0.0,0.0,0.0,0.0,0.0,0.0,0.0,0.0,0.0,0.0,0.0,0.0,0.0,0.0,0.0,0.0,0.0,0.0,385776.0,19800.0,7283.0,59447.0,146145.0,6116.0,29679.0,5582.0,20907.0,42797.0,50091.0,6171722.430897238,134671.255859375,160003.185868848,294674.441728223,135.0,31,-0.5680647467311556,-0.8229838658936566,2018.0,14730925.134563327,694654.3674760433,16.50545966049921,13.451171127425502,13.451171127425502,13.558841246424896
2018-08-06,gb,779082.0,608638.0,601608.2624258548,3540120.6243211525,757712.8487485702,352684.81817552756,565509.793592475,940750.3664274216,359825.3335648218,0.0,75573.69315192517,3732509.953492219,152437.196392169,568579.825562974,538962.7468994078,932279.3044219017,118866.3945868423,20615758.0,110019.20263671875,13713823.0,33690.13720703125,9127582.0,61116.432373046875,118.8,63692.36490538165,276.76,86554.54600032936,0.0,32136.056473509998,0.0,0.0,451.4,513.5,1.11517703,17364176.0,70269.36709406094,0.0,0.0,0.0,0.0,0.0,0.0,0.0,0.0,0.0,0.0,0.0,0.0,0.0,0.0,0.0,0.0,0.0,0.0,391586.0,19745.0,7278.0,59157.0,145658.0,6066.0,30240.0,5350.0,21534.0,41192.0,51276.0,6119209.114507439,143709.33984375,182382.967379221,326092.307222971,136.0,32,-0.6631226582407953,-0.748510748171101,2018.0,14873656.726947874,738944.9091418314,16.51510226848054,13.512980002585486,13.512980002585486,13.565872866032114
2018-08-13,gb,765368.0,0.0,599714.2712792405,3512831.374549012,695454.0116939412,338509.11438856093,568165.4008386135,830958.2967863083,325781.0723667735,0.0,64954.33840970294,3659331.2185134273,136348.35029560607,506722.1383160372,555303.2675414309,843416.1162815094,129535.15733908123,19269473.0,100335.33154296875,22593138.0,36431.1904296875,15796304.0,107377.060546875,72.88,31229.450936520276,228.03,79966.12579589228,0.0,32136.056473509998,0.0,0.0,374.8,322.0,1.11517703,20904875.0,81676.17455186309,0.0,0.0,0.0,0.0,0.0,0.0,0.0,0.0,0.0,0.0,0.0,0.0,0.0,0.0,0.0,0.0,0.0,0.0,389307.0,18914.0,7408.0,58554.0,142844.0,5264.0,28477.0,5575.0,21594.0,37248.0,50183.0,5895610.586696794,136766.52197265625,143331.63320592255,280098.1551785788,137.0,33,-0.7485107481711009,-0.6631226582407955,2018.0,14736169.720335755,719138.9264941204,16.505815622666344,13.48581123041689,13.48581123041689,13.548113349455065
2018-08-20,gb,737942.0,70600.0,581741.4676455961,3438523.0952922036,467028.60500415874,314567.6467400143,558075.327372551,851156.858288765,302095.14670294314,0.0,67007.29642780252,3474674.88768559,85105.38512425603,459959.5045727464,519621.4205286503,885622.7468223572,120890.89295731555,18153279.0,97113.01196289062,21272754.0,32122.841796875,14741697.0,95043.3720703125,49.78,25708.385313256138,178.94,60010.08778881454,0.0,32136.056473509998,0.0,0.0,337.7,260.5,1.11517703,20838557.0,90998.03839482063,0.0,0.0,0.0,0.0,0.0,0.0,0.0,0.0,0.0,0.0,0.0,0.0,0.0,0.0,0.0,0.0,0.0,0.0,373728.0,18356.0,7511.0,56384.0,137963.0,2988.0,27315.0,5168.0,20918.0,39589.0,48022.0,5612882.134118718,129235.85375976562,117854.52957558067,247090.3833353463,138.0,34,-0.8229838658936564,-0.5680647467311559,2018.0,14371601.074444834,674262.2424331531,16.480764739276214,13.421375881051086,13.421375881051086,13.511621864827417
2018-08-27,gb,739662.0,539913.0,539704.2369906744,3256376.3967349934,396932.11660099664,298885.6825794179,563950.1965966225,785589.7294521332,263310.16627139965,0.0,56314.50359952643,3303880.625612842,79621.72433768731,427789.3879007028,512189.6353228092,805521.5137243271,103481.03326489961,18640963.0,86381.1220703125,15000275.0,26221.278686523438,10333673.0,65621.1865234375,54.11,81918.48688654364,180.74,69270.54057324241,0.0,32136.056473509998,0.0,0.0,365.7,233.1,1.11517703,51698040.0,249695.68018917873,0.0,0.0,0.0,0.0,0.0,0.0,0.0,0.0,0.0,0.0,0.0,1.0,0.0,0.0,0.0,0.0,0.0,0.0,378937.0,17864.0,8012.0,55991.0,137170.0,2451.0,26695.0,5847.0,21125.0,38294.0,47276.0,5288798.423762795,112602.40075683594,183325.08393329603,295927.48469013197,139.0,35,-0.88545602565321,-0.46472317204376834,2018.0,13826086.27658063,695236.4433197742,16.442067747964213,13.452008711263966,13.452008711263966,13.513949956046412
2018-09-03,gb,741720.0,559114.0,545065.5951168031,3113088.0760869253,369592.9525313216,282351.85336881434,521162.1534585953,750491.3063001633,248009.81722309886,0.0,57675.199016483195,3232533.9155689934,82579.74200256265,410500.03141225834,489260.74744546413,817126.5156598091,101099.56820021756,26989563.0,87739.90112304688,17598331.0,37276.00439453125,11827937.0,75861.1572265625,121.12,154056.0444992799,203.32,94109.9014370405,0.0,0.0,0.0,0.0,218.3,362.7,1.12002008,43291265.0,207004.25990275704,0.0,0.0,0.0,0.0,0.0,0.0,0.0,0.0,0.0,0.0,0.0,0.0,0.0,1.0,0.0,0.0,0.0,0.0,381388.0,17957.0,8329.0,58126.0,134254.0,2601.0,25868.0,5709.0,21016.0,37335.0,49137.0,5190775.719305788,125015.90551757812,248165.9459363204,373181.85145389853,140.0,36,-0.9350162426854147,-0.3546048870425359,2018.0,13394311.805686528,785262.2205338306,16.410340757344468,13.573774253341728,13.573774253341728,13.516728440658067
2018-09-10,gb,725737.0,338410.0,554743.7280596892,2975725.0599085605,352592.6973085782,296445.6612238155,498452.3419873385,733066.8472909927,270270.9938511547,0.0,61515.05031405117,3061549.5214076275,80503.38435005616,456095.7578333771,510566.6157068012,856765.1245379447,95080.04984445625,28143688.0,97895.46154785156,23391853.0,36716.1904296875,16133544.0,111708.2880859375,351.76,364992.03245240607,149.61,65668.09181316709,0.0,0.0,0.0,0.0,218.3,314.9,1.12002008,50743608.0,240306.5554694542,0.0,0.0,0.0,0.0,0.0,0.0,0.0,0.0,0.0,0.0,0.0,0.0,0.0,0.0,0.0,0.0,0.0,0.0,377844.0,17456.0,7914.0,56482.0,126953.0,2457.0,25941.0,5254.0,20073.0,36904.0,48459.0,5122075.503994314,134611.65197753906,430660.12426557316,565271.7762431123,141.0,37,-0.970941817426052,-0.23931566428755774,2018.0,13053343.49105266,1031950.8246471008,16.384554941737424,13.846962542390521,13.846962542390521,13.494944347130819
2018-09-17,gb,728291.0,565718.0,564744.0567273479,2912599.4419054477,358623.6936398426,318128.6258211817,493236.10990419204,632340.1545476913,292913.4613911308,0.0,56013.36715402528,2955775.0501147327,82871.69788457917,492654.5174805957,487064.1951116638,733144.7653360367,110886.02321858746,25621961.0,108480.7392578125,8792721.0,33615.69775390625,13528613.0,94943.3466796875,1142.69,1090507.6683821063,135.29,74205.50453643675,0.0,0.0,0.0,0.0,220.5,238.4,1.12002008,45351089.0,255451.68792259437,0.0,0.0,0.0,0.0,0.0,0.0,0.0,0.0,0.0,0.0,0.0,0.0,0.0,0.0,0.0,0.0,0.0,0.0,386854.0,17897.0,7741.0,56338.0,124224.0,2348.0,28181.0,5146.0,19301.0,31056.0,49205.0,4918409.6163002215,142096.43701171875,1164713.1729185432,1306809.609930262,142.0,38,-0.992708874098054,-0.12053668025532357,2018.0,12646853.39047101,1921504.9862573065,16.352919077430688,14.468619804390617,14.468619804390617,13.498457345661262
2018-09-24,gb,717876.0,409037.0,533680.7406591318,2733825.353591648,283534.85183532594,315140.26208823,467567.74167368683,542446.8355426788,264709.3044546771,0.0,60172.56823182142,2767444.94924127,59809.46515992017,505180.30923959514,411569.002775223,577190.996887207,115502.28965221194,19619092.0,109769.15063476562,2338740.0,25554.16845703125,18475037.0,147661.892578125,1411.36,1130452.425273694,135.66,67878.03730242231,0.0,0.0,0.0,0.0,195.4,117.8,1.12002008,105110725.0,658630.2163846756,0.0,0.0,0.0,0.0,0.0,0.0,0.0,0.0,0.0,0.0,0.0,0.0,0.0,0.0,0.0,0.0,0.0,0.0,379834.0,17767.0,7267.0,55055.0,124594.0,1981.0,28947.0,6605.0,18929.0,28477.0,48420.0,4496869.581187248,135323.31909179688,1198330.4625761164,1333653.7816679133,143.0,39,-1.0,-1.8369701987210297e-16,2018.0,11981320.378044914,2481607.3743511196,16.298859443237316,14.724417445976055,14.724417445976055,13.484053524163064
2018-10-01,gb,728283.0,528896.0,537646.3738154189,2757829.7680240297,327420.7285397741,313609.89498506807,511979.20363903046,507718.2370185852,238261.46106788327,0.0,68660.4504206822,2846361.858856868,66982.83568204504,509467.3893476747,473044.93698978424,534922.836918354,106351.90892146823,21322306.0,118309.62524414062,3587083.0,45893.68115234375,13799062.0,98287.6171875,9.87,27872.57325845401,154.02,34011.68637791183,0.0,0.0,0.0,0.0,135.6,130.0,1.13290206,97078036.0,520785.60991070064,0.0,0.0,0.0,0.0,0.0,0.0,0.0,0.0,0.0,0.0,0.0,0.0,0.0,0.0,1.0,0.0,0.0,0.0,379001.0,18536.0,7252.0,57852.0,127361.0,2290.0,29723.0,6326.0,21455.0,28711.0,49776.0,4605792.217136877,164203.30639648438,61884.25963636584,226087.5660328502,144.0,40,-0.992708874098054,0.1205366802553232,2018.0,11691805.2286031,1709574.8920766355,16.274398832086128,14.351755881388254,14.351755881388254,13.498446360995853
2018-10-08,gb,724452.0,479512.0,548201.3686688809,2651767.486732864,303215.4643288652,323567.38465138525,519056.40687942505,502100.80691337585,254420.89521090098,0.0,68846.8033177931,2618709.0326772663,61762.73023094669,535152.5537398353,497690.1131415367,553284.4002737999,102187.49197892609,22365189.0,95997.6953125,2532795.0,37421.44140625,14542878.0,103928.9775390625,3.52,9810.750413265407,77.99,23439.337102153808,0.0,0.0,0.0,0.0,243.6,159.9,1.13290206,59438858.0,279622.5098381504,0.0,0.0,0.0,0.0,0.0,0.0,0.0,0.0,0.0,0.0,0.0,0.0,0.0,0.0,0.0,0.0,0.0,0.0,380659.0,18713.0,7258.0,57706.0,123171.0,2012.0,29540.0,5760.0,21831.0,28581.0,49221.0,4437633.125360104,133419.13671875,33250.08751541922,166669.22423416923,145.0,41,-0.9709418174260521,0.23931566428755738,2018.0,11353692.643810112,1187709.5860500662,16.245053680123146,13.98753813478994,13.98753813478994,13.493172166312831
2018-10-15,gb,707143.0,62607.0,525870.5899531181,2419276.693320624,268340.22548715275,318480.2395076242,500216.5358810425,454257.95702171326,272634.3980788618,0.0,72217.12220932245,2113872.3495128877,55844.54093305604,523949.57940384414,476488.85789728165,492211.80752277374,100981.56873723716,12672858.0,69693.00109863281,0.0,0.0,4542048.0,31891.327606201172,5.57,15342.8329286285,80.38,19537.03746752219,0.0,0.0,0.0,0.0,114.8,259.8,1.13290206,66149115.0,280931.9918550741,0.0,0.0,0.0,0.0,0.0,0.0,0.0,0.0,0.0,0.0,0.0,0.0,0.0,0.0,0.0,0.0,0.0,0.0,379816.0,17243.0,7589.0,56407.0,113799.0,1807.0,28983.0,6345.0,20529.0,26378.0,48247.0,3835565.8262164034,69693.00109863281,34879.87039615069,104572.8714947835,146.0,42,-0.9350162426854148,0.35460488704253557,2018.0,10553506.546116672,813048.4535118614,16.17196883145706,13.608547215107848,13.608547215107848,13.46898960164987
2018-10-22,gb,691509.0,308611.0,491986.55347738595,2442174.269042601,218433.52249596742,306759.14470629033,476196.57761764526,417586.971572876,253974.02065644317,0.0,77787.81348525635,2207079.6151368665,44150.42437289477,488656.8267993515,442150.1472904682,453656.28302645683,110460.63330145057,13745732.0,78270.66796875,0.0,0.0,20603142.0,185759.25390625,5.28,16002.54049105049,79.21,28052.121671935896,0.0,0.0,0.0,0.0,247.1,88.8,1.13290206,59611288.0,249521.7360545734,0.0,0.0,0.0,0.0,0.0,0.0,0.0,0.0,0.0,0.0,0.0,0.0,0.0,0.0,0.0,0.0,0.0,0.0,372692.0,17193.0,7176.0,53826.0,114084.0,1445.0,28177.0,5810.0,19549.0,24104.0,47453.0,3823941.7434127447,78270.66796875,44054.66216298639,122325.33013173638,147.0,43,-0.8854560256532101,0.464723172043768,2018.0,10067214.166549478,605183.9568576002,16.124794678935967,13.313289404106248,13.313289404106248,13.446632891298366
2018-10-29,gb,658768.0,349191.0,462713.77265545545,2285918.7899959353,200028.11313932377,282247.18404169416,391412.1958642471,320997.4682750702,244703.98985973318,0.0,62050.18766634326,2146322.6459276597,36920.573556589756,449194.99683446455,369977.5136137586,326450.77929377556,86040.33875890356,11892214.0,70593.5947265625,0.0,0.0,14154653.0,63033.5849609375,89.99,108197.41829322049,48.41,11960.277626976273,0.0,0.0,0.0,0.0,106.9,232.1,1.13290206,61684009.0,239341.57384590548,0.0,0.0,0.0,0.0,0.0,0.0,0.0,0.0,0.0,0.0,0.0,0.0,0.0,0.0,0.0,0.0,0.0,0.0,358360.0,16311.0,6799.0,52107.0,110120.0,1356.0,26822.0,5316.0,16556.0,18877.0,46144.0,3476957.0356514947,70593.5947265625,120157.69592019675,190751.29064675927,148.0,44,-0.8229838658936566,0.5680647467311556,2018.0,9430100.436075607,547593.6426752035,16.059417411293634,13.213290589067354,13.213290589067354,13.398128220926516
2018-11-05,gb,670619.0,0.0,462113.7319593974,2296162.353711988,195208.19280197006,275796.3003285303,398213.96486759186,347969.13943862915,258977.84321767226,0.0,60067.36788724727,2216969.5435324083,37432.44663598118,444516.21304021915,373103.34775877,366823.5536222458,80805.00419080787,12420169.0,73476.46166992188,0.0,0.0,18617046.0,110506.150390625,92.24,65055.2013991932,0.0,0.0,0.0,0.0,0.0,0.0,62.8,71.2,1.13539429,47670244.0,231987.78531002367,0.0,0.0,0.0,0.0,0.0,0.0,0.0,0.0,0.0,0.0,0.0,0.0,0.0,0.0,0.0,0.0,0.0,0.0,364384.0,15687.0,6435.0,52717.0,111778.0,1434.0,26907.0,4746.0,17768.0,20424.0,48339.0,3579717.47666768,73476.46166992188,65055.2013991932,138531.66306911508,149.0,45,-0.7485107481711011,0.6631226582407952,2018.0,9151746.538615875,457593.4534769737,16.02945540684272,13.033738598076045,13.033738598076045,13.415957936607713
2018-11-12,gb,646081.0,229286.0,461868.6208706667,2220863.432247779,170342.80096684792,265542.67246825615,353738.4690942764,347488.5008468628,255076.19170553732,0.0,61490.38438408403,2091418.7336439865,32488.97612913037,433531.72743386345,338090.5571694374,384472.02567505836,84219.21563088303,12513098.0,73078.45141601562,0.0,0.0,9825122.0,87964.28515625,31.56,34594.63995847826,0.0,0.0,0.0,0.0,0.0,0.0,46.5,52.7,1.13539429,58538000.0,320609.095918727,0.0,0.0,0.0,0.0,0.0,0.0,0.0,0.0,0.0,0.0,0.0,0.0,0.0,0.0,0.0,0.0,0.0,0.0,348058.0,15492.0,6910.0,52256.0,108000.0,1338.0,26132.0,5079.0,15995.0,20167.0,46654.0,3425711.620066443,73078.45141601562,34594.63995847826,107673.09137449389,150.0,46,-0.6631226582407955,0.7485107481711007,2018.0,8834149.14837505,360279.7801627518,15.994135467640653,12.794638951329862,12.794638951329862,13.378681709693696
2018-11-19,gb,632635.0,420674.0,455022.23395446735,2150643.617099391,179935.5120175378,261151.24903771628,324371.1281452179,298700.43672180176,223756.18294559367,0.0,64457.60625226748,2033110.78688532,34188.19104697658,426075.9455909116,302494.2142779827,336211.6214699745,78999.21430331978,14085663.0,79254.7958984375,0.0,0.0,6011851.0,68907.16015625,34.13,42741.6411584445,0.0,0.0,0.0,0.0,0.0,0.0,46.9,63.1,1.13539429,15810890.0,87721.99493639728,0.0,0.0,0.0,0.0,0.0,0.0,0.0,0.0,0.0,0.0,0.0,0.0,0.0,0.0,0.0,1.0,0.0,0.0,341401.0,18907.0,6639.0,51593.0,104927.0,1567.0,25343.0,3738.0,14786.0,17671.0,46063.0,3275537.5798267527,79254.7958984375,42741.6411584445,121996.437056882,151.0,47,-0.5680647467311559,0.8229838658936564,2018.0,8500496.927867029,315764.04285303375,15.955635299493881,12.66275368073439,12.66275368073439,13.357650496233223
2018-11-26,gb,605640.0,444350.0,429420.7098749171,2071354.9260976391,165567.93348224802,255351.07972403645,294902.3743467331,292760.8161458969,226325.85303397386,0.0,61741.33276420215,2014711.5646661886,36619.01850977954,432424.6537498651,284620.8822667599,331193.8669400215,75886.9882981097,13188660.0,74829.02001953125,0.0,0.0,2766815.0,32942.48145675659,95.09,45466.83872855482,12.29,5834.083708108723,0.0,0.0,0.0,0.0,46.8,94.1,1.13539429,10753207.0,54422.10534371792,0.0,0.0,0.0,0.0,0.0,0.0,0.0,0.0,0.0,0.0,0.0,0.0,0.0,0.0,0.0,0.0,0.0,0.0,329656.0,14253.0,6879.0,49702.0,101295.0,1790.0,24812.0,3530.0,13149.0,17042.0,43532.0,3237198.3071949263,74829.02001953125,51300.922436663546,126129.9424561948,152.0,48,-0.4647231720437684,0.88545602565321,2018.0,8260136.840909357,311790.9652349167,15.926951833119345,12.650091466303026,12.650091466303026,13.31404268026684
2018-12-03,gb,571724.0,405857.0,398214.1137688103,1917726.57387308,139157.7440611867,236519.69538073125,279234.88483428955,302557.97565841675,212446.18036549163,0.0,55049.03524196929,1879051.2983005182,28980.6751810087,393981.87794750225,284437.004758358,370810.5408797264,68438.5554632336,14499743.0,69769.67224121094,0.0,0.0,8726705.0,101290.62451171875,0.0,0.0,53.93,24629.84521975141,0.0,0.0,0.0,0.0,38.5,92.6,1.11293294,13968667.0,72221.9858189265,0.0,0.0,0.0,0.0,0.0,0.0,0.0,0.0,0.0,0.0,0.0,0.0,0.0,0.0,0.0,0.0,0.0,0.0,310978.0,13389.0,6459.0,45915.0,95076.0,1892.0,23221.0,3147.0,12351.0,18642.0,40653.0,3080748.9877723167,69769.67224121094,24629.84521975141,94399.51746096235,153.0,49,-0.35460488704253595,0.9350162426854147,2018.0,7962295.896323083,278674.6936445994,15.89022807101109,12.537803996335553,12.537803996335553,13.256413385524585
2018-12-10,gb,527025.0,315825.0,368381.0497815811,1801325.5626545858,135440.02210467236,219173.59323974582,244034.09579086304,233595.72850322723,204640.70546866214,0.0,51327.54566436031,1707050.3200836612,27160.670635851646,357903.69156742684,244418.42350196838,271523.4692745209,64579.27295366896,17456176.0,80869.90380859375,0.0,0.0,12659022.0,156856.6484375,0.0,0.0,45.64,20751.051548720665,0.0,0.0,0.0,0.0,37.5,95.8,1.11293294,16828605.0,96369.45146177114,0.0,0.0,0.0,0.0,0.0,0.0,0.0,0.0,0.0,0.0,0.0,0.0,0.0,0.0,0.0,0.0,0.0,0.0,291762.0,12665.0,6098.0,42165.0,87147.0,1925.0,21013.0,2891.0,11060.0,13694.0,36604.0,2723963.393681458,80869.90380859375,20751.051548720665,101620.95535731441,154.0,50,-0.2393156642875578,0.970941817426052,2018.0,7436918.154167645,267069.34886278823,15.821967228867663,12.495267381564767,12.495267381564767,13.175005162169903
2018-12-17,gb,501789.0,212900.0,354121.35320504964,1637584.1741955318,128682.3977005893,199668.3380060749,234983.32034362672,227177.2587556839,180167.36527441535,0.0,48727.85314763763,1534632.671178907,24920.252853708003,288432.2338444198,233828.1833823919,262099.1384382248,58903.09198694324,13576935.0,90603.70727539062,0.0,0.0,12784181.0,150676.23828125,259.14,174248.9891894191,0.0,0.0,0.0,0.0,0.0,0.0,18.6,270.5,1.11293294,59143517.0,335158.53464154305,0.0,0.0,0.0,0.0,0.0,0.0,0.0,0.0,0.0,0.0,0.0,0.0,0.0,0.0,0.0,0.0,0.0,0.0,281120.0,11575.0,4809.0,39417.0,82744.0,1028.0,19599.0,3507.0,10549.0,12840.0,34601.0,2451543.4248322323,90603.70727539062,174248.9891894191,264852.6964648097,155.0,51,-0.12053668025532363,0.992708874098054,2018.0,6849466.779979779,423039.7099655371,15.739681510866573,12.95522369445082,12.95522369445082,13.125936984457619
2018-12-24,gb,532428.0,266614.0,453581.29713185533,2229279.7742811274,130323.74368482459,236981.6724810228,414687.3297415302,426689.357585907,296177.88091160904,0.0,52064.382255400364,1927315.5876101197,22571.17657438748,286445.00926698436,368979.47869708657,524067.93549060816,90801.24029900029,11511222.0,43945.73278808594,0.0,0.0,9714858.0,99364.66887283325,100.84,76475.11926125993,0.0,0.0,0.0,0.0,0.0,0.0,539.3,776.5,1.11293294,78045918.0,341558.84196921706,0.0,0.0,0.0,0.0,0.0,0.0,0.0,0.0,0.0,0.0,0.0,0.0,0.0,0.0,0.0,0.0,1.0,1.0,290435.0,13377.0,5075.0,38941.0,91281.0,1034.0,18895.0,4228.0,14535.0,20662.0,33965.0,3272244.810193587,43945.73278808594,76475.11926125993,120420.85204934586,156.0,52,-2.4492935982947064e-16,1.0,2018.0,7323525.351497527,371040.78883075865,15.806602511944925,12.824069973604189,12.824069973604189,13.185204834342704
2018-12-31,gb,765079.0,695061.0,610557.6974418248,2995371.55946943,279811.379284697,324975.6923708403,607297.5489287376,497040.93616485596,458022.7070130931,0.0,76110.99598188912,2725516.840560852,44916.54757102644,402319.86119930795,503832.1020870209,559492.0791954994,128152.00024869877,18293668.0,87412.197265625,0.0,0.0,11385798.0,87321.61460876465,10.35,12344.246684492642,32.08,,0.0,0.0,0.0,0.0,0.0,0.0,1.11293294,44830295.0,124636.35834471534,1.0,0.0,0.0,0.0,0.0,0.0,0.0,0.0,0.0,0.0,0.0,0.0,0.0,0.0,0.0,0.0,0.0,0.0,412060.0,21461.0,6407.0,59151.0,127684.0,1716.0,26770.0,5762.0,21781.0,26801.0,55488.0,4440340.426844295,87412.197265625,12344.246684492642,99756.44395011764,157.0,1,0.12053668025532306,0.992708874098054,2018.0,8774330.130249904,320054.11727059784,15.987341099938025,12.676248501414669,12.676248501414669,13.54773568250447
2019-01-07,gb,877144.0,605785.0,681591.5912400456,3222471.9703847286,315226.8499877751,371706.2944833559,665047.4660959244,659723.7378053665,489609.477694332,0.0,94282.52901775685,3216290.1967635546,55461.190849866165,489265.10594429134,541079.8818881512,758995.1098747253,141674.9232886943,20165162.0,112310.12548828125,0.0,0.0,11684269.0,93143.6171875,0.0,0.0,47.63,70905.76523712,0.0,0.0,0.0,0.0,521.1,580.8,1.12936043,34354851.0,96748.59610551175,0.0,0.0,0.0,0.0,0.0,0.0,0.0,0.0,0.0,0.0,0.0,0.0,0.0,0.0,0.0,0.0,0.0,0.0,463898.0,23056.0,7295.0,70165.0,143789.0,1968.0,31891.0,6312.0,24555.0,35863.0,68352.0,5297048.93762704,112310.12548828125,70905.76523712,183215.89072540123,158.0,2,0.23931566428755777,0.970941817426052,2019.0,10504108.215292487,373439.8666173394,16.16727709240619,12.830514948711043,12.830514948711043,13.68442759406177
2019-01-14,gb,822968.0,625558.0,631907.2453731287,3016800.935161627,323634.5769237057,358563.9393366196,594909.7022190094,650301.580124855,529365.8768470341,0.0,94636.98579038514,3105667.5256457687,62072.772981979164,487604.4017860276,492872.8365890533,729475.8159747125,134634.1025176638,19207678.0,102779.24975585938,0.0,0.0,11040732.0,93190.49609375,0.0,0.0,47.0,71201.65766978,0.0,0.0,0.0,0.0,472.4,589.8,1.12936043,35827958.0,108416.1943474137,0.0,0.0,0.0,0.0,0.0,0.0,0.0,0.0,0.0,0.0,0.0,0.0,0.0,0.0,0.0,0.0,0.0,0.0,435510.0,19454.0,6459.0,65469.0,133551.0,2090.0,31539.0,6166.0,22391.0,35429.0,64903.0,5106964.44128559,102779.24975585938,71201.65766978,173980.9074256394,159.0,3,0.3546048870425356,0.9350162426854148,2019.0,11354412.917184299,395995.75571980566,16.24511711767491,12.889161297576305,12.889161297576305,13.620673811878095
2019-01-21,gb,803866.0,508837.0,605417.9128797239,2945012.818162817,207355.7449759554,354181.0912188914,562609.291595459,525224.5349655151,501448.76301840786,0.0,114915.8060501063,3096629.1916137547,36367.50615961336,502990.09715613595,483788.05235147476,585248.2878141403,125581.30505396237,16243601.0,93755.0712890625,0.0,0.0,9562477.0,80928.64135742188,0.0,0.0,52.72,79257.38561697,0.0,0.0,0.0,0.0,438.4,666.7,1.12936043,41302163.0,149882.16647409336,0.0,1.0,0.0,0.0,0.0,0.0,0.0,0.0,0.0,0.0,0.0,0.0,0.0,0.0,0.0,0.0,0.0,0.0,431475.0,18504.0,6890.0,63134.0,131923.0,1422.0,30772.0,6127.0,21585.0,28473.0,63559.0,4945520.246199188,93755.0712890625,79257.38561697,173012.45690603252,160.0,4,0.46472317204376856,0.8854560256532099,2019.0,11703795.495790392,408491.4116436308,16.275423833953212,12.920228616961873,12.920228616961873,13.597189111591657
2019-01-28,gb,786560.0,300979.0,572922.7747570506,2829984.7323058024,393705.6358254055,349007.4774734792,529965.4615449905,562695.3317756653,500541.94885628775,0.0,92128.76569602895,3002975.2483849158,112207.79255578479,513229.77472177125,482462.9366776943,655755.3942079544,130972.61579147524,16693601.0,102852.10668945312,0.0,0.0,4855500.0,37146.46601867676,0.0,0.0,60.79,92948.62210985999,0.0,0.0,0.0,0.0,442.8,550.1,1.12936043,46466238.0,159515.69585910212,0.0,0.0,0.0,0.0,0.0,0.0,0.0,0.0,0.0,0.0,0.0,0.0,0.0,0.0,0.0,0.0,0.0,0.0,415979.0,19012.0,7077.0,59989.0,131453.0,2373.0,30698.0,6020.0,20981.0,31919.0,61059.0,4989732.528035624,102852.10668945312,92948.62210985999,195800.72879931313,161.0,5,0.5680647467311558,0.8229838658936564,2019.0,11960265.072591396,439310.0263862945,16.29710055311149,12.992962929549385,12.992962929549385,13.575425557277773
2019-02-04,gb,778888.0,566603.0,583359.8391065303,2933274.3570173825,405410.5721284757,348404.5125165451,529378.0297511863,581792.6972227097,519215.19717066275,0.0,89154.41428838702,3146702.243526147,121227.30637677299,518455.15974395815,507628.67980847537,703634.455696106,131112.93411291658,18352197.0,101532.12817382812,0.0,0.0,10251625.0,86621.998046875,0.0,0.0,58.25,93117.92820484,0.0,0.0,0.0,0.0,396.9,332.4,1.14736598,34862302.0,117912.20737935431,0.0,0.0,0.0,0.0,0.0,0.0,0.0,0.0,0.0,0.0,0.0,0.0,0.0,0.0,0.0,0.0,0.0,0.0,409180.0,19295.0,7018.0,59680.0,129850.0,2323.0,30731.0,5740.0,20644.0,32375.0,62051.0,5217915.193552763,101532.12817382812,93117.92820484,194650.05637866812,162.0,6,0.6631226582407952,0.7485107481711011,2019.0,12348322.112113185,456529.2303849105,16.329030831423573,13.031410198916383,13.031410198916383,13.565623824327895
2019-02-11,gb,751214.0,604909.0,572082.1313295104,2888402.390028449,312963.8310114462,341875.0748438945,505550.44716358185,495910.135594368,460116.7603742144,0.0,83301.01184756513,3041752.9746655677,90555.11900772934,533606.7742309726,463906.9147219658,586256.5046200752,127779.26705472409,17493240.0,97883.51928710938,0.0,0.0,9720777.0,84097.5244140625,0.0,0.0,47.01,73179.0022044,0.0,0.0,0.0,0.0,356.8,402.9,1.14736598,38341044.0,139217.71449246514,0.0,0.0,1.0,0.0,0.0,0.0,0.0,0.0,0.0,0.0,0.0,0.0,0.0,0.0,0.0,0.0,0.0,0.0,393878.0,18591.0,7844.0,58711.0,126289.0,1663.0,29842.0,5753.0,19851.0,28434.0,60356.0,4927158.5661486,97883.51928710938,73179.0022044,171062.5214915094,163.0,7,0.7485107481711011,0.6631226582407953,2019.0,12294975.31780608,440531.55145620136,16.32470130746596,12.995739618237009,12.995739618237009,13.529447174727949
2019-02-18,gb,753522.0,568745.0,581557.2347555014,2887013.722151374,314187.7486525665,343130.7107209123,492934.7116346359,516732.24942207336,487844.8861411406,0.0,86390.72696599935,2967075.3307456584,86374.40905348588,531670.8665251519,418927.782733202,601020.7601747513,139417.26422467537,19185435.0,94127.85717773438,0.0,0.0,9508886.0,79837.982421875,11.67,39183.69558298,51.18,84012.43178756,0.0,0.0,0.0,0.0,370.3,355.2,1.14736598,40440100.0,146216.37182588916,0.0,0.0,0.0,1.0,0.0,0.0,0.0,0.0,0.0,0.0,0.0,0.0,0.0,0.0,0.0,0.0,0.0,0.0,398844.0,18230.0,8405.0,58313.0,124153.0,1804.0,29493.0,5976.0,18915.0,28926.0,60464.0,4830877.1404229235,94127.85717773438,123196.12737054,217323.98454827437,164.0,8,0.8229838658936565,0.5680647467311558,2019.0,12152901.183715388,479620.30752363807,16.313078562084876,13.080752128845942,13.080752128845942,13.532514820803138
2019-02-25,gb,772224.0,186695.0,569386.3610563349,2781298.234205797,322029.3472280908,335576.3838681306,496531.32280051755,502416.6440029144,562831.0267021614,0.0,89468.57391851333,2974327.246795053,94791.96674159633,528568.7175226256,415833.1221215528,598133.3227949142,140610.51354283758,14067831.0,69513.19775390625,0.0,0.0,4108130.0,34571.238525390625,71.64,218566.33499412,45.6,77840.75018114,0.0,0.0,0.0,0.0,390.1,255.4,1.14736598,32204055.0,120339.29755579392,0.0,0.0,0.0,0.0,0.0,0.0,0.0,0.0,0.0,0.0,0.0,0.0,0.0,0.0,0.0,0.0,0.0,0.0,407912.0,18173.0,8415.0,59724.0,127381.0,1933.0,30226.0,5737.0,19931.0,28117.0,64675.0,4841733.463437093,69513.19775390625,296407.08517525997,365920.2829291662,165.0,9,0.8854560256532099,0.4647231720437686,2019.0,12058893.505402582,652016.9422497319,16.305313078843017,13.387827359318088,13.387827359318088,13.557031237320588
2019-03-04,gb,774545.0,532493.0,575368.4431270866,2852305.928616018,339868.35917127074,348064.39439593145,471320.79996204376,504508.69591999054,567360.689677404,0.0,93929.84056841547,3092148.8257204546,97824.0980159496,560266.2281847532,412157.56569266313,618323.4006285667,129493.37985117336,18721106.0,86557.41064453125,0.0,0.0,3773584.0,31662.43798828125,68.56,143598.0846948,57.14,82032.407454,0.0,0.0,0.0,0.0,401.6,179.8,1.1653986,34794755.0,119755.89991108648,0.0,0.0,0.0,0.0,0.0,0.0,0.0,0.0,0.0,0.0,0.0,0.0,0.0,0.0,0.0,0.0,0.0,0.0,407207.0,18714.0,8304.0,60152.0,128944.0,2070.0,31475.0,5467.0,19351.0,28252.0,64605.0,5004143.338661976,86557.41064453125,225630.4921488,312187.90279333125,166.0,10,0.9350162426854148,0.35460488704253557,2019.0,12150509.36041931,700320.744728004,16.31288173184143,13.459295143751303,13.459295143751303,13.560032330232232
2019-03-11,gb,746981.0,578474.0,559164.9272769559,2754400.8028517305,292954.8895307518,350715.67072074173,455077.2909737051,445602.68792533875,643507.5632969239,0.0,100440.51784280722,3119345.1723905844,76439.99441708982,564070.7697516045,413674.7889251127,545907.597217083,117886.18540910803,18557234.0,92690.79614257812,0.0,0.0,9385460.0,83275.19775390625,87.85,286746.32553000003,60.72,86988.84769980001,0.0,0.0,0.0,0.0,344.6,277.9,1.1653986,39043319.0,153762.28173241805,0.0,0.0,0.0,0.0,0.0,0.0,0.0,0.0,0.0,0.0,0.0,0.0,0.0,0.0,0.0,0.0,0.0,0.0,397402.0,17638.0,8647.0,57892.0,121417.0,2126.0,30296.0,5409.0,18626.0,23952.0,63581.0,4937765.02595339,92690.79614257812,373735.1732298001,466425.9693723782,167.0,11,0.970941817426052,0.23931566428755782,2019.0,12142293.250334833,883696.2050511144,16.312205308470034,13.691869754720868,13.691869754720868,13.52379636743909
2019-03-18,gb,737938.0,506647.0,556929.5746044557,2813279.451948514,291582.8498114891,352638.094405155,454869.25272598496,437162.21169281006,523430.8157409431,0.0,98927.46366824857,3167545.1865979843,75930.63892706296,568446.5174225027,404977.2107736402,565700.9418721199,107835.16622343348,14113106.0,85840.63256835938,0.0,0.0,11786428.0,104930.02514648438,96.76,298036.70716680004,56.47,83182.6558722,0.0,0.0,0.0,0.0,342.4,228.5,1.1653986,27113253.0,105449.33388522294,0.0,0.0,0.0,0.0,0.0,0.0,0.0,0.0,0.0,0.0,0.0,0.0,0.0,0.0,0.0,0.0,0.0,0.0,391830.0,17392.0,8913.0,56019.0,120083.0,1975.0,30348.0,5149.0,18458.0,23933.0,63838.0,4989363.125484992,85840.63256835938,381219.3630390001,467059.99560735945,168.0,12,0.992708874098054,0.120536680255323,2019.0,12191673.32634749,994371.7737298412,16.316263844473994,13.809867439207915,13.809867439207915,13.51161644433987
2019-03-25,gb,717734.0,252222.0,503165.1223477258,2708201.24385416,255916.30453881258,318405.0064920075,402105.08441492013,364115.8640165329,546017.1908426023,0.0,94480.58911570058,3021923.557918497,66123.35436852656,521741.24977509276,353857.5373029722,461859.5134797096,112985.42321293148,9342648.0,59249.2177734375,0.0,0.0,9774710.0,82023.35968780518,86.64,261130.864302,43.94,64867.2514746,0.0,0.0,0.0,0.0,159.5,163.8,1.1653986,19134881.0,67209.59769864375,0.0,0.0,0.0,0.0,0.0,0.0,0.0,0.0,0.0,0.0,0.0,0.0,0.0,0.0,0.0,0.0,0.0,0.0,384893.0,15672.0,8307.0,52648.0,121660.0,1621.0,28611.0,4946.0,16595.0,20681.0,62100.0,4632971.2251734305,59249.2177734375,325998.1157766,385247.3335500375,169.0,13,1.0,6.123233995736766e-17,2019.0,11864166.875083834,978581.6974189123,16.28903331265629,13.793860576727358,13.793860576727358,13.483855699123342
2019-04-01,gb,769039.0,268543.0,504869.1079833076,2979969.8532636687,209372.46808089624,355764.1725294587,465918.53881931305,472846.2406387329,505221.91932227084,0.0,91671.7857806139,3218817.1270800834,44961.903755060965,579742.9801017111,433851.19397211075,670437.2553067207,134608.1723589101,12416077.0,82501.02954101562,0.0,0.0,10809306.0,92949.2197265625,59.54,206069.2013702,55.91,81011.145456,0.0,0.0,0.0,0.0,316.3,248.5,1.1599534,32255304.0,116667.21329736167,0.0,0.0,0.0,0.0,0.0,0.0,0.0,0.0,0.0,0.0,0.0,0.0,0.0,0.0,0.0,0.0,0.0,0.0,406678.0,17214.0,8938.0,53731.0,132245.0,1218.0,31292.0,5987.0,19301.0,26803.0,65632.0,5174090.418355211,82501.02954101562,287080.3468262,369581.37636721565,170.0,14,0.992708874098054,-0.12053668025532288,2019.0,12204949.604948169,953461.021327618,16.31735221468492,13.767854872424538,13.767854872424538,13.552898262739697
2019-04-08,gb,767229.0,273442.0,522122.6919266002,3008629.114079564,159334.59946606876,393239.6370012876,471167.1283171026,424767.9737558365,534970.9782641476,0.0,98827.4171248877,3218451.8711564564,33223.91273288143,650536.6248920525,427404.33553862316,560296.7875890732,146405.44789263513,13394726.0,105870.28759765625,0.0,0.0,3935957.0,32051.798828125,54.56,183915.2513836,53.86,73298.6152994,0.0,0.0,0.0,0.0,241.3,278.7,1.1599534,24258534.0,83823.6421742035,0.0,0.0,0.0,0.0,0.0,0.0,0.0,0.0,0.0,0.0,0.0,0.0,0.0,0.0,0.0,0.0,0.0,0.0,407121.0,17629.0,8797.0,53228.0,131481.0,1171.0,32950.0,6245.0,19041.0,23793.0,65774.0,5135146.39692661,105870.28759765625,257213.866683,363084.15428065625,171.0,15,0.9709418174260521,-0.2393156642875575,2019.0,12375358.816273108,932287.5735962521,16.3312179420588,13.74539767406493,13.74539767406493,13.550541905019388
2019-04-15,gb,676807.0,290353.0,465684.4766421618,2761761.06742268,98112.35816952474,352182.40945018193,397458.56890678406,430313.51616859436,566329.6798334493,0.0,91558.26842794583,2837220.904850453,18814.668636944843,535448.505550074,333485.7426826954,564026.0347924232,137452.24989994662,8710161.0,77489.30981445312,0.0,0.0,8197308.0,73247.45166015625,38.6,119066.8966032,50.67,66059.34613,0.0,0.0,0.0,0.0,205.1,257.9,1.1599534,31881773.0,115463.41104256667,0.0,0.0,0.0,0.0,1.0,0.0,0.0,0.0,0.0,0.0,0.0,0.0,0.0,0.0,0.0,0.0,0.0,0.0,361044.0,15031.0,7958.0,45736.0,113891.0,919.0,29927.0,5530.0,15992.0,24263.0,56516.0,4518006.374840483,77489.30981445312,185126.24273320002,262615.55254765315,172.0,16,0.9350162426854148,-0.3546048870425357,2019.0,11862081.479213463,818337.8882890942,16.288857524586568,13.615031818652922,13.615031818652922,13.42514290753526
2019-04-22,gb,735398.0,408649.0,485956.97068647214,2900290.1125354087,102128.89949317256,378221.1597476867,472514.8723087311,418833.43458747864,678666.9018231392,0.0,76261.73127449703,2984234.9786505443,17896.38415645697,544031.1293738489,401080.692514807,533688.0263500214,151374.77216758096,7963691.0,74158.2333984375,0.0,0.0,12378292.0,118894.078125,54.69,178761.5784274,70.43,97713.3144626,0.0,0.0,0.0,0.0,284.1,292.1,1.1599534,31925969.0,121797.34802037767,0.0,0.0,0.0,0.0,0.0,1.0,0.0,0.0,0.0,0.0,0.0,0.0,0.0,0.0,0.0,0.0,0.0,0.0,395419.0,16225.0,8425.0,49197.0,122899.0,842.0,32606.0,6040.0,18668.0,22943.0,62133.0,4708567.714487757,74158.2333984375,276474.89289,350633.1262884375,173.0,17,0.8854560256532099,-0.4647231720437685,2019.0,11744494.072086591,835489.8036425705,16.27889518426865,13.63577461994632,13.63577461994632,13.508168488044197
2019-04-29,gb,756128.0,361944.0,505617.2865372869,3138706.837706731,114602.71052599906,368073.8995493114,477636.2266407013,417927.5269098282,629714.9996720091,0.0,65146.9876917778,3012983.357961814,22449.17545107298,548733.9047726394,405833.67498087883,557284.2167491913,143243.75492336802,8524270.0,79670.78002929688,0.0,0.0,9930675.0,87153.7333984375,55.16,194442.988442,48.82,69042.7462748,0.0,0.0,0.0,0.0,222.8,396.2,1.1599534,31338472.0,127763.9062739863,0.0,0.0,0.0,0.0,0.0,0.0,1.0,0.0,0.0,0.0,0.0,0.0,0.0,0.0,0.0,0.0,0.0,0.0,405174.0,16470.0,8478.0,50537.0,127398.0,1074.0,32357.0,6281.0,18540.0,23742.0,66077.0,4755675.072530742,79670.78002929688,263485.7347168,343156.51474609686,174.0,18,0.8229838658936565,-0.5680647467311557,2019.0,11718321.123603594,839206.8389662579,16.276664168349214,13.640213677019474,13.640213677019474,13.535967275525822
2019-05-06,gb,759807.0,432409.0,490965.0990440926,2991224.8433627374,118287.08617265055,366501.6934253304,482663.2882031691,438985.5882835388,507325.1970886322,0.0,63600.50749987963,3142893.8297118545,24357.828069329527,535487.5501716943,417487.0387308414,593421.2319841385,142106.07414233038,9447985.0,85439.60522460938,0.0,0.0,10814107.0,99421.578125,62.37,185240.8299743,56.38,80207.31046705,0.0,0.0,0.0,0.0,225.6,393.4,1.14872335,28382870.0,104712.54597611887,0.0,0.0,0.0,0.0,0.0,0.0,0.0,1.0,0.0,0.0,0.0,0.0,0.0,0.0,0.0,0.0,0.0,0.0,412026.0,16738.0,8490.0,49641.0,125886.0,1289.0,31350.0,5810.0,18582.0,23952.0,66040.0,4919354.060310069,85439.60522460938,265448.14044135,350887.7456659594,175.0,19,0.7485107481711013,-0.663122658240795,2019.0,11867411.24305391,846577.6838359806,16.289306734651294,13.648958428197735,13.648958428197735,13.540821048766833
2019-05-13,gb,753288.0,402702.0,527158.0917111182,2996112.238774858,119467.91144175266,381583.9785755342,480622.27890920057,437678.09478855133,508868.7180540303,0.0,56479.25691349697,3316984.7993924636,24641.410336119796,571438.5024817218,408856.88534027553,610114.5348958969,130279.8999548869,8531328.0,79427.17065429688,0.0,0.0,10142300.0,100746.1005859375,50.44,165147.3611361,56.35,76865.67424190001,0.0,0.0,0.0,0.0,210.9,339.7,1.14872335,24933151.0,99904.95857430778,0.0,0.0,0.0,0.0,0.0,0.0,0.0,0.0,0.0,0.0,0.0,0.0,0.0,0.0,0.0,0.0,0.0,0.0,404687.0,16720.0,8904.0,51751.0,123856.0,1380.0,32222.0,5482.0,18074.0,24121.0,66091.0,5118795.289314861,79427.17065429688,242013.035378,321440.2060322969,176.0,20,0.6631226582407952,-0.7485107481711012,2019.0,12155439.89379346,821542.0019180647,16.313287437702535,13.618939560698806,13.618939560698806,13.532204231291134
2019-05-20,gb,735162.0,427586.0,526632.8522504107,3072410.5015049377,108774.02119537402,405778.5010701503,491122.26765709475,564668.0333404541,514265.47685382236,0.0,67943.33009515957,3300206.974438922,20584.07150189348,605096.8065758947,417560.12938560726,827439.184481144,131818.84507251883,8341828.0,75743.740234375,0.0,0.0,10002958.0,101841.958984375,41.94,126631.81593395,55.05,78342.93247,0.0,18739.12400855,0.0,0.0,211.2,232.9,1.14872335,23362813.0,103520.05964746923,0.0,0.0,0.0,0.0,0.0,0.0,0.0,0.0,0.0,0.0,0.0,0.0,0.0,0.0,0.0,0.0,0.0,0.0,391955.0,16838.0,8583.0,49566.0,119582.0,1177.0,33148.0,5390.0,17310.0,28944.0,62668.0,5370649.34155114,75743.740234375,223713.8724125,299457.612646875,177.0,21,0.5680647467311558,-0.8229838658936564,2019.0,12586097.151853807,785912.137943834,16.34810344153327,13.574601553782657,13.574601553782657,13.507847522315412
2019-05-27,gb,746637.0,389935.0,494765.7431372847,3362011.910573419,119535.31302917181,422591.6723525237,498381.6506394921,522565.7786579132,536008.0866153348,0.0,72455.1870930693,3484956.4292323897,25664.652464692903,603883.7069404917,427491.01487710467,737316.8056306839,156515.3965025617,52665679.0,309846.1955566406,3099100.0,54115.630859375,9829724.0,92175.46484375,63.13,206500.25301275,58.34,81049.3246826,0.0,36478.8587026,0.0,0.0,232.4,351.9,1.14872335,19575282.0,76285.58481509762,0.0,0.0,0.0,0.0,0.0,0.0,0.0,0.0,1.0,0.0,1.0,1.0,0.0,0.0,0.0,0.0,0.0,0.0,398523.0,17426.0,8283.0,48113.0,125371.0,1315.0,34185.0,5870.0,17572.0,26397.0,63578.0,5508283.192740994,363961.8264160156,324028.43639795,687990.2628139656,178.0,22,0.4647231720437687,-0.8854560256532098,2019.0,12973036.633332117,1153329.9976497819,16.37838373344558,13.958164833204599,13.958164833204599,13.523335741568946
2019-06-03,gb,763265.0,581078.0,479624.13494117244,3567511.9721211945,122477.7840029749,407007.7199169602,521886.25954495795,512322.7100601196,456522.62582062796,0.0,66494.51146649188,3878237.61137499,23778.382636542083,583229.99136444,454673.3386396656,735657.5385274887,169245.0221263773,34956062.0,149982.48828125,7864550.0,89925.25048828125,11683625.0,114615.328125,90.11,338183.43090685,65.14,83688.5312819,0.0,78982.91759069999,0.0,0.0,94.4,346.7,1.12252235,32042010.0,124366.25240716856,0.0,0.0,0.0,0.0,0.0,0.0,0.0,0.0,0.0,0.0,0.0,0.0,0.0,0.0,0.0,0.0,0.0,0.0,404716.0,18293.0,8427.0,48050.0,130876.0,1435.0,34565.0,5903.0,18337.0,26030.0,66632.0,5911316.396135995,239907.73876953125,500854.87977944996,740762.6185489811,179.0,23,0.35460488704253584,-0.9350162426854147,2019.0,13608887.63562906,1426662.1975900878,16.4262337133676,14.17084884729118,14.17084884729118,13.54536187336463
2019-06-10,gb,757602.0,485971.0,480565.85237375123,3352235.340952656,121455.89940655149,409364.24727404944,527052.2876547772,506359.9252872467,493690.96815352875,0.0,72378.84348204738,3600996.578188886,24884.778844828892,599983.2043993956,440871.9831734599,729653.9405574799,158354.63161679203,35853353.0,159978.9404296875,1723593.0,30286.539794921875,11186852.0,108599.453125,122.52,446234.06475079997,57.73,76100.28019589999,0.0,78982.91759069999,0.0,0.0,92.6,346.9,1.12252235,41991108.0,171913.0726849147,0.0,0.0,0.0,0.0,0.0,0.0,0.0,0.0,0.0,1.0,0.0,0.0,0.0,0.0,0.0,0.0,0.0,0.0,404564.0,18364.0,8927.0,47545.0,127954.0,1310.0,34164.0,5713.0,18024.0,25706.0,65331.0,5627123.960262889,190265.48022460938,601317.2625374,791582.7427620094,180.0,24,0.23931566428755768,-0.970941817426052,2019.0,13716571.383687485,1643169.128476983,16.43411532278839,14.31213793911886,14.31213793911886,13.537914780719449
2019-06-17,gb,742643.0,292062.0,476554.1146958533,3379021.22050179,99047.34434692696,400402.5735882803,508123.02774276456,540960.8451709747,470209.02488426765,0.0,82805.44016687998,3488719.0314349113,21126.4290793717,589044.6600865773,413702.6122497347,784496.3310508728,159986.94421721596,30076990.0,144488.60400390625,261135.0,29071.59521484375,10831558.0,107512.8857421875,139.28,450354.84429765,52.93,66500.4690587,0.0,37238.5564389,0.0,0.0,297.1,295.2,1.12252235,42430524.0,182836.37975888982,0.0,0.0,0.0,0.0,0.0,0.0,0.0,0.0,0.0,0.0,0.0,0.0,0.0,0.0,0.0,0.0,0.0,0.0,397024.0,18153.0,8645.0,45417.0,126958.0,1187.0,32845.0,5709.0,16696.0,26284.0,63722.0,5539881.448285563,173560.19921875,554093.8697952499,727654.0690139999,181.0,25,0.12053668025532308,-0.992708874098054,2019.0,13690738.421794683,1707666.256009749,16.432230207624503,14.350638819369166,14.350638819369166,13.517972070249119
2019-06-24,gb,735520.0,550964.0,467593.3241780116,3377617.4929349422,84949.0143017963,397619.51627592696,494683.4402561188,576915.5452299118,476699.59174531914,0.0,79943.4865135516,3427927.3405529726,17918.344830245715,552210.3665055189,394538.47727680206,854445.7522559166,161446.114410329,30772946.0,155398.150390625,210640.0,17766.211303710938,10921889.0,113700.580078125,143.61,468117.63796404994,64.6,84439.49873405,0.0,37238.5564389,0.0,0.0,341.8,223.1,1.12252235,25761573.0,117516.96525173735,0.0,0.0,0.0,0.0,0.0,0.0,0.0,0.0,0.0,0.0,0.0,0.0,0.0,0.0,0.0,0.0,0.0,0.0,388718.0,18618.0,8151.0,44645.0,128425.0,1175.0,32067.0,5623.0,16389.0,28540.0,63167.0,5488429.8823453365,173164.36169433594,589795.6931369998,762960.0548313358,182.0,26,1.2246467991473532e-16,-1.0,2019.0,13622995.855995908,1781796.0967104672,16.4272698679617,14.39313301785354,14.39313301785354,13.508334370621467
2019-07-01,gb,750582.0,524930.0,548808.8504953025,3411286.794154835,101869.09896914216,400836.60621603293,566553.2117862701,593993.7086744308,460161.01025641,0.0,91777.85149768424,3544324.7378991437,19654.776181842066,543482.1152268889,440383.52102184296,805461.3762669563,143298.08240555576,49390090.0,203044.47900390625,171907.0,13176.504638671875,10772899.0,93310.453125,82.21,216199.8665079,56.85,71759.1043224,0.0,36046.2787047,0.0,0.0,352.6,317.7,1.11151029,27578123.0,109059.42169186872,0.0,0.0,0.0,0.0,0.0,0.0,0.0,0.0,0.0,0.0,0.0,0.0,1.0,0.0,0.0,0.0,0.0,0.0,396460.0,18125.0,8257.0,49660.0,126407.0,1107.0,32772.0,5740.0,17967.0,29684.0,64404.0,5588382.460499914,216220.98364257812,324005.249535,540226.2331775781,183.0,27,-0.12053668025532327,-0.992708874098054,2019.0,13679553.71620384,1603410.3244856137,16.431412919643815,14.287643995361115,14.287643995361115,13.528605516878747
2019-07-08,gb,760339.0,247248.0,547362.5703850213,3504003.2411997933,109427.99054031244,395259.89428325614,573090.4617815772,618847.5756692886,522482.84250660107,0.0,87918.78465675366,3635281.7202071645,24402.769412266905,525651.6342869882,444063.8605054022,826814.6174833775,157865.49112428367,44972433.0,193712.3974609375,234931.0,18319.165100097656,10481550.0,95862.4921875,63.45,151129.83111072,50.39,64108.57899633,0.0,36046.2787047,0.0,0.0,344.5,278.8,1.11151029,36729768.0,145825.07576905144,0.0,0.0,0.0,0.0,0.0,0.0,0.0,0.0,0.0,0.0,0.0,0.0,0.0,0.0,0.0,0.0,0.0,0.0,401443.0,17975.0,8007.0,49662.0,128903.0,1119.0,31593.0,6331.0,18179.0,30295.0,66832.0,5701998.877676237,212031.56256103516,251284.68881175,463316.2513727852,184.0,28,-0.23931566428755743,-0.9709418174260521,2019.0,13823755.002711963,1419963.484933202,16.44189911960342,14.166142418654252,14.166142418654252,13.54152098064415
2019-07-15,gb,776572.0,409789.0,570109.2837913319,3644900.7197996043,107864.97521216626,406489.8061958463,608399.21460219,659247.1820430756,553656.6045400428,0.0,91793.19306835603,3615544.3736887407,25682.947374684685,522554.3465091836,439189.3753492138,844077.3180172443,156273.1772645638,31176086.0,153935.69677734375,57111.0,4146.183734893799,10259243.0,93875.6435546875,81.81,208708.2871533,56.44,71672.40651978,0.0,0.0,0.0,0.0,376.3,332.8,1.11151029,26337300.0,98631.61609783802,0.0,0.0,0.0,0.0,0.0,0.0,0.0,0.0,0.0,0.0,0.0,0.0,0.0,0.0,0.0,0.0,0.0,0.0,407934.0,19908.0,8112.0,51057.0,129771.0,1281.0,32103.0,6068.0,18988.0,33246.0,68100.0,5695114.731271987,158081.88051223755,280380.69367308,438462.57418531756,185.0,29,-0.3546048870425356,-0.9350162426854148,2019.0,13899161.447254578,1285410.9271700038,16.447339140692282,14.066589790832243,14.066589790832243,13.562645928742537
2019-07-22,gb,767282.0,646160.0,560324.4393234836,3585180.5974847735,68544.00070979925,399304.58912946243,549116.4429502487,677972.8581485748,545471.0340936994,0.0,79023.95464762248,3453061.8014282365,14750.358913149706,497247.2861581825,399054.08006215096,834001.7641034126,145015.01744170827,22642651.0,111638.68017578125,0.0,0.0,10034150.0,94025.1171875,65.99,141716.45046471,57.04,74264.44851606,0.0,0.0,0.0,0.0,450.1,179.8,1.11151029,23654430.0,84997.34325990267,0.0,0.0,0.0,0.0,0.0,0.0,0.0,0.0,0.0,0.0,0.0,0.0,0.0,0.0,0.0,0.0,0.0,0.0,401934.0,19591.0,8314.0,51794.0,128053.0,1055.0,31992.0,6031.0,17294.0,33372.0,67848.0,5422154.262754463,111638.68017578125,215980.89898077003,327619.5791565513,186.0,30,-0.46472317204376806,-0.8854560256532101,2019.0,13669133.12527662,1087310.540925888,16.430650865456,13.899218731227208,13.899218731227208,13.550610982309735
2019-07-29,gb,791818.0,386422.0,586138.9148291296,3633553.9514542622,73697.25871340136,421379.7580316742,586789.3921089172,789220.5580835342,712461.6433615006,0.0,72524.46390792287,3557639.0099888328,14762.870943707083,524887.0399436506,435863.10243463516,970397.3088216782,153935.3310926124,20867598.0,107021.06958007812,0.0,0.0,2968811.0,31510.98779296875,75.79,145142.12517849,56.97,70424.18046411,0.0,0.0,0.0,0.0,403.4,149.3,1.11151029,26087133.0,88760.11251878687,0.0,0.0,0.0,0.0,0.0,0.0,0.0,0.0,0.0,0.0,0.0,0.0,0.0,0.0,0.0,0.0,0.0,0.0,412197.0,19816.0,8214.0,52841.0,130613.0,902.0,33736.0,5979.0,18216.0,40738.0,68554.0,5730009.127133039,107021.06958007812,215566.3056426,322587.3752226781,187.0,31,-0.5680647467311556,-0.8229838658936566,2019.0,13832201.586298887,962531.7323150435,16.442509952442382,13.777323352165876,13.777323352165876,13.582088109324845
2019-08-05,gb,801977.0,454552.0,604583.0333438234,3728059.6173206586,86999.48035298965,446430.38169057196,563894.0881977081,834503.7099666595,664911.2832384205,0.0,102662.97537595461,3627548.101981485,17939.387986704467,550141.5570651888,434166.09847164154,1039845.305264473,145036.6871994434,32414753.0,128181.32763671875,0.0,0.0,11135451.0,105482.388671875,87.73,172006.21718083997,75.7,89299.29979768,0.0,0.0,0.0,0.0,323.5,283.1,1.09272044,32045434.0,111632.41303883122,0.0,0.0,0.0,0.0,0.0,0.0,0.0,0.0,0.0,0.0,0.0,0.0,0.0,0.0,0.0,0.0,0.0,0.0,415207.0,21232.0,7311.0,53079.0,133730.0,960.0,33977.0,6098.0,18347.0,41922.0,70097.0,5917340.11334489,128181.32763671875,261305.51697851997,389486.8446152387,188.0,32,-0.6631226582407953,-0.748510748171101,2019.0,14122146.990747813,953710.3336035953,16.463254902450327,13.76811631932107,13.76811631932107,13.594836455050958
2019-08-12,gb,780900.0,457067.0,581121.5050532068,3662034.17159685,89121.79617209196,461127.6632376936,526350.6446485519,818992.2480344772,683331.1329833819,0.0,106254.21743564634,3512363.792840251,16921.430337355174,552920.8276071281,406853.33311223984,1007529.7819185257,143253.76079612883,30134267.0,131082.00329589844,0.0,0.0,5121464.0,48635.46875,61.71,110215.06173972,67.02,78228.94902003999,0.0,0.0,0.0,0.0,348.3,233.0,1.09272044,34267282.0,122526.81450284997,0.0,0.0,0.0,0.0,0.0,0.0,0.0,0.0,0.0,0.0,0.0,0.0,0.0,0.0,0.0,0.0,0.0,0.0,402936.0,21103.0,7082.0,51096.0,130355.0,912.0,34387.0,5723.0,16880.0,41445.0,68963.0,5746097.144047274,131082.00329589844,188444.01075975999,319526.0140556584,189.0,33,-0.7485107481711009,-0.6631226582407955,2019.0,14126336.603309525,879530.4200500052,16.463551528092683,13.687144567422148,13.687144567422148,13.568203660223643
2019-08-19,gb,739178.0,575860.0,578821.1351164627,3652982.2289375085,84213.04704871072,464430.619433061,491320.97657108307,730411.6394319534,596562.5204937435,0.0,101441.15035663005,3388772.1061037723,15027.933162882058,533947.5160820511,367285.74327611923,927975.0295763016,132318.251087929,28737918.0,129439.05895996094,0.0,0.0,1903072.0,18072.39044189453,47.25,87037.36848687999,55.81,65394.94745224,0.0,0.0,0.0,0.0,213.3,158.3,1.09272044,34201338.0,125487.91868397019,0.0,0.0,0.0,0.0,0.0,0.0,0.0,0.0,0.0,0.0,0.0,0.0,0.0,0.0,0.0,0.0,0.0,0.0,378578.0,19901.0,7227.0,49135.0,125567.0,887.0,34187.0,5657.0,15472.0,36407.0,66132.0,5466767.729645685,129439.05895996094,152432.31593912,281871.37489908095,190.0,34,-0.8229838658936564,-0.5680647467311559,2019.0,13850385.145178746,796774.8277745283,16.443823670727287,13.588328648164008,13.588328648164008,13.513295389815157
2019-08-26,gb,760611.0,565612.0,518710.9872632396,3226026.7385630445,93234.96291246315,442779.78074174805,510284.9791867548,647704.0073032379,511451.9206175355,0.0,91693.46642434038,3057061.881601126,16270.998018893762,488119.3067414817,367414.0812860453,819418.6592931747,125239.07435265632,24527572.0,114392.10571289062,0.0,0.0,0.0,0.0,46.48,71031.19948175999,57.59,64538.254627279995,0.0,0.0,0.0,0.0,168.1,135.1,1.09272044,35970083.0,125415.77392940992,0.0,0.0,0.0,0.0,0.0,0.0,0.0,0.0,0.0,0.0,0.0,1.0,0.0,0.0,0.0,0.0,0.0,0.0,401103.0,21556.0,6576.0,49538.0,123879.0,868.0,33837.0,5026.0,16353.0,33668.0,68184.0,4965217.467717718,114392.10571289062,135569.45410903997,249961.5598219306,191.0,35,-0.88545602565321,-0.46472317204376834,2019.0,13181585.188877216,718952.7302379996,16.394331427967117,13.48555228169503,13.48555228169503,13.541878651369984
2019-09-02,gb,751294.0,431273.0,511195.0457095496,3122019.331013093,84643.53160568325,405435.46416243364,482731.5347881317,565189.6936607361,587397.3797561316,0.0,81124.44095052354,3000897.895020292,15620.116473148479,440546.34742372396,344123.87101602554,732696.7617058754,110345.2594344079,26999756.0,135416.47119140625,0.0,0.0,0.0,0.0,42.68,323377.09511374,61.84,109803.60944529,0.0,0.0,0.0,0.0,150.0,260.9,1.12339103,30818289.0,111173.14596232542,0.0,0.0,0.0,0.0,0.0,0.0,0.0,0.0,0.0,0.0,0.0,0.0,0.0,1.0,0.0,0.0,0.0,0.0,398113.0,20519.0,6342.0,49688.0,121940.0,740.0,32194.0,5046.0,15844.0,30644.0,70145.0,4725354.692023997,135416.47119140625,433180.70455903,568597.1757504363,192.0,36,-0.9350162426854147,-0.3546048870425359,2019.0,12538534.119881056,992186.8800045785,16.34431726974905,13.807667763499916,13.807667763499916,13.529553663204
2019-09-09,gb,744986.0,489908.0,517679.15746521676,3227909.469359823,82480.56915009496,410809.57823417743,477648.0405397415,560490.1340379715,549330.5741616766,0.0,85505.93832660303,3070532.379870339,14869.951467813384,430346.86072224187,347398.12086343765,742343.6630907059,107573.39684898831,24101116.0,123724.80517578125,0.0,0.0,0.0,0.0,18.11,73601.21011251,42.55,69348.05167293,0.0,0.0,0.0,0.0,123.4,164.7,1.12339103,26703891.0,112252.46658863104,0.0,0.0,0.0,0.0,0.0,0.0,0.0,0.0,0.0,0.0,0.0,0.0,0.0,0.0,0.0,0.0,0.0,0.0,393934.0,19683.0,6868.0,49077.0,122164.0,725.0,31997.0,4813.0,15957.0,30700.0,68973.0,4798570.311190128,123724.80517578125,142949.26178544,266674.0669612213,193.0,37,-0.970941817426052,-0.23931566428755774,2019.0,12226034.72487396,854621.7074139399,16.319078311607594,13.65841537264873,13.65841537264873,13.52112204754502
2019-09-16,gb,737273.0,203017.0,496368.39222914685,3329223.0944126714,86835.81636419155,394330.4295133577,465305.28937191714,525796.5318498611,577232.507726137,0.0,84080.21458238766,3056494.8340893188,16503.499885980786,419387.084045092,336485.585678249,679959.9830613136,116520.17958098146,22659870.0,118152.552734375,0.0,0.0,0.0,0.0,15.07,54887.76233477001,37.13,56989.626951900005,0.0,0.0,0.0,0.0,71.9,67.2,1.12339103,20685463.0,94278.36088540702,0.0,0.0,0.0,0.0,0.0,0.0,0.0,0.0,0.0,0.0,0.0,0.0,0.0,0.0,0.0,0.0,0.0,0.0,391184.0,19787.0,7057.0,46799.0,122682.0,633.0,30430.0,4686.0,15730.0,28804.0,69368.0,4709431.380923323,118152.552734375,111877.38928667002,230029.94202104502,194.0,38,-0.992708874098054,-0.12053668025532357,2019.0,11953980.845305793,737300.2155987629,16.296574989652267,13.510751792693002,13.510751792693002,13.510714879555607
2019-09-23,gb,748836.0,13067.0,507232.5836212135,3536357.7350705285,72792.93223511595,396011.7916305306,501501.7066221237,509706.7383813858,720892.2580411239,0.0,98408.10032447726,3108959.048163186,13954.857628667352,436005.02189823455,357602.3457355499,721274.0882139206,119397.03996294312,18486596.0,103130.91723632812,0.0,0.0,0.0,0.0,9.96,36063.098845060005,48.71,75699.70455655,0.0,0.0,0.0,0.0,74.3,74.7,1.12339103,14151550.0,64547.19514707943,0.0,0.0,0.0,0.0,0.0,0.0,0.0,0.0,0.0,0.0,0.0,0.0,0.0,0.0,0.0,0.0,0.0,0.0,394769.0,21960.0,7257.0,48603.0,125999.0,626.0,31242.0,4823.0,16153.0,27816.0,69458.0,4855600.501926978,103130.91723632812,111762.80340161,214893.72063793812,195.0,39,-1.0,-1.8369701987210297e-16,2019.0,11931746.859009666,651855.6208289756,16.294713292899175,13.38757991002174,13.38757991002174,13.52627661531793
2016-01-04,us,472303.0,434255.0,154837.74716081753,2127688.967974818,252094.69010594807,211663.66830357048,1006126.1686457134,613621.1221122505,794948.2143105646,0.0,52752.55429789028,2567958.7578833792,129467.75843333466,508753.2465233902,1233735.3005231833,597239.9887907236,727563.4527402344,3507467.989,29405.750245416875,2684304.311,53535.02928902332,1375252.0,15670.12084465672,0.0,0.0,0.0,0.0,0.0,0.0,0.0,0.0,170.0166667,92.0,0.92188947,7461759.0,41341.48989917645,0.0,0.0,0.0,0.0,0.0,0.0,0.0,0.0,0.0,0.0,0.0,0.0,0.0,0.0,0.0,0.0,0.0,0.0,158339.0,17923.0,56103.0,19942.0,93254.0,4120.0,20907.0,19878.0,30774.0,25184.0,25879.0,5817471.059192136,82940.7795344402,0.0,82940.7795344402,1.0,1,0.12053668025532306,0.992708874098054,2016.0,5817471.059192136,82940.7795344402,15.57637637125786,11.325894189254313,11.325894189254313,13.065378125041654
2016-01-11,us,486479.0,448095.0,160446.41850354883,2217110.265830137,291941.8813736833,208264.25494229316,939432.9454167517,737710.290059885,803086.8622279887,0.0,54471.58615524672,2769150.9423546838,162024.41742912392,513812.5036090911,1165252.5085620692,802180.9840795823,775503.1310711676,80548.29379,10149.60218106397,61644.50621,18477.993091975648,1842115.0,7747.231259624034,0.0,0.0,0.0,0.0,0.0,0.0,0.0,0.0,133.8833333,143.0,0.92188947,173719.0,464.53354055935614,0.0,0.0,0.0,0.0,0.0,0.0,0.0,0.0,0.0,0.0,0.0,0.0,0.0,0.0,0.0,0.0,0.0,0.0,158741.0,18651.0,57464.0,20544.0,97502.0,4922.0,20382.0,20304.0,29231.0,31178.0,27559.0,6242396.073260965,28627.595273039617,0.0,28627.595273039617,2.0,2,0.23931566428755777,0.970941817426052,2016.0,9732878.708776247,78392.06299370373,16.091020372221628,11.26949072020055,11.26949072020055,13.094951069793991
2016-01-18,us,486282.0,449149.0,160040.88846862473,2198899.2573678326,316849.86557434965,193627.39815319888,916693.9487276354,728624.2946628223,1235437.6420505915,0.0,52992.196317323804,2890408.854305662,195595.77097888515,487213.0573012127,1081799.312193484,783531.3491219297,1057879.6361941623,117521.8327,14808.50547170064,89940.76729,26959.821387181815,11646979.0,15806.67984791768,0.0,0.0,0.0,0.0,0.0,0.0,0.0,0.0,98.35,173.0,0.92188947,262043.0,1086.6299823367951,0.0,1.0,0.0,0.0,0.0,0.0,0.0,0.0,0.0,0.0,0.0,0.0,0.0,0.0,0.0,0.0,0.0,0.0,157764.0,18382.0,54424.0,20174.0,95050.0,5242.0,18644.0,32342.0,26373.0,29555.0,28332.0,6549420.176412661,41768.32685888246,0.0,41768.32685888246,3.0,3,0.3546048870425356,0.9350162426854148,2016.0,12389147.40167841,88803.56465510471,16.332331518529518,11.394193331432835,11.394193331432835,13.094546037935885
2016-01-25,us,491494.0,453848.0,163937.6567855897,2226095.0781406383,321462.65176036506,217246.9908607706,899472.4982154485,691623.5431566446,844092.2567698846,0.0,55373.206032682654,3083159.947382723,208584.04729967017,601016.1285699075,1166555.8930799332,756998.3894096236,819567.7448453933,35379.31571,4458.02093298845,27076.18429,8116.109237855143,6934156.0,15308.77371100045,0.0,0.0,0.0,0.0,0.0,0.0,0.0,0.0,80.45,164.0,0.92188947,0.0,0.0,0.0,0.0,0.0,0.0,0.0,0.0,0.0,0.0,0.0,0.0,0.0,0.0,0.0,0.0,0.0,0.0,0.0,0.0,162804.0,18639.0,55330.0,20601.0,98018.0,5710.0,21809.0,22014.0,27746.0,29789.0,29036.0,6691255.356619934,12574.130170843593,0.0,12574.130170843593,4.0,4,0.46472317204376856,0.8854560256532099,2016.0,14124743.797626978,65856.2689639064,16.46343876740892,11.095245087774881,11.095245087774881,13.105207045577634
2016-02-01,us,524205.0,446585.0,168091.36792516147,2367131.4071854833,260831.37395726645,232099.18244696653,888878.3926734782,761096.9006083009,802204.4634129495,0.0,54314.67160841745,3326967.874704895,144357.8055785119,623874.9014045101,1134424.2076075491,835514.8235544432,815361.7166990973,0.0,0.0,0.0,0.0,8.0,0.07963011202952293,0.0,0.0,0.0,0.0,0.0,0.0,0.0,0.0,68.78333333,189.0,0.901955,534340.0,1982.9215127001019,0.0,0.0,0.0,0.0,0.0,0.0,0.0,0.0,0.0,0.0,0.0,0.0,0.0,0.0,0.0,0.0,0.0,0.0,170500.0,19106.0,57170.0,22105.0,109341.0,4857.0,24182.0,21435.0,29207.0,35291.0,31011.0,6934816.0011574235,0.0,0.0,0.0,5.0,5,0.5680647467311558,0.8229838658936564,2016.0,15409662.279733611,39513.76137834384,16.55050535629401,10.584429586859457,10.584429586859457,13.16964001581891
2016-02-08,us,591353.0,482623.0,184771.00132184214,2705636.503020465,202338.89051447817,309334.9811512099,897132.3590501511,827813.2578654513,926939.2795429829,0.0,63817.61958483783,3771957.37741544,91026.47886936252,756742.0754721384,1072716.570573018,905438.1215983458,925679.4242365232,0.0,0.0,0.0,0.0,0.0,0.0,0.0,0.0,0.0,0.0,0.0,0.0,0.0,0.0,94.61666667,195.0,0.901955,1302661.0,4503.3987888276515,0.0,0.0,1.0,0.0,0.0,0.0,0.0,0.0,0.0,0.0,0.0,0.0,0.0,0.0,0.0,0.0,0.0,0.0,183448.0,20578.0,68140.0,23930.0,132130.0,3927.0,33083.0,24200.0,29664.0,38113.0,34141.0,7587377.667749666,0.0,0.0,0.0,6.0,6,0.6631226582407952,0.7485107481711011,2016.0,16833175.035589833,23708.256827006306,16.638862261113413,10.073620834283362,10.073620834283362,13.290170101840033
2016-02-15,us,572442.0,492456.0,181111.37676735848,2529104.598669334,190255.75285026734,291671.25516296626,975503.3123156424,829304.6274844045,843038.7496982982,0.0,60825.95608760963,3617811.3486826494,90872.78535470915,880731.9340675909,1267349.5901812173,932321.4943117822,875761.3451782671,0.0,0.0,0.0,0.0,7.0,0.0400703425738735,0.0,0.0,0.0,0.0,0.0,0.0,0.0,0.0,75.26666667,253.0,0.901955,34213.0,210.87737621221157,0.0,0.0,0.0,1.0,0.0,0.0,0.0,0.0,0.0,0.0,0.0,0.0,0.0,0.0,0.0,0.0,0.0,0.0,182721.0,21254.0,61495.0,23004.0,119973.0,3460.0,35010.0,22623.0,31566.0,37360.0,33976.0,7725674.453863826,0.0,0.0,0.0,7.0,7,0.7485107481711011,0.6631226582407953,2016.0,17825579.475217722,14224.954096203783,16.696145088964006,9.562823328534689,9.562823328534689,13.257668446134998
2016-02-22,us,593471.0,510347.0,184380.18915920643,2631258.010452847,230550.74288332654,320932.59551859286,953890.9134011283,890822.4388132136,854210.0484125756,0.0,56365.217399774076,3807112.3498202595,121849.26987896385,990740.4226409912,1296655.5792727615,1039687.8079902737,883430.5453388034,0.0,0.0,0.0,0.0,3.0,0.039857910556517,0.0,0.0,0.0,0.0,0.0,0.0,0.0,0.0,160.9,302.0,0.901955,45076.0,313.69479878283266,0.0,0.0,0.0,0.0,0.0,0.0,0.0,0.0,0.0,0.0,0.0,0.0,0.0,0.0,0.0,0.0,0.0,0.0,187233.0,21962.0,62224.0,23704.0,126991.0,4300.0,35806.0,22764.0,31386.0,41136.0,35965.0,8195841.192341827,0.0,0.0,0.0,8.0,8,0.8229838658936565,0.5680647467311558,2016.0,18891188.87747246,8534.97245772227,16.754206227301882,9.052044566374025,9.052044566374025,13.293745314159898
2016-02-29,us,622579.0,530092.0,200026.65933004013,2698588.105248963,280089.80311779975,363884.49172226485,976973.0729710492,849379.7268005976,909068.2431350184,0.0,60476.54835462688,3963669.989842034,141498.9773489218,1159401.1248489372,1491799.3000620701,1012485.4666462879,966037.734494484,0.0,0.0,0.0,0.0,0.0,0.0,0.0,0.0,0.0,0.0,0.0,0.0,0.0,0.0,127.85,331.0,0.901955,49591.0,381.57203190313896,0.0,0.0,0.0,0.0,0.0,0.0,0.0,0.0,0.0,0.0,0.0,0.0,0.0,0.0,0.0,0.0,0.0,0.0,192558.0,22814.0,67344.0,26244.0,131016.0,5131.0,40192.0,25185.0,33500.0,40510.0,38086.0,8795369.141597362,0.0,0.0,0.0,9.0,9,0.8854560256532099,0.4647231720437686,2016.0,20032371.293375276,3727.8968710481786,16.812860137642136,8.223867723869379,8.223867723869379,13.341627413120001
2016-03-07,us,646381.0,504260.0,204195.1776952258,2782402.7754984875,235993.93549955494,373656.2471420182,1060010.1636410637,960259.2431312224,908050.1865296544,0.0,67011.11029279341,4102902.1631009774,101336.20870672655,1178033.0829490202,1529471.8093286534,1189065.167926636,1011156.9335453417,0.0,0.0,0.0,0.0,3.0,0.0200639851852875,0.0,0.0,0.0,0.0,0.0,0.0,0.0,0.0,101.0,268.0,0.89866818,142644.0,780.8927954317822,0.0,0.0,0.0,0.0,0.0,0.0,0.0,0.0,0.0,0.0,0.0,0.0,0.0,0.0,0.0,0.0,0.0,0.0,197496.0,21867.0,71042.0,26728.0,137208.0,4146.0,42049.0,26952.0,36086.0,43758.0,39049.0,9178976.47585015,0.0,0.0,0.0,10.0,10,0.9350162426854148,0.35460488704253557,2016.0,21093550.968645457,1755.9044520076905,16.864477957839902,7.471308705380941,7.471308705380941,13.379145939266648
2016-03-14,us,646748.0,467680.0,202866.54891399425,2775496.2255560807,230597.125416556,419237.2317123748,1083173.2632960116,838242.3797306648,864645.6515607277,0.0,68091.53967314433,4095655.9115450443,92483.11094110241,1274752.783256858,1666534.81136475,962205.8926934613,1033031.2159839942,0.0,0.0,0.0,0.0,0.0,0.0,0.0,0.0,0.0,0.0,0.0,0.0,0.0,0.0,71.95,238.0,0.89866818,15826874.0,136638.4791163533,0.0,0.0,0.0,0.0,0.0,0.0,0.0,0.0,0.0,0.0,0.0,0.0,0.0,0.0,0.0,0.0,0.0,0.0,198890.0,20465.0,71421.0,25848.0,136660.0,3881.0,46756.0,28341.0,37836.0,38297.0,38353.0,9192755.265458353,0.0,0.0,0.0,11.0,11,0.970941817426052,0.23931566428755782,2016.0,21738880.737455368,351.99517035052713,16.894613000314823,5.8664543751131495,5.8664543751131495,13.379713553854579
2016-03-21,us,601632.0,482148.0,188138.75950625635,2545144.20314369,210232.0849565306,361860.67893849,910561.7985018971,835964.5608327321,811537.863011422,0.0,64460.334754032105,3578637.0301617943,89981.11827525274,985079.6697310363,1502371.1967841,941142.8865818039,948608.169151509,0.0,0.0,0.0,0.0,0.0,0.0,0.0,0.0,0.0,0.0,0.0,0.0,0.0,0.0,59.85,228.0,0.89866818,17228868.0,160106.36049956726,0.0,0.0,0.0,0.0,1.0,0.0,0.0,0.0,0.0,0.0,0.0,0.0,0.0,0.0,0.0,0.0,0.0,0.0,187945.0,21338.0,63008.0,24655.0,125689.0,3736.0,39338.0,25992.0,34934.0,38710.0,36287.0,8110280.405439528,0.0,0.0,0.0,12.0,12,0.992708874098054,0.120536680255323,2016.0,21041221.452342108,0.0,16.861994045493024,0.0,0.0,13.307402903836762
2016-03-28,us,627640.0,506693.0,194785.46007998724,2764384.710694394,229445.75265530756,379531.7039837316,961526.681210654,933634.5488909739,886370.7821900204,0.0,64324.1812845035,4001274.009961214,95138.98907442941,1017266.5542336417,1648308.3770236038,980950.293977662,1011423.3768900824,333658.2135,1275.459263631505,88248.28652,1036.224437182415,3.0,0.00999905459063775,3.89,245316.64244004,0.0,0.0,0.0,0.0,0.0,0.0,112.95,98.0,0.89866818,19965289.0,173928.0397282651,0.0,0.0,0.0,0.0,0.0,1.0,0.0,0.0,0.0,0.0,0.0,0.0,0.0,0.0,0.0,0.0,0.0,0.0,192093.0,22327.0,63825.0,25522.0,135086.0,3808.0,39943.0,26652.0,37774.0,42963.0,37646.0,8818685.782445136,2311.68370081392,245316.64244004,247628.32614085393,13.0,13,1.0,6.123233995736766e-17,2016.0,21326940.3747244,247628.32614085393,16.875481684700084,12.419688254381727,12.419688254381727,13.349723625941763
2016-04-04,us,609480.0,343024.0,194617.667040281,2620617.8099131845,275544.16962532216,359081.86081524286,926559.6667561505,707569.147808128,881061.6575591783,0.0,64845.981386591855,3844526.344424777,112136.42858804499,987865.0564839105,1545372.2131867118,757447.2552650699,1005498.869535576,4637277.275,17788.600401468055,1226499.925,14452.035397700192,2511321.0,10892.50860127716,80.905,2308108.56771306,16.385,142895.0070178785,0.0,0.0,0.0,0.0,99.95,121.0,0.88182381,6162827.0,40560.82869591968,0.0,0.0,0.0,0.0,0.0,0.0,0.0,0.0,0.0,0.0,0.0,0.0,0.0,0.0,0.0,0.0,0.0,0.0,194257.0,21828.0,63331.0,25734.0,127886.0,4799.0,37681.0,27735.0,36249.0,33064.0,36916.0,8317692.148870682,32240.635799168245,2451003.5747309383,2483244.2105301064,14.0,14,0.992708874098054,-0.12053668025532288,2016.0,20986417.564417373,2631821.206214619,16.85938605143664,14.783187018315372,14.783187018315372,13.320363054324874
2016-04-11,us,595833.0,479503.0,193635.04755373907,2464141.0817831755,252828.48896165524,339736.32954692055,830486.0159227396,764470.9732652282,825724.2058177297,0.0,68125.40344495367,3582855.038458225,100741.42020209914,892026.041977235,1299883.0714565879,824022.9336825522,894415.938018557,5293309.601,31012.505475799047,1400011.999,25195.56439555948,5571096.0,25782.94013019692,81.73,1777605.1272646799,16.805,140737.8014314755,0.0,0.0,0.0,0.0,80.61666667,110.0,0.88182381,5564520.0,25360.610338471506,0.0,0.0,0.0,0.0,0.0,0.0,0.0,0.0,0.0,0.0,0.0,0.0,0.0,0.0,0.0,0.0,0.0,0.0,192247.0,22286.0,60369.0,25245.0,122605.0,4389.0,36751.0,25839.0,32212.0,36655.0,37237.0,7662069.84724021,56208.06987135853,1918342.9286961553,1974550.998567514,15.0,15,0.9709418174260521,-0.2393156642875575,2016.0,20124158.721655622,3553643.722296285,16.81743162743601,15.083484317110726,15.083484317110726,13.297717383762683
2016-04-18,us,605999.0,538882.0,191556.738118663,2393549.9009675155,338510.69630132697,329166.7987925002,862681.0202192159,774125.5514235115,1148301.5251814495,0.0,64405.44633503021,3491246.400670029,148940.2175148133,858902.6816229115,1421750.448163262,889497.5092877193,800010.0740352515,9950349.356,44264.59873603926,2631738.844,35961.99439303742,5392320.0,25515.18958077319,74.44,1912071.79458015,15.345,115676.58920722798,0.0,0.0,0.0,0.0,101.8,208.0,0.88182381,8457060.0,30916.70617453456,0.0,0.0,0.0,0.0,0.0,0.0,0.0,0.0,0.0,0.0,0.0,0.0,0.0,0.0,0.0,0.0,0.0,0.0,195642.0,23080.0,59999.0,25814.0,124222.0,5884.0,34405.0,24754.0,35781.0,39496.0,36922.0,7674752.777629018,80226.59312907667,2027748.383787378,2107974.9769164547,16.0,16,0.9350162426854148,-0.3546048870425357,2016.0,19611589.350621223,4240161.210294225,16.791631293844983,15.26011208362122,15.26011208362122,13.314635265051452
2016-04-25,us,621785.0,531731.0,194440.01097929338,2468376.421228746,361107.170044965,315449.13609519147,904887.7684475047,751132.9453630496,936043.368701522,0.0,58819.19602798307,3552923.700349379,161460.56160723738,874825.758785412,1552461.9641216036,889340.2212544641,825192.2243761058,20354045.03,106303.95958886099,6957709.44,97805.74504957191,5332243.0,25029.93525187105,8.65,255425.55750936,0.0,0.0,0.0,0.0,0.0,0.0,126.0333333,286.0,0.88182381,9865892.0,41285.33895349693,0.0,0.0,0.0,0.0,0.0,0.0,1.0,0.0,0.0,0.0,0.0,0.0,0.0,0.0,0.0,0.0,0.0,0.0,201286.0,23228.0,61880.0,26841.0,129630.0,6300.0,32740.0,25026.0,39295.0,38917.0,36642.0,7915023.626522185,204109.7046384329,255425.55750936,459535.26214779285,17.0,17,0.8854560256532099,-0.4647231720437685,2016.0,19534248.80953359,3003631.9883243283,16.787679883355295,14.91533311007615,14.91533311007615,13.340351261075094
2016-05-02,us,623817.0,505783.0,188046.70349571202,2393502.346263576,349756.27722741675,306451.5874647442,916855.23864202,834885.8707940672,1093097.11662727,0.0,58188.56071398728,3483531.9536394267,147754.22255433365,874521.6141630483,1614367.8017973881,1026048.2523603595,860146.0301940877,14973050.45,80010.25970480478,12656513.97,159566.8840260878,5713453.0,25554.82871551803,87.41,2047586.82765318,17.39,172023.937758981,0.0,0.0,0.0,0.0,94.58333333,201.0,0.88395714,2399733.0,21207.70606252175,0.0,0.0,0.0,0.0,0.0,0.0,0.0,1.0,1.0,0.0,0.0,0.0,0.0,0.0,0.0,0.0,0.0,0.0,204341.0,22937.0,59771.0,25977.0,127959.0,5731.0,32893.0,25744.0,41039.0,43708.0,33717.0,8064558.435422632,239577.14373089257,2219610.765412161,2459187.909143054,18.0,18,0.8229838658936565,-0.5680647467311557,2016.0,19630936.16361817,4261367.10213765,16.792617306509808,15.265100817424232,15.265100817424232,13.343613938141903
2016-05-09,us,683375.0,550825.0,210915.1520260897,2572726.2241242556,353399.51778853574,352990.40221959923,1020468.4466864461,1041035.8329413312,1124074.5552698118,0.0,67272.35426567857,3814873.3416203856,157595.09248080917,986425.2338739083,1880894.4591438873,1327604.4705737801,952068.6345996957,15966778.7,86967.31880906303,13496498.81,173441.55776872896,5604540.0,24059.97368647797,67.845,1873073.3572029602,19.835,200538.185202531,0.0,0.0,0.0,0.0,120.1,119.0,0.88395714,390371.0,3019.72267203162,0.0,0.0,0.0,0.0,0.0,0.0,0.0,0.0,0.0,0.0,0.0,0.0,0.0,0.0,0.0,0.0,0.0,0.0,220366.0,24316.0,65559.0,27255.0,136285.0,6261.0,36352.0,28741.0,45142.0,53965.0,39133.0,9186733.586558145,260408.876577792,2073611.5424054912,2334020.4189832835,19.0,19,0.7485107481711013,-0.663122658240795,2016.0,20810892.296449564,4890840.680265873,16.85098712375555,15.402874969393391,15.402874969393391,13.434800499521637
2016-05-16,us,718781.0,583864.0,221504.5268076161,2754262.478980134,429869.11707002675,394656.90735093516,1015323.3373656452,1148962.776558308,1135915.7210230844,0.0,80065.7142487178,4087814.8079478675,189441.90592405628,1098606.4305596645,1855948.1710290962,1417574.9121193949,1005368.885180016,21872072.68,111598.90465377794,18488162.74,222565.0753502196,12442021.0,49107.23886952687,67.19,1851057.5206741202,17.695,159417.55979829901,0.0,0.0,0.0,0.0,116.9,265.0,0.88395714,19889060.0,144051.68526511663,0.0,0.0,0.0,0.0,0.0,0.0,0.0,0.0,0.0,1.0,0.0,0.0,0.0,0.0,0.0,0.0,0.0,0.0,227736.0,25183.0,69911.0,28378.0,145053.0,7550.0,38967.0,30493.0,44772.0,58243.0,42496.0,9734820.827008814,334163.9800039975,2010475.0804724193,2344639.0604764167,20.0,20,0.6631226582407952,-0.7485107481711012,2016.0,22085134.637543924,5279143.468635941,16.91041534460785,15.479274610098454,15.479274610098454,13.485313391841764
2016-05-23,us,749874.0,574779.0,240205.7102510777,3136203.823461506,423679.99189362786,457271.67095064605,843534.2215593366,1416564.5863045314,991896.3209734054,0.0,87161.67595137634,4575957.4807277275,176248.38011342927,1267344.2329333886,1306599.942441222,1681381.0158215058,874344.2521504947,29092099.74,155130.1282937055,24591152.48,309380.713045411,13314854.0,49076.39036792639,0.01,159.99624234,0.0,0.0,0.0,0.0,0.0,0.0,109.7166667,239.0,0.88395714,17361695.0,127561.62084852009,0.0,0.0,0.0,0.0,0.0,0.0,0.0,0.0,0.0,0.0,0.0,0.0,0.0,0.0,0.0,0.0,0.0,0.0,232576.0,24888.0,73038.0,30222.0,159536.0,7216.0,44715.0,28405.0,37326.0,66567.0,45385.0,9969036.980139144,464510.84133911645,159.99624234,464670.83758145646,21.0,21,0.5680647467311558,-0.8229838658936564,2016.0,23071997.705273822,3627997.7137766266,16.954130262950038,15.104191735690263,15.104191735690263,13.527661804955395
2016-05-30,us,741288.0,556985.0,219814.06100831472,2964870.4936664184,485748.0965808258,435242.9064193952,1010133.7782865356,1302454.1102027893,941382.818136268,0.0,82528.32759458102,4373689.736970699,199311.42575583287,1236030.1393676593,1603814.5613018172,1515226.311797142,760606.020127167,32584373.7,167237.8554242278,16242745.55,228204.12072416864,12038642.0,31378.48232984405,0.05,0.0,0.0,0.0,0.0,0.0,0.0,0.0,176.2166667,123.0,0.88395714,7901909.0,75556.53924113115,0.0,0.0,0.0,0.0,0.0,0.0,0.0,0.0,0.0,0.0,1.0,1.0,0.0,0.0,0.0,0.0,0.0,0.0,229142.0,25053.0,68635.0,29917.0,154302.0,7727.0,44767.0,25660.0,42867.0,66650.0,46568.0,9771206.5229149,395441.97614839644,0.0,395441.97614839644,22.0,22,0.4647231720437687,-0.8854560256532098,2016.0,23474699.85791602,2530531.6373352353,16.971433839970636,14.743940367136672,14.743940367136672,13.516145841738007
2016-06-06,us,783453.0,601185.0,214096.10027446953,3226912.35566648,487685.8408256198,452057.5680302498,1006138.6184239759,1614679.9401111603,977341.8690518354,0.0,82375.65308069527,4837511.835210875,220428.4044089146,1279794.0181725011,1639224.2652398378,1923390.2548441887,941326.2727104943,27779942.92,148257.89487668884,10251669.38,166449.5519547707,8607229.0,27454.96581392385,66.37,1654164.52088904,19.4,200744.350283244,0.0,0.0,0.0,0.0,168.7333333,331.0,0.89028636,2661090.0,23805.14593190802,0.0,0.0,0.0,0.0,0.0,0.0,0.0,0.0,0.0,0.0,0.0,0.0,0.0,0.0,0.0,0.0,0.0,0.0,235261.0,26539.0,71010.0,29072.0,164470.0,8138.0,46166.0,28255.0,45444.0,80274.0,48824.0,10924050.703667507,314707.4468314595,1854908.871172284,2169616.3180037434,23.0,23,0.35460488704253584,-0.9350162426854147,2016.0,24880177.267331693,3654770.4259047844,17.029581990895263,15.11154411183832,15.11154411183832,13.571467628142088
2016-06-13,us,776451.0,612248.0,218586.68662763372,3282478.552553523,447690.41883361374,435417.9115271465,987223.8915024418,1570648.5101600683,920220.6605394984,0.0,85392.2289040683,4940944.602626369,196548.2117834264,1200372.9987329834,1581799.044524898,1889298.7945175206,786844.0464700905,36502485.74,207065.11288121922,13470560.98,232472.5796345577,7261977.0,32979.28009182045,84.615,2003428.3113488401,24.205,224182.20705387602,0.0,0.0,0.0,0.0,147.7666667,291.0,0.89028636,15093716.0,106924.85760283991,0.0,0.0,0.0,0.0,0.0,0.0,0.0,0.0,0.0,0.0,0.0,0.0,0.0,0.0,0.0,0.0,0.0,0.0,234791.0,26498.0,71018.0,28451.0,166780.0,7488.0,43626.0,26164.0,44348.0,78314.0,48973.0,10681199.927559357,439537.69251577696,2227610.518402716,2667148.210918493,24.0,24,0.23931566428755768,-0.970941817426052,2016.0,25480399.912344873,4824604.581473079,17.053420122937894,15.389239544641518,15.389239544641518,13.562490103819892
2016-06-20,us,825591.0,638065.0,235305.21245202405,3641767.738271984,469655.4842904362,449366.581630802,1090462.3588710723,1870955.7346254587,1003429.9593506439,0.0,94998.7871277486,5238694.0291419905,174243.43924108127,1279620.5047468988,1729921.5902253871,2284768.095289156,884027.5580464263,43243424.54,273786.3917970397,15958178.62,307380.74549097446,13640929.0,39754.99241397062,1.61,0.0,0.01,18.918585150000002,0.0,0.0,0.0,0.0,156.8666667,372.0,0.89028636,7941741.0,51779.91435566983,0.0,0.0,0.0,0.0,0.0,0.0,0.0,0.0,0.0,0.0,0.0,0.0,0.0,0.0,0.0,0.0,0.0,0.0,247299.0,27440.0,75732.0,29551.0,180258.0,6815.0,42764.0,28570.0,46380.0,90771.0,50011.0,11686274.003818687,581167.1372880142,18.918585150000002,581186.0558731642,25.0,25,0.12053668025532308,-0.992708874098054,2016.0,26841571.947990764,3468230.3769683354,17.1054624729702,15.059155332352642,15.059155332352642,13.623855983740008
2016-06-27,us,866334.0,635146.0,237616.06097500084,4056776.6797684743,733970.6725700329,481134.5787206827,1201479.8672983223,1877570.9587974548,1017096.0294209431,0.0,95197.97640424149,5598179.71680356,297251.3909266307,1311714.865168838,1997247.223061022,2207204.669221878,908706.6316280505,38182767.49,224743.79060884315,11609415.23,217764.00857871742,63322280.0,316663.2150125115,1.155,23794.683543720002,0.0,0.0,0.0,0.0,0.0,0.0,176.2166667,245.0,0.89028636,24877826.0,185628.8377086761,0.0,0.0,0.0,0.0,0.0,0.0,0.0,0.0,0.0,0.0,0.0,0.0,0.0,0.0,0.0,0.0,0.0,0.0,253656.0,26903.0,77139.0,30101.0,198150.0,10130.0,46634.0,29580.0,52941.0,90739.0,50361.0,12415502.47321422,442507.79918756057,23794.683543720002,466302.48273128056,26.0,26,1.2246467991473532e-16,-1.0,2016.0,28384992.02819797,2505935.795320249,17.16137114897122,14.734173192779405,14.734173192779405,13.67202694877052
2016-07-04,us,829067.0,623099.0,225252.1713970785,3872789.853117014,876978.057115454,418128.07896483265,1187853.921175879,1886100.4364376068,981209.7780828873,0.0,90947.60936396237,5538474.150851199,327134.8278815165,1022833.9849265681,1882580.8710756185,2245886.741994858,844592.6877875652,34170117.52,200448.2685443586,7068984.982,132316.13209646582,17098777.0,69104.9873801398,83.77,2120997.88747596,22.46,200785.26342144,0.0,0.0,0.0,0.0,242.5333333,98.0,0.90463372,13819544.0,137244.46458917984,0.0,0.0,0.0,0.0,0.0,0.0,0.0,0.0,0.0,0.0,0.0,0.0,1.0,0.0,0.0,0.0,0.0,0.0,242603.0,26041.0,71103.0,28583.0,191217.0,10824.0,39421.0,27150.0,50820.0,91831.0,49475.0,11952450.873881288,332764.40064082446,2321783.1508974,2654547.5515382243,27.0,27,-0.12053668025532327,-0.992708874098054,2016.0,28829144.243602864,4118906.448329863,17.176897421017,15.231098503714419,15.231098503714419,13.628057457291437
2016-07-11,us,863923.0,642624.0,225308.5304018869,4126840.7744977493,777121.0633048576,450720.1210694313,1092834.344641699,1986520.1381072998,1083588.9033968064,0.0,94320.7150026107,5900187.954131834,328614.8803607512,1148908.277311802,1584345.863142773,2359175.6013150215,969620.9292029836,65131564.82,397090.6763571721,13474172.38,262120.01122645856,16982735.0,70484.19118806002,85.935,2049003.51750348,27.575,235670.47263905598,0.0,0.0,0.0,0.0,211.4,209.0,0.90463372,8652.0,53.34350822506555,0.0,0.0,0.0,0.0,0.0,0.0,0.0,0.0,0.0,0.0,0.0,0.0,0.0,0.0,0.0,0.0,0.0,0.0,255579.0,26984.0,75279.0,27677.0,201538.0,11694.0,43793.0,31143.0,47587.0,95186.0,47463.0,12385174.220467776,659210.6875836307,2284673.990142536,2943884.6777261663,28.0,28,-0.23931566428755743,-0.9709418174260521,2016.0,29519153.158447724,5375847.613922073,17.200549904116922,15.497427001175923,15.497427001175923,13.669240080954262
2016-07-18,us,873573.0,646972.0,239737.70958953002,4268032.281071933,800087.655749349,462360.7800125068,1070794.379730117,2137460.934516907,1040705.1395014799,0.0,97497.93452240112,6023406.87504531,332248.9626266376,1185019.159026714,1534830.7017027056,2428375.4922180176,942338.5552905339,25878426.97,181450.76348559777,5353631.328,119775.85720891561,9599349.0,48971.43200630097,0.165,0.0,0.0,0.0,0.0,0.0,0.0,0.0,216.35,139.0,0.90463372,1064038.0,4334.407962085914,0.0,0.0,0.0,0.0,0.0,0.0,0.0,0.0,0.0,0.0,0.0,0.0,0.0,0.0,0.0,0.0,0.0,0.0,257809.0,26748.0,74728.0,28662.0,206249.0,11893.0,45554.0,30064.0,46410.0,98518.0,46938.0,12543717.68043232,301226.6206945134,0.0,301226.6206945134,29.0,29,-0.3546048870425356,-0.9350162426854148,2016.0,30087768.035336617,3518930.5033124047,17.219629302797895,15.073667951298255,15.073667951298255,13.680348121625121
2016-07-25,us,836413.0,652054.0,247580.2494001892,4101284.7589601995,721835.000602511,432977.7661484223,969747.0567378731,1848840.2683677673,1024671.4013648398,0.0,97068.3274671467,5757202.341956554,297828.39345791464,1085925.7463755084,1335796.4065389296,1960017.6354823112,924832.6082472567,15363766.7,234239.76066803822,3178398.084,154621.9348666323,5619790.0,28106.59032667399,1.2,0.0,0.0,0.0,0.0,0.0,0.0,0.0,250.7666667,154.0,0.90463372,9853880.0,51619.49376454426,0.0,0.0,0.0,0.0,0.0,0.0,0.0,0.0,0.0,0.0,0.0,0.0,0.0,0.0,0.0,0.0,0.0,0.0,253341.0,26644.0,72834.0,29791.0,198060.0,11069.0,42171.0,28894.0,42331.0,85842.0,45436.0,11458671.45952562,388861.6955346705,0.0,388861.6955346705,30.0,30,-0.46472317204376806,-0.8854560256532101,2016.0,29347213.532575667,2493578.090820009,17.194708194541263,14.72922962226216,14.72922962226216,13.636878984799209
2016-08-01,us,817184.0,594156.0,241082.76152244664,3786178.8535946333,640513.3171421938,407297.52663182176,970841.1469657853,1699033.3053150177,943624.4401025929,0.0,94405.20068744586,5417615.670232907,246695.32758574537,972062.987831512,1322666.4535498326,1789018.2834854126,863700.0732493335,12422088.95,90468.04910047459,8192007.232,183261.04382011766,8784196.0,20303.52242381985,65.02,1685697.9079556,9.95,79746.9206457,0.0,0.0,0.0,0.0,225.6,106.0,0.89224828,10988131.0,59240.99004318709,0.0,0.0,0.0,0.0,0.0,0.0,0.0,0.0,0.0,0.0,0.0,0.0,0.0,0.0,0.0,0.0,0.0,0.0,251221.0,25181.0,72065.0,30369.0,188236.0,9854.0,40652.0,29225.0,45737.0,80436.0,44208.0,10706163.99662219,273729.09292059223,1765444.8286013,2039173.9215218923,31.0,31,-0.5680647467311556,-0.8229838658936566,2016.0,28131010.012700677,3498879.553198096,17.152383120548972,15.067953633355897,15.067953633355897,13.613620786397377
2016-08-08,us,798057.0,661663.0,235634.70214366834,3446815.4005935076,634637.4199046551,384220.16250481573,910649.5804987459,1831682.2697849274,1058119.724314378,0.0,94001.63142613052,4920285.620217579,230948.8723325793,913987.906616329,1233363.8350433076,2006861.9377393723,804691.9365196367,27614442.44,132305.62600139345,18210923.54,268011.38472672657,8228425.0,20123.3923681214,76.975,1234184.5883444,12.815,76235.47753976,0.0,0.0,0.0,0.0,215.25,175.0,0.89224828,44700328.0,300332.1952837472,0.0,0.0,0.0,0.0,0.0,0.0,0.0,0.0,0.0,0.0,0.0,0.0,0.0,0.0,0.0,0.0,0.0,0.0,244884.0,26980.0,68035.0,29785.0,176133.0,9413.0,39508.0,28104.0,43308.0,90246.0,41661.0,10204141.739894934,400317.01072812,1310420.06588416,1710737.0766122802,32.0,32,-0.6631226582407953,-0.748510748171101,2016.0,26903344.604540065,3765266.960436837,17.10776120875451,15.141329588114331,15.141329588114331,13.589936555495019
2016-08-15,us,724753.0,541933.0,227067.2981679872,3049691.929029016,570306.1830942706,342097.3314354423,893548.6879306675,1349855.1011219025,855619.4017460307,0.0,90508.71847315946,4297914.836650269,208125.14435869266,832312.1254638054,1328989.6322699916,1498652.2134361267,778472.7590000079,37720767.14,184657.19975555254,24875751.45,374059.91951102205,23509398.0,64699.76391309879,2.38,209307.17051552,0.0,0.0,0.0,0.0,0.0,0.0,178.4333333,147.1,0.89224828,6254809.0,42842.82361506888,0.0,0.0,0.0,0.0,0.0,0.0,0.0,0.0,0.0,0.0,0.0,0.0,0.0,0.0,0.0,0.0,0.0,0.0,233300.0,25702.0,63311.0,28199.0,155325.0,8194.0,35000.0,26123.0,42005.0,66842.0,40752.0,9034975.429652054,558717.1192665746,209307.17051552,768024.2897820947,33.0,33,-0.7485107481711009,-0.6631226582407955,2016.0,24980697.66440411,3017422.7720599817,17.03361403122191,14.919913969682781,14.919913969682781,13.493587565913204
2016-08-22,us,674563.0,608862.0,217883.71972510478,2827948.248026855,419162.4948008383,305253.8180281071,747003.0834351436,1113153.0385608673,773339.1766617125,0.0,85000.26418346536,3945856.231643932,162459.08918798208,773107.9821579029,1015508.2872281873,1240270.0839881897,678964.9288789892,39648825.38,178382.94304222855,26147249.91,361350.16334722907,35287663.0,101202.5997482944,0.31,25018.6417712,0.0,0.0,0.0,0.0,0.0,0.0,154.8333333,180.0,0.89224828,14154618.0,85573.73968396767,0.0,0.0,0.0,0.0,0.0,0.0,0.0,0.0,0.0,0.0,0.0,0.0,0.0,0.0,0.0,0.0,0.0,0.0,224848.0,25397.0,60128.0,27814.0,144448.0,6672.0,30609.0,24272.0,34795.0,55622.0,39958.0,7901166.867268648,539733.1063894576,25018.6417712,564751.7481606576,34.0,34,-0.8229838658936564,-0.5680647467311559,2016.0,22681052.699890614,2367373.320288295,16.937040495175424,14.677292017221799,14.677292017221799,13.421821835228716
2016-08-29,us,667327.0,523620.0,221077.59614991664,2666169.78911936,497120.59326405736,307704.04140298587,699067.3969146471,1015308.0082702637,714342.5989666356,0.0,81000.0640551499,3664247.6434042477,170686.83712739436,797066.7903262766,958006.0588268724,1134444.4089360237,619709.1412294577,58495398.28,186823.68564918614,25989376.9,344296.73626859376,22027189.0,72789.50633714224,0.5,0.0,0.0,0.0,0.0,0.0,0.0,0.0,87.75,214.0,0.89224828,6715515.0,36972.93389427211,0.0,0.0,0.0,0.0,0.0,0.0,0.0,0.0,0.0,0.0,0.0,1.0,0.0,0.0,0.0,0.0,0.0,0.0,224796.0,25024.0,63243.0,27804.0,139209.0,6995.0,32734.0,22098.0,34031.0,51545.0,39848.0,7425160.943905422,531120.4219177798,0.0,531120.4219177798,35.0,35,-0.88545602565321,-0.46472317204376834,2016.0,20833037.286569938,1906958.2086875127,16.852050663693593,14.461020494048332,14.461020494048332,13.411036958149264
2016-09-05,us,610928.0,581962.0,193294.6128701451,2273021.665094701,558204.5176898828,241660.27937397768,711698.1810275087,936917.9218425752,683245.1170557884,0.0,71352.56697638897,3117273.150605021,180341.16297230442,603678.5604279605,1040292.7507933215,1088037.5920290947,612610.3393037386,15677142.56,38845.68328078206,4899996.64,65656.4919174317,25389.0,52.17866690246741,9.62,0.0,0.0,0.0,0.0,0.0,0.0,0.0,119.0833333,24.0,0.89166459,9131.0,92.90009682869191,0.0,0.0,0.0,0.0,0.0,0.0,0.0,0.0,0.0,0.0,0.0,0.0,0.0,1.0,0.0,0.0,0.0,0.0,210291.0,23096.0,55309.0,24852.0,123425.0,6738.0,25665.0,21104.0,35014.0,49791.0,35643.0,6713586.12310783,104502.17519821376,0.0,104502.17519821376,36.0,36,-0.9350162426854147,-0.3546048870425359,2016.0,19005385.127214942,1199231.142342084,16.760232977337477,13.997192028565166,13.997192028565166,13.322736028455656
2016-09-12,us,618135.0,490045.0,198774.99808775497,2268966.9129764913,446395.62692845735,255542.48867421402,632773.4602351099,976309.678281784,676936.8103604557,0.0,71327.21854070065,3170848.753241297,161977.57560168317,635360.2404023252,939419.003718255,1225399.448817253,588588.7843024218,3348239.928,10443.8127813462,1046514.972,17652.002790968003,5922.0,2.388734196317441,1.8,0.0,0.0,0.0,0.0,0.0,0.0,0.0,98.48333333,109.0,0.89166459,10376.0,34.04808535152915,0.0,0.0,0.0,0.0,0.0,0.0,0.0,0.0,0.0,0.0,0.0,0.0,0.0,0.0,0.0,0.0,0.0,0.0,207988.0,20594.0,57827.0,25546.0,126700.0,6462.0,27876.0,20918.0,32490.0,55532.0,36202.0,6792921.024623936,28095.815572314204,0.0,28095.815572314204,37.0,37,-0.970941817426052,-0.23931566428755774,2016.0,17985465.81179753,742575.0504601203,16.705074590393455,13.517880569276038,13.517880569276038,13.334463776954058
2016-09-19,us,609386.0,299848.0,196753.638931781,2144820.822244507,376311.08670374966,256427.1262242994,659901.183997975,965802.8627262115,675012.2987251785,0.0,69963.44885014773,3017649.216091643,151518.18531228715,669516.7997572534,997854.6917238703,1197627.669664383,571780.0860009756,2619577.26,7969.192971188113,818766.5401,13469.43108333293,0.0,0.0,0.0,0.0,0.0,0.0,0.0,0.0,0.0,0.0,95.65,28.0,0.89166459,3135.0,11.831740958309528,0.0,0.0,0.0,0.0,0.0,0.0,0.0,0.0,0.0,0.0,0.0,0.0,0.0,0.0,0.0,0.0,0.0,0.0,206255.0,17283.0,56376.0,24757.0,121930.0,6215.0,30610.0,20808.0,33636.0,55145.0,36371.0,6675910.097400561,21438.624054521042,0.0,21438.624054521042,38.0,38,-0.992708874098054,-0.12053668025532357,2016.0,17274727.905257456,460452.2710745216,16.66475523460095,13.039966655206202,13.039966655206202,13.32020881284805
2016-09-26,us,582370.0,284338.0,189618.6495059568,2083922.7304991437,351877.60940238676,240608.06413902016,707038.0406312617,786828.3317394257,663571.0023494912,0.0,67896.79606588969,2942708.6843834748,150475.27435222347,662878.852381736,938727.722344994,956980.9848060608,555926.8895504619,150.1649364,0.00269411730046173,46.93506364,0.00455356342818708,0.0,0.0,0.0,0.0,0.0,0.0,0.0,0.0,0.0,0.0,263.7,41.0,0.89166459,8427.0,53.7546344058387,0.0,0.0,0.0,0.0,0.0,0.0,0.0,0.0,0.0,0.0,0.0,0.0,0.0,0.0,0.0,0.0,0.0,0.0,201367.0,15961.0,56495.0,24214.0,117467.0,6460.0,27771.0,20744.0,30393.0,46052.0,35446.0,6275595.203884841,0.007247680728648809,0.0,0.007247680728648809,39.0,39,-1.0,-1.8369701987210297e-16,2016.0,16460609.503565807,242021.07843868455,16.616480842656955,12.396784234195032,12.396784234195032,13.274862980668809
2016-10-03,us,638675.0,333169.0,204117.7646478081,2510063.697085573,434221.2806988297,234133.1650314663,688636.4776536444,705095.2674350739,728495.0191960752,0.0,66308.62010685459,3273661.401555223,189701.10755819164,671135.6004347367,1073848.472491866,848828.0348219872,591902.7407258761,986567.4,36728.18912637643,0.0,0.0,0.0,0.0,0.0,0.0,0.0,0.0,0.0,0.0,0.0,0.0,166.05,85.0,0.90767634,3415422.0,17888.556612777935,0.0,0.0,0.0,0.0,0.0,0.0,0.0,0.0,0.0,0.0,0.0,0.0,0.0,0.0,1.0,0.0,0.0,0.0,214404.0,15847.0,65679.0,25268.0,140305.0,7811.0,28171.0,22211.0,39449.0,42006.0,37525.0,6715385.977694735,36728.18912637643,0.0,36728.18912637643,40.0,40,-0.992708874098054,0.1205366802553232,2016.0,16420361.282508265,153207.02253287504,16.61403272523531,11.939551901320135,11.939551901320135,13.36715256251676
2016-10-10,us,581496.0,385102.0,177727.61473416345,2091599.6658638245,380734.0845883797,225281.47689062555,568282.18574149,784772.1405677795,688343.8163102473,0.0,51054.50610783351,2804854.8449964547,168480.00420251075,647658.8358014796,838511.2400916748,947589.9309215546,591745.5980577841,1294179.3,75955.1448656324,0.0,0.0,0.0,0.0,0.0,0.0,0.0,0.0,0.0,0.0,0.0,0.0,112.0166667,45.1,0.90767634,3598171.0,18518.89471855098,0.0,0.0,0.0,0.0,0.0,0.0,0.0,0.0,0.0,0.0,0.0,0.0,0.0,0.0,0.0,0.0,0.0,0.0,196901.0,17207.0,57854.0,23486.0,120313.0,6866.0,26448.0,21935.0,29975.0,45622.0,34890.0,6049894.960179292,75955.1448656324,0.0,75955.1448656324,41.0,41,-0.9709418174260521,0.23931566428755738,2016.0,15750358.836771745,154979.499530291,16.57237376975409,11.951054578504714,11.951054578504714,13.27336109185618
2016-10-17,us,583611.0,455365.0,172906.89699358304,2130028.0262809442,318230.7277336415,235350.6718631166,574813.5614770257,814171.2343978882,617981.4058641018,0.0,50806.76415780957,2967560.791116811,133086.39196554688,668773.7778586815,867317.3405689946,1018135.1691660881,623462.9608876687,1488129.438,66219.86669226941,0.0,0.0,0.0,0.0,0.0,0.0,0.0,0.0,0.0,0.0,0.0,0.0,122.3333333,50.0,0.90767634,4406305.0,22499.65956327309,0.0,0.0,0.0,0.0,0.0,0.0,0.0,0.0,0.0,0.0,0.0,0.0,0.0,0.0,0.0,0.0,0.0,0.0,193419.0,19761.0,54512.0,22972.0,121695.0,5526.0,26408.0,21919.0,30384.0,47227.0,39788.0,6329143.1957216,66219.86669226941,0.0,66219.86669226941,42.0,42,-0.9350162426854148,0.35460488704253557,2016.0,15646649.234895304,149721.9056880579,16.56576740954137,11.91654156931106,11.91654156931106,13.276991657448159
2016-10-24,us,557288.0,454650.0,164481.3324229738,2005035.287004961,295124.84570107894,215552.13051308817,522396.3277520447,764995.9885005951,601083.2299796533,0.0,49868.24979725104,2899210.7496697903,112759.41249667217,613003.396368716,786708.3428829226,1002413.4378371239,604745.3396286357,1544234.054,77023.21323342696,0.0,0.0,0.0,0.0,0.0,0.0,0.0,0.0,0.0,0.0,0.0,0.0,54.41666667,9.0,0.90767634,4707904.0,24137.931413340582,0.0,0.0,0.0,0.0,0.0,0.0,0.0,0.0,0.0,0.0,0.0,0.0,0.0,0.0,0.0,0.0,0.0,0.0,187760.0,19942.0,48645.0,22489.0,115581.0,4620.0,24048.0,21576.0,27735.0,46591.0,38301.0,6068708.928681112,77023.21323342696,0.0,77023.21323342696,43.0,43,-0.8854560256532101,0.464723172043768,2016.0,15331984.278378708,157935.57306046315,16.54545174529289,11.96994879508579,11.96994879508579,13.230839235340222
2016-10-31,us,576955.0,279907.0,166818.889099049,2021162.9126945017,320535.1164154126,223262.04556375198,549092.3284687707,823718.1185855865,668906.3049363521,0.0,48534.758932357436,2932909.4022160973,101514.0455284384,634400.3263740848,846250.6327439423,1082604.8849697113,641259.4754302058,1925996.608,26179.672690443607,0.0,0.0,0.0,0.0,0.0,0.0,0.0,0.0,0.0,0.0,0.0,0.0,36.3,42.0,0.90767634,5136227.0,26687.920219760064,0.0,0.0,0.0,0.0,0.0,0.0,0.0,0.0,0.0,0.0,0.0,0.0,0.0,0.0,0.0,0.0,0.0,0.0,191469.0,19776.0,49925.0,23095.0,120333.0,5256.0,24354.0,22969.0,29010.0,51800.0,38968.0,6287473.526194838,26179.672690443607,0.0,26179.672690443607,44.0,44,-0.8229838658936566,0.5680647467311556,2016.0,15373901.626524564,119185.78127174427,16.548181995225036,11.688447132092767,11.688447132092767,13.265521286083429
2016-11-07,us,566910.0,399186.0,176564.83599683116,2023016.4391504484,334005.43921574904,259474.32959702404,528558.2719002931,805522.6385746002,614847.0421723065,0.0,49768.52857497874,3027609.3096946115,126714.78095626857,715922.6191584182,844798.790655744,1018368.1755890846,530500.0373728136,3718992.6,30366.904411568194,0.0,0.0,0.0,0.0,0.0,0.0,0.0,0.0,0.0,0.0,0.0,0.0,97.95,77.0,0.92676594,11130666.0,45304.736811154085,0.0,0.0,0.0,0.0,0.0,0.0,0.0,0.0,0.0,0.0,0.0,0.0,0.0,0.0,0.0,0.0,0.0,0.0,184663.0,18906.0,52000.0,24471.0,119070.0,5267.0,27288.0,19336.0,28677.0,48147.0,39085.0,6313682.242001919,30366.904411568194,0.0,30366.904411568194,45.0,45,-0.7485107481711011,0.6631226582407952,2016.0,15423928.22951971,101406.47136093168,16.551430707486855,11.526902049485301,11.526902049485301,13.24795760389906
2016-11-14,us,591559.0,405209.0,185813.38463010738,2024902.0932256791,318562.5990556382,287402.4280192231,529399.3353444866,769439.1240282059,639106.7500331763,0.0,51694.47212030983,3092899.5815748405,127789.55006443917,795333.5538998009,826314.0183460729,949749.3811888695,519536.8511527009,975968.1,5822.829742871447,0.0,0.0,0.0,0.0,0.0,0.0,0.0,0.0,0.0,0.0,0.0,0.0,79.2,2.0,0.92676594,4823373.0,24818.091279853827,0.0,0.0,0.0,0.0,0.0,0.0,0.0,0.0,0.0,0.0,0.0,0.0,0.0,0.0,0.0,0.0,0.0,0.0,199105.0,19376.0,54625.0,26192.0,120175.0,5012.0,29955.0,18255.0,28320.0,47082.0,43462.0,6363317.408347033,5822.829742871447,0.0,5822.829742871447,46.0,46,-0.6631226582407955,0.7485107481711007,2016.0,15505544.691917302,66306.62599963087,16.55670830447443,11.102060192178227,11.102060192178227,13.290518394280705
2016-11-21,us,505183.0,324744.0,160760.72912114754,1740041.638752334,216187.13976197076,243545.7603903667,435855.64124423446,604936.2481899261,556631.1952348282,0.0,42816.22810588613,2660571.5997487656,85960.0686321976,631329.22137154,708835.1875282932,753490.3520174026,482203.19203209574,25263709.2,114696.85272853477,0.0,0.0,0.0,0.0,0.0,0.0,0.0,0.0,0.0,0.0,0.0,0.0,80.11666667,3.0,0.92676594,5224283.0,26477.35468183894,0.0,0.0,0.0,0.0,0.0,0.0,0.0,0.0,0.0,0.0,0.0,0.0,0.0,0.0,0.0,1.0,0.0,0.0,179322.0,16811.0,43937.0,23310.0,103693.0,3376.0,24955.0,16406.0,21316.0,36340.0,35717.0,5365205.849436181,114696.85272853477,0.0,114696.85272853477,47.0,47,-0.5680647467311559,0.8229838658936564,2016.0,14563126.76344688,154480.8282065801,16.494003396580588,11.94783175161665,11.94783175161665,13.132677998331454
2016-11-28,us,563666.0,397774.0,169814.93155962153,1974295.129274075,285867.5234045984,287713.7993261444,532548.1922979822,640436.9169340134,681789.0919617956,0.0,46249.355653181505,3105114.8601860306,122687.53066642849,784902.4376418525,925766.4665121051,817866.2193541527,712437.6204653854,46610771.4,254008.13608016356,0.0,0.0,0.0,0.0,0.0,0.0,0.0,0.0,0.0,0.0,0.0,0.0,9.6,0.0,0.92676594,2060521.0,10667.387238476527,0.0,0.0,0.0,0.0,0.0,0.0,0.0,0.0,0.0,0.0,0.0,0.0,0.0,0.0,0.0,0.0,0.0,0.0,196487.0,19076.0,48474.0,24752.0,111151.0,4506.0,29138.0,22913.0,26686.0,40103.0,40380.0,6515024.490479136,254008.13608016356,0.0,254008.13608016356,48.0,48,-0.4647231720437684,0.88545602565321,2016.0,15140107.851204148,346079.7404630347,16.532857995591336,12.754427380756473,12.754427380756473,13.242218930578488
2016-12-05,us,542112.0,398007.0,155774.57992426882,1940457.443806441,314568.83760620124,297097.9997150348,507347.8537549735,494956.40540885925,621806.795820901,0.0,41862.79498002643,3034939.939875226,128966.56959085376,800191.4700170557,821294.8118552763,735383.5297570229,625584.8918189859,40926242.7,252859.7789631125,0.0,0.0,0.0,0.0,0.0,0.0,0.0,0.0,0.0,0.0,0.0,0.0,6.85,41.0,0.94851716,27554.0,391.51455142707357,0.0,0.0,0.0,0.0,0.0,0.0,0.0,0.0,0.0,0.0,0.0,0.0,0.0,0.0,0.0,0.0,0.0,0.0,191087.0,18403.0,48124.0,22950.0,110278.0,5201.0,29669.0,20953.0,24621.0,32605.0,38221.0,6188224.007894447,252859.7789631125,0.0,252859.7789631125,49.0,49,-0.35460488704253595,0.9350162426854147,2016.0,15170673.71488257,459231.868474947,16.534874827256054,13.037312699115278,13.037312699115278,13.203229745776243
2016-12-12,us,544014.0,361048.0,147043.81973589686,1900708.5158616782,309060.5732700792,282848.671464056,557964.3698553637,574412.2913150787,632893.4626417529,0.0,38958.27744793772,3000557.3305713325,131601.95118113022,763864.338737428,875150.7890351198,900975.959209919,616547.1389629764,55109946.6,347858.0565148656,0.0,0.0,104680243.0,88636.75564179532,0.0,0.0,0.0,0.0,0.0,0.0,0.0,0.0,12.35,4.0,0.94851716,18126.0,277.8463431332013,0.0,0.0,0.0,0.0,0.0,0.0,0.0,0.0,0.0,0.0,0.0,0.0,0.0,0.0,0.0,0.0,0.0,0.0,189736.0,17163.0,47565.0,22556.0,110304.0,5128.0,29239.0,21319.0,24649.0,38872.0,37483.0,6327655.785145843,347858.0565148656,0.0,347858.0565148656,50.0,50,-0.2393156642875578,0.970941817426052,2016.0,15323754.712297134,622284.9381236918,16.544914843165373,13.341154973682512,13.341154973682512,13.206732098987349
2016-12-19,us,511658.0,260241.0,151912.0855347406,1830229.1050575178,306506.7008066626,263116.84752538224,528661.302965082,592749.0035200119,604542.524128003,0.0,41887.445879108185,2897526.2698941706,118531.94393014228,689382.435480528,827512.4777077422,897172.1157317162,604408.3499037318,79855074.0,476232.81432135584,261.0,12.167000323534012,156955479.0,140592.9837584899,0.0,0.0,0.0,0.0,0.0,0.0,0.0,0.0,70.05,99.0,0.94851716,22235997.0,107104.70262674251,0.0,0.0,0.0,0.0,0.0,0.0,0.0,0.0,0.0,0.0,0.0,0.0,0.0,0.0,0.0,0.0,1.0,0.0,180216.0,15772.0,43431.0,21208.0,103431.0,4501.0,26334.0,21370.0,23144.0,37863.0,34388.0,6076421.0385271385,476244.98132167937,0.0,476244.98132167937,51.0,51,-0.12053668025532363,0.992708874098054,2016.0,15168742.859745862,848322.2499827116,16.53474754366065,13.65101703315655,13.65101703315655,13.145413666509713
2016-12-26,us,673550.0,326054.0,207827.92448153603,2868375.6099987254,432568.169687405,416205.4587178519,811954.2400261272,896765.8777685165,788178.9647671678,0.0,53380.47600854389,4280761.126829122,142918.1840488704,1025738.8235428331,1162365.6277559001,1289879.613732338,834423.4144749936,85604804.1,475061.83460249746,209.0,18.77700001001358,118748600.0,107170.7139543714,0.0,0.0,0.0,0.0,0.0,0.0,0.0,0.0,84.5,155.1,0.94851716,26280744.0,145326.81905892724,1.0,0.0,0.0,0.0,0.0,0.0,0.0,0.0,0.0,0.0,0.0,0.0,0.0,0.0,0.0,0.0,0.0,1.0,221022.0,20453.0,53551.0,26646.0,149519.0,6073.0,39676.0,27916.0,30938.0,53942.0,43815.0,8789467.2663926,475080.6116025075,0.0,475080.6116025075,52.0,52,-2.4492935982947064e-16,1.0,2016.0,17785107.570898384,983634.2436208782,16.693872067979086,13.799010419935685,13.799010419935685,13.420318995796386
2017-01-02,us,697256.0,503504.0,204682.63307534152,2852295.0811558487,533567.706663932,436652.9298235227,1055744.0305461031,960485.1160621643,866347.9433763206,0.0,55624.27623005471,4399081.238855272,163809.03744159278,1043700.0766788337,1539798.2400169033,1392817.4169511795,882960.6156464644,0.0,0.0,3651971.0,56997.45361328125,0.0,0.0,0.0,0.0,0.0,0.0,0.0,0.0,0.0,0.0,167.54,79.22,0.94027343,2831.0,19.7638906235818,0.0,0.0,0.0,0.0,0.0,0.0,0.0,0.0,0.0,0.0,0.0,0.0,0.0,0.0,0.0,0.0,0.0,0.0,238152.0,22793.0,50240.0,28132.0,143306.0,7409.0,38391.0,27332.0,39950.0,53139.0,48413.0,9477790.9018203,56997.45361328125,0.0,56997.45361328125,53.0,1,0.12053668025532306,0.992708874098054,2017.0,20042809.827233505,646667.9524006066,16.813381085185302,13.379589777005268,13.379589777005268,13.45490934488
2017-01-09,us,694709.0,509988.0,205070.21346004857,2730286.296454464,514966.3509654128,386014.0657772789,890152.794167636,942145.9055404663,945020.9728832509,0.0,54221.97956435708,4157158.9094180437,163487.73720160231,1019834.822635353,1490970.8377041225,1466881.267943859,972556.2243012185,0.0,0.0,9745796.0,63483.89990234375,0.0,0.0,0.0,0.0,0.0,0.0,0.0,0.0,0.0,0.0,192.9,123.97,0.94027343,3023.0,11.027141368961043,0.0,0.0,0.0,0.0,0.0,0.0,0.0,0.0,0.0,0.0,0.0,0.0,0.0,0.0,0.0,0.0,0.0,0.0,238797.0,23415.0,49762.0,27971.0,135727.0,7146.0,37873.0,30642.0,41330.0,53399.0,48647.0,9325111.778768556,63483.89990234375,0.0,63483.89990234375,54.0,2,0.23931566428755777,0.970941817426052,2017.0,21243918.37778728,451386.8701626937,16.8715812654592,13.020082271411024,13.020082271411024,13.45124977128012
2017-01-16,us,675464.0,531534.0,198484.33719076173,2649015.7396887643,551138.3924716746,379344.0553786884,955087.6803596941,844956.5304450989,905691.7423775458,0.0,54835.38002359253,3974041.5245572925,170329.27521647682,973216.9172855674,1549192.0363884214,1320590.7450766563,998685.7212315022,0.0,0.0,9838922.0,77896.0869140625,0.0,0.0,0.0,0.0,0.0,0.0,0.0,0.0,0.0,0.0,209.83,147.88,0.94027343,1654.0,3.521893236884522,0.0,1.0,0.0,0.0,0.0,0.0,0.0,0.0,0.0,0.0,0.0,0.0,0.0,0.0,0.0,0.0,0.0,0.0,233409.0,23653.0,46772.0,27514.0,129526.0,7268.0,37118.0,32093.0,42330.0,47914.0,47878.0,9040891.599779509,77896.0869140625,0.0,77896.0869140625,55.0,3,0.3546048870425356,0.9350162426854148,2017.0,21697127.77057181,346801.7423217538,16.89269049503613,12.756511431359433,12.756511431359433,13.423156621568523
2017-01-23,us,671714.0,535155.0,197622.09780570975,2637831.5723662423,584441.6774648142,368800.9330880013,922242.9152866616,767734.6222391129,832690.8153305848,0.0,68526.07886329759,4002038.80930929,196635.79118980534,943630.8826891319,1461910.9684676765,1175985.9377584457,904032.7365946294,0.0,0.0,109314.0,5106.335980333388,0.0,0.0,0.0,0.0,0.0,0.0,0.0,0.0,0.0,0.0,222.14,103.76,0.94027343,1052.0,1.9365069511044208,0.0,0.0,0.0,0.0,0.0,0.0,0.0,0.0,0.0,0.0,0.0,0.0,0.0,0.0,0.0,0.0,0.0,0.0,235292.0,23952.0,46223.0,27852.0,130451.0,8195.0,37452.0,27802.0,43092.0,44106.0,47324.0,8752761.204872277,5106.335980333388,0.0,5106.335980333388,56.0,4,0.46472317204376856,0.8854560256532099,2017.0,21661610.473469354,208921.02007848147,16.89105219536014,12.249716351651879,12.249716351651879,13.417589422403559
2017-01-30,us,680988.0,535208.0,199926.39573858108,2638205.093408475,617704.008655906,360259.53356811375,987981.2005392048,611202.6486911774,796645.4359356717,0.0,63932.903111367385,4181693.5409928854,223963.71396411725,900025.6707970323,1527462.9650333954,965069.7217833996,797127.6891103908,0.0,0.0,60150.0,844.0929523929954,0.0,0.0,0.0,0.0,0.0,0.0,0.0,0.0,0.0,0.0,149.18,241.79,0.94027343,1030.0,2.648084256639531,0.0,0.0,0.0,0.0,0.0,0.0,0.0,0.0,0.0,0.0,0.0,0.0,0.0,0.0,0.0,0.0,0.0,0.0,241868.0,24038.0,46767.0,28057.0,137959.0,8678.0,37798.0,24344.0,45908.0,36893.0,48677.0,8659276.204792589,844.0929523929954,0.0,844.0929523929954,57.0,5,0.5680647467311558,0.8229838658936564,2017.0,21552304.088321768,121949.63169445281,16.885993333449022,11.711371583576963,11.711371583576963,13.4313014322846
2017-02-06,us,718758.0,531684.0,220822.6481019911,2707031.282141823,666920.9911540188,401560.1154117584,1124414.5002561035,622737.4924688339,889817.5356260539,0.0,64893.56143090929,4303257.729083939,225894.7805737281,1047731.2258319855,1661674.2611796004,977834.7653512955,834299.254986079,0.0,0.0,114256.0,1498.0067706108093,0.0,0.0,0.0,0.0,49.8,491671.34670545,0.0,0.0,0.0,0.0,147.27,207.96,0.93924962,1454.0,4.352497391374071,0.0,0.0,0.0,0.0,0.0,0.0,0.0,0.0,0.0,0.0,0.0,0.0,0.0,0.0,0.0,0.0,0.0,0.0,252705.0,24751.0,52705.0,29723.0,146293.0,8720.0,41884.0,25867.0,48031.0,35651.0,52427.0,9115585.578437537,1498.0067706108093,491671.34670545,493169.3534760608,58.0,6,0.6631226582407952,0.7485107481711011,2017.0,21940687.71243836,560496.4529182197,16.903853403040575,13.236579977181117,13.236579977181117,13.485281392754432
2017-02-13,us,739006.0,540373.0,230870.88749690165,2824386.1682122457,582242.2435989736,436205.22887039185,1061302.3052193923,582358.4786520004,946980.0855157316,0.0,60431.299694668254,4468938.468091893,209392.7015426616,1150796.146112442,1513146.1270506852,892358.4669508934,970673.8229472474,0.0,0.0,14665.0,1437.606316536665,0.0,0.0,83.36,1698745.459874476,46.78,502341.457201055,0.0,0.0,0.0,0.0,157.78,136.35,0.93924962,2706.0,24.976847212335002,0.0,0.0,1.0,0.0,0.0,0.0,0.0,0.0,0.0,0.0,0.0,0.0,0.0,0.0,0.0,0.0,0.0,0.0,261322.0,24991.0,52051.0,31090.0,152540.0,8470.0,46724.0,28861.0,46839.0,32981.0,53069.0,9265737.03239049,1437.606316536665,2201086.917075531,2202524.5233920678,59.0,7,0.7485107481711011,0.6631226582407953,2017.0,22328089.119863037,2530823.308237524,16.921356090371763,14.744055621170618,14.744055621170618,13.513062672145288
2017-02-20,us,792890.0,595624.0,247683.1554587504,3004341.430034977,725631.044412469,462941.03743076324,1086878.8319048437,563318.3899021149,931876.3338067688,0.0,64217.91278651723,4929763.01487276,281120.3853545722,1215145.373497963,1566260.7603819072,805841.0219516754,1012629.2638905868,0.0,0.0,128744.0,98.65046977996826,0.0,0.0,105.01,2068715.2746802229,50.31,535772.87336293,0.0,0.0,0.0,0.0,156.17,170.81,0.93924962,2303.0,15.033065867948002,0.0,0.0,0.0,1.0,0.0,0.0,0.0,0.0,0.0,0.0,0.0,0.0,0.0,0.0,0.0,0.0,0.0,0.0,284284.0,27790.0,56797.0,33478.0,168572.0,10375.0,51647.0,30335.0,48969.0,27742.0,52867.0,9874977.73273598,98.65046977996826,2604488.148043153,2604586.798512933,60.0,8,0.8229838658936565,0.5680647467311558,2017.0,23124201.90613271,4115101.253490074,16.956390371844705,15.230174240749358,15.230174240749358,13.583441038458272
2017-02-27,us,855471.0,600939.0,258017.41656516836,3028564.0745549495,850696.007371045,464990.5078496933,1164772.994289573,1054305.77145195,854324.7003507327,0.0,73422.56178117146,5227316.21574459,381063.7338953102,1266837.9215574265,1788181.988681958,1516618.9135270119,986647.4707518129,0.0,0.0,1347710.0,5680.2570514678955,0.0,0.0,112.34,1967383.9537266751,55.85,562131.598998762,0.0,0.0,0.0,0.0,194.44,144.4,0.93924962,1761.0,4.617567347182524,0.0,0.0,0.0,0.0,0.0,0.0,0.0,0.0,0.0,0.0,0.0,0.0,0.0,0.0,0.0,0.0,0.0,0.0,295276.0,29482.0,63376.0,35755.0,176547.0,12652.0,51079.0,28569.0,54824.0,53014.0,54896.0,11240088.805939281,5680.2570514678955,2529515.552725437,2535195.809776905,61.0,9,0.8854560256532099,0.4647231720437686,2017.0,24955419.457185388,5003299.223520468,17.03260160935883,15.425608297368766,15.425608297368766,13.659408642380754
2017-03-06,us,907018.0,652182.0,269102.20554970414,3271001.2587686153,877904.1077188428,515404.2652988434,1149000.888146758,1166152.0669202805,886495.1555770648,0.0,71485.64656741417,5642095.851227829,416044.2064173091,1510063.7584791183,1743793.1897879103,1591934.9223246574,1091960.6971967688,588990.0,7520.080011248589,9782091.0,98965.1689453125,0.0,0.0,71.15,1594526.4438355998,41.78,414437.19050976,0.0,0.0,0.0,0.0,120.21,209.72,0.9353168,21386.0,108.38109987069375,0.0,0.0,0.0,0.0,0.0,0.0,0.0,0.0,0.0,0.0,0.0,0.0,0.0,0.0,0.0,0.0,0.0,0.0,308633.0,30978.0,66738.0,36793.0,187689.0,13652.0,57052.0,30911.0,56286.0,60046.0,58240.0,12067378.272001008,106485.24895656109,2008963.6343453599,2115448.883301921,62.0,10,0.9350162426854148,0.35460488704253557,2017.0,26884003.876858156,5116362.131674018,17.107042053475716,15.447954418769838,15.447954418769838,13.71791867705868
2017-03-13,us,904135.0,639594.0,263079.7693259006,3164969.1798515525,906526.15683073,509733.7437763214,1108217.00979185,1212940.5273046494,803788.57973867,0.0,63871.83352828165,5388532.900343324,396333.5452060864,1462688.141968727,1723587.2371380648,1644770.567764759,1057131.1065605404,642744.0,8276.559143066406,17922622.0,159529.072265625,0.0,0.0,70.97,2150605.06428944,35.56,331537.35010703997,0.0,0.0,0.0,0.0,69.38,254.06,0.9353168,44342.0,300.53989435352435,0.0,0.0,0.0,0.0,0.0,0.0,0.0,0.0,0.0,0.0,0.0,0.0,0.0,0.0,0.0,0.0,0.0,0.0,306131.0,33171.0,65711.0,35336.0,183558.0,13388.0,56991.0,29672.0,54760.0,64054.0,61362.0,11736915.332509782,167805.6314086914,2482142.4143964797,2649948.045805171,63.0,11,0.970941817426052,0.23931566428755782,2017.0,27715465.396772124,5718456.9696704,17.13750116901024,15.55920974128926,15.55920974128926,13.714735070536856
2017-03-20,us,873695.0,643129.0,252731.39411817637,3051572.371123492,995022.3532020051,491852.13074254995,1005240.3673333887,1225960.1272068024,793472.4711197942,0.0,60424.809100150545,5203989.438594143,390248.82747748675,1376045.1143460274,1537517.7993628827,1687573.1825335026,968529.1917185244,629903.0,8071.9327392578125,28826824.0,160350.783203125,0.0,0.0,74.05,2072523.8357427998,35.48,326037.406728,0.0,0.0,0.0,0.0,93.21,213.85,0.9353168,65090.0,297.84025224807567,0.0,0.0,0.0,0.0,0.0,0.0,0.0,0.0,0.0,0.0,0.0,0.0,0.0,0.0,0.0,0.0,0.0,0.0,299416.0,34619.0,62581.0,34307.0,175240.0,13468.0,53472.0,27634.0,48572.0,64142.0,60244.0,11224328.363132717,168422.7159423828,2398561.2424708,2566983.9584131828,64.0,12,0.992708874098054,0.120536680255323,2017.0,27706594.82355717,5997972.373379283,17.13718105918627,15.606932199031368,15.606932199031368,13.680487768045191
2017-03-27,us,901684.0,575592.0,266589.4133202283,3236423.583348023,1047253.3571265771,489832.0137748718,1027828.6186476691,1306390.6252212524,950332.1958066426,0.0,66566.7423207718,5449212.455522888,333476.0414354671,1343311.0457344055,1543340.3225100366,1834163.7334372997,1227985.4374541892,446960.0,5748.592498779297,25889766.0,154194.36185242236,0.0,0.0,2.43,0.0,37.55,355691.625872,0.0,0.0,0.0,0.0,167.69,139.77,0.9353168,31844.0,218.85818651348256,0.0,0.0,0.0,0.0,0.0,0.0,0.0,0.0,0.0,0.0,0.0,0.0,0.0,0.0,0.0,0.0,0.0,0.0,300562.0,33955.0,65753.0,36050.0,185291.0,13166.0,54819.0,26014.0,49745.0,73140.0,63189.0,11798055.778415058,159942.95435120165,355691.625872,515634.58022320166,65.0,13,1.0,6.123233995736766e-17,2017.0,28276570.08392947,4114403.8267304883,17.157544142841186,15.23000474657323,15.23000474657323,13.712020514105093
2017-04-03,us,919065.0,509481.0,300474.98082389205,3297390.2664349475,1012700.1527230726,497345.2856373787,963879.6646717926,1258264.8859128952,697050.6733889711,0.0,70995.22457834845,5610008.478119412,301055.8439121158,1404529.5535492897,1534074.6948090964,2025477.3309412003,757388.3896951344,0.0,0.0,11746872.0,0.47592000290751457,0.0,0.0,76.3,1306448.1635949835,33.925,314467.52806591854,0.0,0.0,0.0,0.0,122.19,167.93,0.93293473,18321.0,122.1056134643982,0.0,0.0,0.0,0.0,0.0,0.0,0.0,0.0,0.0,0.0,0.0,0.0,0.0,0.0,0.0,0.0,0.0,0.0,300329.0,32397.0,71363.0,40522.0,192878.0,13620.0,57006.0,22377.0,50275.0,78045.0,60253.0,11703529.515604597,0.47592000290751457,1620915.691660902,1620916.167580905,66.0,14,0.992708874098054,-0.12053668025532288,2017.0,28516364.732093148,4081275.112251117,17.16598871664215,15.221920270087756,15.221920270087756,13.731113215951694
2017-04-10,us,842582.0,606491.0,282947.8366364516,2960947.4661185374,861608.8800899233,417738.73168325424,837123.0930182883,1135672.4208555222,609622.2053416735,0.0,61166.5936761223,5081580.47869065,252212.0064718634,1213850.3501377106,1415559.264158524,1862638.2342797518,697920.4023884293,0.0,0.0,0.0,0.0,0.0,0.0,71.9,1367165.375046107,30.815,291335.084908413,0.0,0.0,0.0,0.0,80.3,183.39,0.93293473,22553.0,132.62712857512773,0.0,0.0,0.0,0.0,1.0,0.0,0.0,0.0,0.0,0.0,0.0,0.0,0.0,0.0,0.0,0.0,0.0,0.0,283152.0,31685.0,61176.0,37878.0,171133.0,11111.0,49322.0,20113.0,45711.0,73064.0,58237.0,10584927.329803051,0.0,1658500.45995452,1658500.45995452,67.0,15,0.9709418174260521,-0.2393156642875575,2017.0,27539117.367344983,4070271.573006373,17.131118037947168,15.21922052643094,15.21922052643094,13.644227452676715
2017-04-17,us,886587.0,648494.0,291500.5304007394,3218706.8202470974,907729.8908966797,460173.6302628517,888419.4887121901,1155051.9050016403,783727.5871763603,0.0,64236.07475315631,5638504.801267438,270041.1747730562,1377064.3755016327,1411525.9066054602,1945191.0107979774,843516.6099977408,0.0,0.0,0.0,0.0,0.0,0.0,68.6,1266804.7815261476,36.235,368371.330596906,0.0,0.0,0.0,0.0,110.02,133.35,0.93293473,123159.0,452.9595244191384,0.0,0.0,0.0,0.0,0.0,1.0,0.0,0.0,0.0,0.0,0.0,0.0,0.0,0.0,0.0,0.0,0.0,0.0,297029.0,33479.0,65417.0,39223.0,182011.0,12943.0,51768.0,23048.0,46436.0,74532.0,60700.0,11550079.953696461,0.0,1635176.1121230535,1635176.1121230535,68.0,16,0.9350162426854148,-0.3546048870425357,2017.0,27907688.66810798,4033591.9993251665,17.144412824161034,15.210168099824532,15.210168099824532,13.695135666349248
2017-04-24,us,901486.0,649031.0,291494.51126301143,3322693.955079715,884268.0752668529,460929.9633626938,1004946.2283838955,1163794.494559288,816986.6250436469,0.0,66721.9501993459,5822378.545510514,287292.68822714617,1378616.2535133362,1770869.4401708315,2031722.0981547832,900420.7771340896,781367.0,14348.48095703125,0.0,0.0,0.0,0.0,70.2,1271783.2011258467,36.415,356540.6453455665,0.0,0.0,0.0,0.0,169.22,171.76,0.93293473,275912.0,737.3896016103524,0.0,0.0,0.0,0.0,0.0,0.0,0.0,0.0,0.0,0.0,0.0,0.0,0.0,0.0,0.0,0.0,0.0,0.0,297961.0,33352.0,63640.0,39725.0,185810.0,13291.0,52457.0,24777.0,54502.0,75791.0,60180.0,12258021.752910046,14348.48095703125,1628323.8464714133,1642672.3274284445,69.0,17,0.8854560256532099,-0.4647231720437685,2017.0,28813844.623776067,4020245.972571202,17.17636658040808,15.206853894671077,15.206853894671077,13.711800901111106
2017-05-01,us,912983.0,631721.0,295026.079215772,3401400.84584508,943562.3014365034,464831.34602737427,1019885.8332367691,1034939.4342288971,868897.7035044851,0.0,70010.7519047727,5988239.241635277,298816.420893253,1396120.1617183685,1725520.5316589714,1819725.1899318697,946107.4497797759,1235080.0,22495.04638671875,0.0,0.0,0.0,0.0,64.13,1165363.447688925,30.36,295164.64162906,0.0,0.0,0.0,0.0,147.33,173.09,0.90491614,798865.0,2391.50921319599,0.0,0.0,0.0,0.0,0.0,0.0,1.0,1.0,0.0,0.0,0.0,0.0,0.0,0.0,0.0,0.0,0.0,0.0,306418.0,33986.0,66874.0,40855.0,193140.0,13820.0,51761.0,24826.0,57278.0,64700.0,59325.0,12244539.747522287,22495.04638671875,1460528.089317985,1483023.1357047039,70.0,18,0.8229838658936565,-0.5680647467311557,2017.0,29330160.905550875,3859639.3013316644,17.194126961073103,15.166084550915405,15.166084550915405,13.724473634779516
2017-05-08,us,888258.0,568253.0,275796.82579081226,3441200.2095974274,835232.2355330129,465316.44887018204,826454.9068111802,854704.075126648,822231.482801506,0.0,74556.80247740942,6259478.934021993,266683.17749208916,1429750.859290123,1357318.4500728874,1369852.8040981293,909569.1555270101,992763.0,17781.808471679688,0.0,0.0,0.0,0.0,70.9,1954537.7366680491,30.96,288296.644847109,0.0,0.0,0.0,0.0,88.42,137.81,0.90491614,1901262.0,8660.927368853945,0.0,0.0,0.0,0.0,0.0,0.0,0.0,0.0,0.0,0.0,0.0,0.0,0.0,0.0,0.0,0.0,0.0,0.0,305516.0,33838.0,67215.0,38011.0,195205.0,12428.0,51351.0,24920.0,49063.0,52227.0,58484.0,11667210.18297964,17781.808471679688,2242834.3815151583,2260616.189986838,71.0,19,0.7485107481711013,-0.663122658240795,2017.0,29068171.618478876,4531890.819416806,17.185154409137763,15.32665003046049,15.32665003046049,13.69701864611452
2017-05-15,us,972930.0,609211.0,298517.8845185113,3865156.921932569,915511.9258193352,476302.8706469536,987984.8082382515,1344590.1845312119,893930.587230742,0.0,75975.9439853383,7247007.934917947,283950.956505347,1439822.2851905823,1844517.1629868848,2007422.1851644516,1001394.386821338,104512212.0,542777.2758789062,0.0,0.0,0.0,0.0,79.09,1892963.4418546609,24.395,257585.64613359602,0.0,0.0,0.0,0.0,157.43,188.74,0.90491614,1350217.0,7472.214991410514,0.0,0.0,0.0,0.0,0.0,0.0,0.0,0.0,0.0,0.0,0.0,0.0,0.0,0.0,0.0,0.0,0.0,0.0,324611.0,34555.0,71071.0,39095.0,215445.0,13327.0,51906.0,27029.0,59772.0,71323.0,64796.0,13900090.855571888,542777.2758789062,2150549.087988257,2693326.363867163,72.0,20,0.6631226582407952,-0.7485107481711012,2017.0,31152468.2115795,5369345.382234304,17.25440406848568,15.496216742547064,15.496216742547064,13.788068443956762
2017-05-22,us,1006537.0,754619.0,320459.87490648206,4154322.837495685,1051692.3947358027,490885.8611216545,1041108.8354858258,1557696.5070295334,895091.8541519291,0.0,94912.42946026321,7674873.003474327,315321.0614872144,1531373.7223243713,2039623.2299980754,2106730.0246021748,1081147.539385279,167343491.0,919230.8671875,0.0,0.0,0.0,0.0,72.2,1972990.334136859,33.27,319539.91523417,0.0,0.0,0.0,0.0,186.0,153.25,0.90491614,3398689.0,24748.931257298485,0.0,0.0,0.0,0.0,0.0,0.0,0.0,0.0,1.0,0.0,0.0,0.0,0.0,0.0,0.0,0.0,0.0,0.0,332195.0,33021.0,75071.0,40111.0,224366.0,14648.0,53692.0,29140.0,63276.0,82202.0,58815.0,14843981.010731705,919230.8671875,2292530.249371029,3211761.116558529,73.0,21,0.5680647467311558,-0.8229838658936564,2017.0,33337299.90513622,6424707.664988151,17.32218747535517,15.675661843746774,15.675661843746774,13.822027277944429
2017-05-29,us,984671.0,752167.0,309173.5535103866,4102179.349267526,1061604.5696650448,516902.09580755234,1008556.2779787129,1553978.5784187317,841897.8568471879,0.0,91446.75206868118,7178611.09903237,305591.0904165458,1538835.7757987976,2073387.3897485337,2040461.6345381734,1048565.2018903865,197790135.0,1084421.8125,0.0,0.0,0.0,0.0,83.45,2537004.475060551,51.4,468406.76450943,0.0,0.0,0.0,0.0,198.43,149.47,0.90491614,3622520.0,22280.093549853515,0.0,0.0,0.0,0.0,0.0,0.0,0.0,0.0,0.0,0.0,1.0,1.0,0.0,0.0,0.0,0.0,0.0,0.0,330627.0,32946.0,67862.0,39797.0,220808.0,14217.0,54552.0,27911.0,60133.0,79538.0,56280.0,14276898.94349349,1084421.8125,3005411.239569981,4089833.052069981,74.0,22,0.4647231720437687,-0.8854560256532098,2017.0,34082704.5322664,7917432.483765595,17.344300644458226,15.884577656193313,15.884577656193313,13.800063869775247
2017-06-05,us,1064010.0,639334.0,314216.2614449599,4353954.070792345,910774.0217829563,584478.9586450653,1008968.5022891678,1900255.7521648407,893736.9961162133,0.0,83965.68099987588,7630510.565712889,292185.49799849757,1681217.9811354768,2103244.37188111,2435627.373881817,1145129.5011450541,115136731.0,643424.3774414062,0.0,0.0,0.0,0.0,80.07,1997057.3468700643,37.035,360543.38136328,0.0,0.0,0.0,0.0,207.14,148.7,0.89000752,1109478.0,3838.313442978211,0.0,0.0,0.0,0.0,0.0,0.0,0.0,0.0,0.0,1.0,0.0,0.0,0.0,0.0,0.0,0.0,0.0,0.0,344156.0,35928.0,72543.0,40621.0,237572.0,14393.0,61694.0,32058.0,64691.0,99252.0,61102.0,15371880.97275472,643424.3774414062,2357600.7282333444,3001025.1056747506,75.0,23,0.35460488704253584,-0.9350162426854147,2017.0,35643717.55909482,7723628.156848637,17.38908349179913,15.859794909576882,15.859794909576882,13.877556287176152
2017-06-12,us,1096841.0,790294.0,324315.8554698195,4570394.691163268,886572.2243551442,574952.3149819986,1139625.137720131,2033108.7869682312,944550.1727393889,0.0,86166.05202575368,8364754.90373811,292164.2363753845,1656298.2938290543,2353535.01787383,2670269.446642399,1155353.4544089506,4674929.0,47901.02294921875,5257420.0,34.002456586807966,0.0,0.0,73.67,1949541.936894936,33.69,331588.855715872,0.0,0.0,0.0,0.0,234.8,186.14,0.89000752,445882.0,1970.2717709729081,0.0,0.0,0.0,0.0,0.0,0.0,0.0,0.0,0.0,0.0,0.0,0.0,0.0,0.0,0.0,0.0,0.0,0.0,353925.0,35337.0,73822.0,41486.0,249603.0,14911.0,61221.0,32814.0,71772.0,102405.0,59545.0,16578541.404893484,47935.02540580556,2281130.7926108083,2329065.818016614,76.0,24,0.23931566428755768,-0.970941817426052,2017.0,37770774.9494353,6935778.032518401,17.44704623854527,15.752203938878289,15.752203938878289,13.907945699713705
2017-06-19,us,1168430.0,563689.0,347376.3781758572,4949048.579494364,1003724.0257641902,611925.1011113937,1306809.0941917899,2282364.6631679535,1054781.1220557876,0.0,95372.92363895982,8956245.12221174,336395.7366867169,1684889.9018411716,2584270.9269358655,3004401.497010708,1173060.3280928258,7451306.0,53306.953125,16461510.0,60.410345600757864,0.0,0.0,90.55,2261799.7847760324,56.03,534458.905339336,0.0,0.0,0.0,0.0,293.74,167.49,0.89000752,2020294.0,13684.464068443513,0.0,0.0,0.0,0.0,0.0,0.0,0.0,0.0,0.0,0.0,0.0,0.0,0.0,0.0,0.0,0.0,0.0,0.0,372774.0,38800.0,79121.0,43504.0,263686.0,16411.0,63537.0,32908.0,79532.0,117510.0,60647.0,17834636.43641799,53367.36347060076,2796258.6901153685,2849626.0535859694,77.0,25,0.12053668025532308,-0.992708874098054,2017.0,40291213.711433806,6983502.2858579485,17.511644005917166,15.759061252245207,15.759061252245207,13.971172381153341
2017-06-26,us,1222080.0,671868.0,362234.7659628748,5309759.037419929,1055220.6587711524,662457.8172385243,1383437.4812900159,2906206.652612686,1213985.1805715323,0.0,101536.3568513107,9798459.983097136,311223.6536140753,1799665.1320147824,2645580.7694081557,3650481.880961418,1149057.7893039512,28854807.0,149999.75903320312,9374637.0,0.02757987193763256,0.0,0.0,52.44,923032.3615390001,38.725,396786.089591216,0.0,0.0,0.0,0.0,354.58,151.36,0.89000752,2079460.0,12847.294388865806,0.0,0.0,0.0,0.0,0.0,0.0,0.0,0.0,0.0,0.0,0.0,0.0,0.0,0.0,0.0,0.0,0.0,0.0,377716.0,39529.0,78984.0,44620.0,278045.0,16446.0,69852.0,33683.0,86093.0,135727.0,61385.0,19456005.56525083,149999.78661307506,1319818.451130216,1469818.237743291,78.0,26,1.2246467991473532e-16,-1.0,2017.0,43425072.543385364,5635010.515387061,17.5865475636625,15.544509749000875,15.544509749000875,14.01606570129599
2017-07-03,us,1138322.0,817985.0,337042.8223224595,4982089.349523294,1021565.9604539801,660200.6160570299,1318271.2343661946,2578216.2288970947,998755.7040354836,0.0,77535.01075236718,9021194.770939637,281695.53627211007,1711302.9879263698,2364640.0830277037,2799395.3601694107,971960.4141067023,24590933.0,124787.6640625,1261114.0,0.0003206961846444756,0.0,0.0,68.96,833054.8385064745,44.54,414494.045835876,0.0,0.0,0.0,0.0,512.49,137.28,0.86752639,3144115.0,10435.357698944887,0.0,0.0,0.0,0.0,0.0,0.0,0.0,0.0,0.0,0.0,0.0,0.0,1.0,0.0,0.0,0.0,0.0,0.0,356648.0,38348.0,72135.0,40953.0,257868.0,16192.0,68865.0,29025.0,77847.0,116703.0,63738.0,17227724.1631943,124787.66438319618,1247548.8843423505,1372336.5487255468,79.0,27,-0.12053668025532327,-0.992708874098054,2017.0,43086803.36023857,4715373.186732175,17.57872734486088,15.36633883181959,15.36633883181959,13.945066684678887
2017-07-10,us,1204639.0,804335.0,366609.64479499514,5138684.014833895,1008328.708200862,708597.7252407816,1280368.5351226171,2694912.9695472717,1092529.054907422,0.0,74519.8350426042,9098133.099513985,273569.8217303947,1764034.0147358584,2166272.763497872,2992687.4774341583,1054168.1291413426,18091332.0,87195.7138671875,3641879.0,169.36431048822124,0.0,0.0,48.49,720550.849779951,33.95,337539.249884536,0.0,0.0,0.0,0.0,413.85,217.98,0.86752639,4431661.0,9552.981647530301,0.0,0.0,0.0,0.0,0.0,0.0,0.0,0.0,0.0,0.0,0.0,0.0,0.0,0.0,0.0,0.0,0.0,0.0,373932.0,38875.0,78333.0,43331.0,262628.0,17250.0,77879.0,31495.0,76543.0,135120.0,69253.0,17423385.141096212,87365.07817767572,1058090.099664487,1145455.1778421625,80.0,28,-0.23931566428755743,-0.9709418174260521,2017.0,43041999.00721463,3929441.5493417364,17.577686941307284,15.184008128833286,15.184008128833286,14.00169132508395
2017-07-17,us,1199431.0,866875.0,375185.425168775,5049954.425052631,1143369.6943535164,719333.1910316173,1311465.1738345516,2668619.737285614,1101056.4350437971,0.0,75905.500572395,8678599.981725786,308803.57663959695,1705267.285544883,2123404.277768091,3032518.610338211,1018850.0163354141,21345217.0,115561.865234375,3357415.0,199.84712553024292,0.0,0.0,53.1,837486.5970697895,34.23,348682.79986936395,0.0,0.0,0.0,0.0,416.69,188.84,0.86752639,3533198.0,12888.172320302441,0.0,0.0,0.0,0.0,0.0,0.0,0.0,0.0,0.0,0.0,0.0,0.0,0.0,0.0,0.0,0.0,0.0,0.0,367339.0,38645.0,77006.0,43180.0,259636.0,18270.0,80862.0,29626.0,76346.0,139987.0,68534.0,16943349.248924375,115761.71235990524,1186169.3969391536,1301931.1092990588,81.0,29,-0.3546048870425356,-0.9350162426854148,2017.0,42519226.77315994,3605650.7853086046,17.56546694977639,15.098013112721768,15.098013112721768,13.997358669367312
2017-07-24,us,1118204.0,873409.0,364347.6256069246,4587907.876468278,1131272.3164410135,724856.9902578202,1214323.4383745645,2255453.918188095,1103005.241929357,0.0,72088.37429412364,7634621.74508576,310660.7883999859,1688180.9755781954,1887914.7348831056,2494893.3443484306,840019.358607596,9772825.0,72565.57788085938,2314121.0,140.95046472549438,0.0,0.0,55.52,818254.534658838,36.045,357285.278305243,0.0,0.0,0.0,0.0,460.78,158.0,0.86752639,12104051.0,93443.06711378644,0.0,0.0,0.0,0.0,0.0,0.0,0.0,0.0,0.0,0.0,0.0,0.0,0.0,0.0,0.0,0.0,0.0,0.0,354420.0,38209.0,70850.0,41388.0,235688.0,18095.0,79185.0,23658.0,69435.0,121652.0,65624.0,14928379.321197197,72706.52834558487,1175539.8129640808,1248246.3413096657,82.0,30,-0.46472317204376806,-0.8854560256532101,2017.0,40200118.30613441,3342943.322178973,17.509380521399134,15.022362510216865,15.022362510216865,13.927235279036694
2017-07-31,us,1094483.0,923292.0,350119.33533657587,4124336.8094470194,1110910.8683432902,736545.2026811441,1194395.1082330546,2031056.7641143799,1027903.2329246491,0.0,69500.12004020924,6403633.073864669,304919.7403318827,1636541.2727343482,1769595.1436079042,2228619.024623394,863358.1629269879,14816358.0,96755.765625,1776345.0,97.82420444488525,0.0,0.0,44.83,736038.4080337455,38.65,372457.96785578696,0.0,0.0,0.0,0.0,368.1,137.28,0.86752639,29286600.0,168732.16965538324,0.0,0.0,0.0,0.0,0.0,0.0,0.0,0.0,0.0,0.0,0.0,0.0,0.0,0.0,0.0,0.0,0.0,0.0,353846.0,37935.0,68426.0,41227.0,220556.0,17414.0,81549.0,25715.0,68154.0,117796.0,61865.0,13276166.538129393,96853.58982944489,1108496.3758895325,1205349.9657189774,83.0,31,-0.5680647467311556,-0.8229838658936566,2017.0,37138048.949490696,3160710.261187431,17.430152607111634,14.966307642890046,14.966307642890046,13.90579357729092
2017-08-07,us,1050172.0,969939.0,332771.95613593864,3857796.9027683632,1156271.1899295293,718582.0799678379,1014706.7935703081,1671728.2275772095,887267.9530754588,0.0,69315.49620782422,5957595.603155152,314432.1240881072,1566923.4639140265,1494199.8945946982,1817988.7813642025,663339.4994341693,15648072.0,101801.69921875,81.0,0.0019241771660745144,0.0,0.0,45.67,741497.021875799,36.72,326781.500877802,0.0,0.0,0.0,0.0,328.87,29.88,0.84664693,26595882.0,154948.88686974352,0.0,0.0,0.0,0.0,0.0,0.0,0.0,0.0,0.0,0.0,0.0,0.0,0.0,0.0,0.0,0.0,0.0,0.0,345083.0,37114.0,65401.0,39485.0,215949.0,17946.0,81741.0,24125.0,59982.0,99347.0,63999.0,11883794.86275818,101801.70114292717,1068278.522753601,1170080.2238965281,84.0,32,-0.6631226582407953,-0.748510748171101,2017.0,33888168.398449376,3027387.018479049,17.33857652614466,14.923210765609387,14.923210765609387,13.864465470466715
2017-08-14,us,1013816.0,797769.0,312790.7885586248,3755175.0090031223,984069.4847908238,682280.2106635735,937406.480098279,1349613.7399549484,832324.1277410439,0.0,66423.21043368633,6134257.13340378,293940.56934778334,1515186.2205569579,1425795.8013106792,1514175.199329853,662150.5569603408,7410338.0,48842.811767578125,1247.0,0.05612183416087646,0.0,0.0,40.07,684496.432648856,28.08,254407.75068999798,0.0,0.0,0.0,0.0,257.24,96.51,0.84664693,22534562.0,164153.31787935965,0.0,0.0,0.0,0.0,0.0,0.0,0.0,0.0,0.0,0.0,0.0,0.0,0.0,0.0,0.0,0.0,0.0,0.0,338295.0,36259.0,64212.0,38298.0,216050.0,16611.0,79804.0,20688.0,57769.0,80543.0,65287.0,11611928.69134308,48842.867889412286,938904.183338854,987747.0512282663,85.0,33,-0.7485107481711009,-0.6631226582407955,2017.0,31645276.3232848,2756316.487179497,17.27009947972669,14.829406103022025,14.829406103022025,13.829232973473205
2017-08-21,us,947071.0,923322.0,293063.50507409056,3399690.825668012,901823.9266301595,609460.1329385967,855586.6557926264,1141035.946759224,779224.9635228099,0.0,61743.51562265341,5528056.705532915,273799.09525458224,1322055.2418067623,1327519.538018629,1310060.7299785614,554896.8760484392,22909460.0,146843.427734375,85.0,0.0003206961846444756,0.0,0.0,41.41,659175.5512516134,33.965,295203.26368266204,0.0,0.0,0.0,0.0,120.69,194.5,0.84664693,18671998.0,166601.5007103848,0.0,0.0,0.0,0.0,0.0,0.0,0.0,0.0,0.0,0.0,0.0,0.0,0.0,0.0,0.0,0.0,0.0,0.0,322857.0,35450.0,61581.0,36497.0,200937.0,15253.0,72585.0,18360.0,53194.0,68448.0,61909.0,10378131.702262543,146843.42805507118,954378.8149342755,1101222.2429893466,86.0,34,-0.8229838658936564,-0.5680647467311559,2017.0,29038511.31379858,2730324.8330049906,17.18413351774494,14.819931512788251,14.819931512788251,13.761130398845168
2017-08-28,us,929292.0,885640.0,293855.701346838,3370603.924414043,908037.1304529135,593499.1380186912,840946.7511469753,1015548.0028629303,742509.0751424283,0.0,59936.27682179217,5214425.853912484,287026.6565070858,1320815.7860273297,1331172.273962445,1128198.7229495049,478190.8250870382,67471506.0,620421.57421875,0.0,0.0,0.0,0.0,5.2,33808.4322057995,40.295,385565.382533404,0.0,0.0,0.0,0.0,107.09,226.72,0.84664693,19106594.0,167034.2174028713,0.0,0.0,0.0,0.0,0.0,0.0,0.0,0.0,0.0,0.0,0.0,1.0,0.0,0.0,0.0,0.0,0.0,0.0,318882.0,34420.0,62907.0,36485.0,200044.0,16040.0,71362.0,17265.0,52505.0,60689.0,58693.0,9819766.39526768,620421.57421875,419373.8147392035,1039795.3889579535,87.0,35,-0.88545602565321,-0.46472317204376834,2017.0,26953513.57206595,2654940.3045147057,17.109624257653852,14.791933104886384,14.791933104886384,13.742179360965679
2017-09-04,us,955105.0,747486.0,319640.24769537954,3123882.7812961848,954762.7631405093,574162.5735626823,755386.1554693847,1051103.101594925,765947.459700921,0.0,73255.21690483813,4252090.637994958,292528.52580421575,1339478.5651017926,1240074.9554523728,1151352.1875550747,495346.9643779378,36934217.0,512732.443359375,3998925.0,29016.690673828125,0.0,0.0,0.0,0.0,58.74,564972.8943952275,0.0,0.0,0.0,0.0,154.18,203.23,0.83948605,2591728.0,21736.27288114042,0.0,0.0,0.0,0.0,0.0,0.0,0.0,0.0,0.0,0.0,0.0,0.0,0.0,1.0,0.0,0.0,0.0,0.0,348845.0,29583.0,65230.0,40185.0,190361.0,16344.0,72776.0,18544.0,52980.0,62762.0,57495.0,8844127.05319119,541749.1340332031,564972.8943952275,1106722.0284284307,88.0,36,-0.9350162426854147,-0.3546048870425359,2017.0,24723589.231859285,2680446.9626973886,17.023268415924687,14.80149448877921,14.80149448877921,13.769577608067802
2017-09-11,us,826158.0,688364.0,269000.461153877,2530484.868562126,830433.235169773,460848.18220344855,717365.0736880733,863183.1356182098,657654.1989455229,0.0,73445.0936698705,3246860.0751657155,278548.6710936524,901933.5028695884,1093923.0600182978,874867.6996638775,440707.8116793441,106262164.0,1472684.625,19766475.0,226434.7470703125,0.0,0.0,0.0,0.0,54.355,571277.9383223575,0.0,0.0,0.0,0.0,110.5,184.98,0.83948605,293901.0,2620.090551980962,0.0,0.0,0.0,0.0,0.0,0.0,0.0,0.0,0.0,0.0,0.0,0.0,0.0,0.0,0.0,0.0,0.0,0.0,305523.0,29008.0,63702.0,33416.0,153021.0,14618.0,57349.0,16835.0,46511.0,50758.0,55417.0,6910285.914160347,1699119.3720703125,571277.9383223575,2270397.31039267,89.0,37,-0.970941817426052,-0.23931566428755774,2017.0,21459856.2483551,3856798.044790338,16.88169464315752,15.165348134404555,15.165348134404555,13.624542527925264
2017-09-18,us,791689.0,623697.0,246763.95909010497,2136610.6944620083,719562.5357590552,474421.55023989384,630744.37177231,727875.7526540756,678982.2952964967,0.0,118738.1571106658,2749604.450270495,251796.53179541192,971366.6307450911,909186.4324900472,731186.8710038662,455875.60111739644,36892691.0,689261.73046875,6944240.0,93041.583984375,0.0,0.0,0.0,0.0,58.48,616476.4548945925,0.0,0.0,0.0,0.0,97.28,99.94,0.83948605,253434.0,1854.2861569952536,0.0,0.0,0.0,0.0,0.0,0.0,0.0,0.0,0.0,0.0,0.0,0.0,0.0,0.0,0.0,0.0,0.0,0.0,305944.0,28436.0,63245.0,32372.0,134542.0,13169.0,58905.0,16525.0,39886.0,44367.0,54298.0,6187754.674532974,782303.314453125,616476.4548945925,1398779.7693477175,90.0,38,-0.992708874098054,-0.12053668025532357,2017.0,18812928.97592652,3691892.850953869,16.75005495607538,15.121650123095641,15.121650123095641,13.58192518003264
2017-09-25,us,775676.0,828376.0,239502.5519591696,2125149.8848878993,662637.9174617432,395220.31143700465,579114.6067169278,637196.5224494934,650246.0366749192,0.0,133031.91139888534,2758838.2820176133,206280.09621884977,713500.7607229404,855981.0661565246,644825.5923805237,377717.4235208376,26786841.0,919909.4453125,0.0,0.0,0.0,0.0,0.0,0.0,54.32,598482.53313017,0.0,0.0,0.0,0.0,102.56,57.98,0.83948605,993460.0,3069.462025905239,0.0,0.0,0.0,0.0,0.0,0.0,0.0,0.0,0.0,0.0,0.0,0.0,0.0,0.0,0.0,0.0,0.0,0.0,307342.0,29472.0,63380.0,32073.0,134738.0,11729.0,51538.0,14380.0,37384.0,39157.0,54482.0,5690175.132416176,919909.4453125,598482.53313017,1518391.9784426698,91.0,39,-1.0,-1.8369701987210297e-16,2017.0,16754943.900611019,3713282.4381347806,16.634203990614033,15.127427066937015,15.127427066937015,13.56149147540124
2017-10-02,us,771066.0,796012.0,242235.82377130238,2308014.256811399,683326.1460049893,500801.9809860716,560361.2752765431,606103.5811281204,678385.2346153101,0.0,87376.38259024611,3003631.1927092727,196139.7918577645,1086742.5053169276,800295.0555862047,607053.0410296917,399390.15775931336,21502288.0,211613.05078125,0.0,0.0,0.0,0.0,0.0,0.0,54.195,603136.6151221499,0.0,0.0,0.0,0.0,67.3,76.31,0.850687,273824.0,1723.048182196921,0.0,0.0,0.0,0.0,0.0,0.0,0.0,0.0,0.0,0.0,0.0,0.0,0.0,0.0,1.0,0.0,0.0,0.0,295577.0,28901.0,60076.0,31218.0,142938.0,11167.0,61758.0,14501.0,36233.0,36385.0,52312.0,6180628.12684942,211613.05078125,603136.6151221499,814749.6659033999,92.0,40,-0.992708874098054,0.1205366802553232,2017.0,16033992.347293967,3023066.2741308664,16.59022161067251,14.921782527609533,14.921782527609533,13.55553054889957
2017-10-09,us,757229.0,732724.0,239273.87461794092,2074024.7745668304,664963.9443327946,507217.0006111367,555714.6225279488,558309.3491811752,642921.7162465546,0.0,89191.1296756385,2672186.6181173585,198882.0406023266,1115786.2497061167,815490.8979103379,552009.5435348749,397468.77315471345,29154935.0,262431.9140625,0.0,0.0,0.0,0.0,0.0,0.0,54.945,580867.798714,0.0,0.0,0.0,0.0,66.01,79.63,0.850687,44360.0,1488.2073546711547,0.0,0.0,0.0,0.0,0.0,0.0,0.0,0.0,0.0,0.0,0.0,0.0,0.0,0.0,0.0,0.0,0.0,0.0,293295.0,28811.0,60089.0,31423.0,128680.0,10638.0,63604.0,15415.0,35817.0,32505.0,56952.0,5841015.252701366,262431.9140625,580867.798714,843299.7127765,93.0,41,-0.9709418174260521,0.23931566428755738,2017.0,15266374.848869357,2640549.1197430617,16.54116331103417,14.786497832105228,14.786497832105228,13.537422317183815
2017-10-16,us,751342.0,628231.0,216615.0444497644,1937217.10025382,670839.1525421811,470986.1821594304,592043.7122585189,558520.089471817,606590.1758660169,0.0,54387.19032940565,2439735.972905912,199324.4966289665,991700.3634629047,861122.6796521185,549399.7896777093,384317.2461131288,24454879.0,238355.73828125,0.0,0.0,0.0,0.0,0.0,0.0,50.625,558942.4471821,0.0,0.0,0.0,0.0,151.21,38.67,0.850687,49663.0,1764.4033485837792,0.0,0.0,0.0,0.0,0.0,0.0,0.0,0.0,0.0,0.0,0.0,0.0,0.0,0.0,0.0,0.0,0.0,0.0,297056.0,25998.0,60200.0,30497.0,124009.0,10681.0,60247.0,15944.0,37747.0,35262.0,53701.0,5479987.738770145,238355.73828125,558942.4471821,797298.18546335,94.0,42,-0.9350162426854148,0.35460488704253557,2017.0,14465499.887519486,2363131.352320379,16.487277123343457,14.675498564892688,14.675498564892688,13.529617550846954
2017-10-23,us,727520.0,786997.0,204707.36453210277,1804821.1929854725,607453.9993310018,458418.0320338825,599156.5720696897,375889.36454868317,561803.8334997419,0.0,45487.782229246106,2177159.2914411942,186839.01853087894,1013690.150593415,850513.5024015895,453877.0493874997,341620.0322744781,24638915.0,241028.552734375,0.0,0.0,0.0,0.0,0.0,0.0,50.69,540881.256279,0.0,0.0,0.0,0.0,211.47,44.94,0.850687,4737778.0,46429.388123386656,0.0,0.0,0.0,0.0,0.0,0.0,0.0,0.0,0.0,0.0,0.0,0.0,0.0,0.0,0.0,0.0,0.0,0.0,294921.0,26655.0,58424.0,29444.0,114431.0,9900.0,61492.0,14747.0,36136.0,27781.0,53589.0,5069186.826858301,241028.552734375,540881.256279,781909.809013375,95.0,43,-0.8854560256532101,0.464723172043768,2017.0,13583552.391832452,2182324.050685402,16.42437030947751,14.595901403430398,14.595901403430398,13.497398143590551
2017-10-30,us,698431.0,739015.0,197442.16120229725,1613344.4216599446,542859.2741361626,409642.78940755466,547776.8442327548,440082.50423145294,551642.147143625,0.0,56452.84263441474,1967465.1177656255,162028.83613157127,947259.6008078258,784811.0709103802,610075.6985676587,316330.8028134538,16357789.0,151581.40234375,0.0,0.0,0.0,0.0,0.0,0.0,45.74,493805.59879819996,0.0,0.0,0.0,0.0,109.47,38.51,0.850687,17868103.0,137672.04871645002,0.0,0.0,0.0,0.0,0.0,0.0,0.0,0.0,0.0,0.0,0.0,0.0,0.0,0.0,0.0,0.0,0.0,0.0,284848.0,25811.0,56328.0,28629.0,104266.0,8494.0,57989.0,13876.0,33833.0,33708.0,50649.0,4844423.969630931,151581.40234375,493805.59879819996,645387.00114195,96.0,44,-0.8229838658936566,0.5680647467311556,2017.0,12846008.031684674,1936192.7512881828,16.36854373987332,14.476234619955898,14.476234619955898,13.456593101472762
2017-11-06,us,726074.0,736212.0,207601.50269823452,1796820.1111851407,542151.5187643104,428467.1833909821,620483.4504413706,362350.30121326447,550726.6697356416,0.0,72410.26453757535,2171548.128974048,163873.1511078981,966795.5618748068,909559.9956716329,467166.2633302212,306289.5871395372,15295160.0,137668.220703125,0.0,0.0,0.0,0.0,0.0,0.0,40.15,403119.181160803,0.0,0.0,0.0,0.0,112.64,33.17,0.85209442,18369520.0,178739.5131032895,0.0,0.0,0.0,0.0,0.0,0.0,0.0,0.0,0.0,0.0,0.0,0.0,0.0,0.0,0.0,0.0,0.0,0.0,291259.0,26545.0,59253.0,29622.0,114835.0,8638.0,61709.0,13487.0,37868.0,27463.0,55395.0,5057642.9526357185,137668.220703125,403119.181160803,540787.401863928,97.0,45,-0.7485107481711011,0.6631226582407952,2017.0,12649181.50378654,1664369.0961479126,16.353103146842972,14.324957289183493,14.324957289183493,13.495408594256382
2017-11-13,us,707507.0,727047.0,199613.42625562716,1860534.6055836799,600007.4956119285,393552.2509138436,579776.2973010931,344836.3339357376,529929.627618935,0.0,60782.649724663024,2250191.3033553236,168096.78813043033,883673.1246404047,762859.9521656726,429081.4381752014,298443.7539395406,9338698.0,93052.982421875,453792.0,7147.95947265625,0.0,0.0,0.0,0.0,37.64,391485.067392612,0.0,0.0,0.0,0.0,60.26,36.46,0.85209442,13704659.0,143452.14798675678,0.0,0.0,0.0,0.0,0.0,0.0,0.0,0.0,0.0,0.0,0.0,0.0,0.0,0.0,0.0,0.0,0.0,0.0,283674.0,25553.0,59535.0,29190.0,115652.0,8984.0,58937.0,13493.0,35380.0,24761.0,52348.0,4853129.010131236,100200.94189453125,391485.067392612,491686.00928714324,98.0,46,-0.6631226582407955,0.7485107481711007,2017.0,12338707.394848956,1466813.3381651635,16.32825190279883,14.198603490264585,14.198603490264585,13.469504215856096
2017-11-20,us,626615.0,649758.0,174962.70706649407,1711867.915553614,497900.7688267962,353659.5136729683,488623.1587446264,398789.3323087692,430509.7685061848,0.0,51136.6019426248,2079837.3154924845,135728.21331641698,768563.4529513016,620990.7952220846,470032.99819779396,251882.87419560214,8641739.0,127616.2333984375,772775.0,13186.73583984375,0.0,0.0,0.0,0.0,45.385,414801.097425956,0.0,0.0,0.0,0.0,36.91,16.6,0.85209442,3014243.0,35480.80476536392,0.0,0.0,0.0,0.0,0.0,0.0,0.0,0.0,0.0,0.0,0.0,0.0,0.0,0.0,0.0,1.0,0.0,0.0,249797.0,24606.0,52448.0,25387.0,101396.0,6770.0,53090.0,10999.0,28355.0,29265.0,44502.0,4378172.251318309,140802.96923828125,414801.097425956,555604.0666642373,99.0,47,-0.5680647467311559,0.8229838658936564,2017.0,11685823.596275598,1410188.9149506958,16.273887092252192,14.159234944738666,14.159234944738666,13.348089191805569
2017-11-27,us,687147.0,720445.0,188190.9913445606,1974689.724637606,497543.8313811645,393821.00382819405,512280.75649440463,493670.53069782257,458385.1821533077,0.0,55951.952803976885,2614369.07071486,147833.21666140133,926029.291623138,672475.8000995277,591107.6149725914,264678.9404081007,12194090.0,61817.6083984375,5231522.0,92404.16015625,0.0,0.0,0.0,0.0,39.96,402305.814432192,0.0,0.0,0.0,0.0,1.32,25.31,0.85209442,3544283.0,39713.46130541435,0.0,0.0,0.0,0.0,0.0,0.0,0.0,0.0,0.0,0.0,0.0,0.0,0.0,0.0,0.0,0.0,0.0,0.0,271270.0,25183.0,55382.0,27508.0,112905.0,7664.0,58682.0,12041.0,30071.0,36271.0,50170.0,5272445.887283596,154221.7685546875,402305.814432192,556527.5829868795,100.0,48,-0.4647231720437684,0.88545602565321,2017.0,12180129.226129893,1388956.2662088366,16.31531651198935,14.144063855394833,14.144063855394833,13.440304977406107
2017-12-04,us,681297.0,682388.0,188096.3509285485,1996630.0868550404,525236.611063883,384456.4300733648,488902.61808917095,552611.7640390396,432034.54955877934,0.0,55288.92908720228,2636904.647560699,148361.4389404673,941618.2960288711,656705.152118399,668897.8052930832,255344.6283175874,3143689.0,20405.994384765625,1694301.0,33430.633056640625,0.0,0.0,0.0,0.0,43.295,410414.746373695,0.0,0.0,0.0,0.0,19.47,24.76,0.84531706,3558645.0,39452.43249215688,0.0,0.0,0.0,0.0,0.0,0.0,0.0,0.0,0.0,0.0,0.0,0.0,0.0,0.0,0.0,0.0,0.0,0.0,264447.0,23914.0,54668.0,27162.0,117633.0,7720.0,57967.0,11612.0,27751.0,41160.0,47263.0,5363120.897346308,53836.62744140625,410414.746373695,464251.3738151012,101.0,49,-0.35460488704253595,0.9350162426854147,2017.0,12573091.806277432,1283460.9366366551,16.347069596942923,14.065071622941359,14.065071622941359,13.431755081193089
2017-12-11,us,660450.0,666285.0,179926.5801616004,1917289.0843298943,515815.501473279,363212.9261688288,444149.55488899566,554729.5505342484,403167.7129441156,0.0,49580.52869508486,2432504.052584318,150415.78315190645,911460.305746192,599680.8489903378,685066.8440696001,237964.20118981975,2926355.0,22020.567138671875,2809529.0,53829.591552734375,0.0,0.0,0.0,0.0,52.61,554562.691625313,0.0,0.0,0.0,0.0,15.9,20.27,0.84531706,3524799.0,41804.23664409584,0.0,0.0,0.0,0.0,0.0,0.0,0.0,0.0,0.0,0.0,0.0,0.0,0.0,0.0,0.0,0.0,0.0,0.0,257435.0,22151.0,55841.0,25827.0,112169.0,7628.0,55289.0,10868.0,27003.0,40998.0,45242.0,5066672.564427259,75850.15869140625,554562.691625313,630412.8503167193,102.0,50,-0.2393156642875578,0.970941817426052,2017.0,12518484.897335296,1387097.8644079603,16.342716981605406,14.142724976070317,14.142724976070317,13.400678213970025
2017-12-18,us,653057.0,698563.0,178720.3228043322,1900922.457273915,503427.0844798387,382943.59092682734,454225.32380065136,558701.9908466339,405852.6937237292,0.0,45134.22831769313,2407573.828712327,148929.43764111618,962067.3526890523,601304.4466348045,698805.4217426777,223990.4273691973,4222871.0,26672.662109375,4444472.0,79966.322265625,0.0,0.0,0.0,0.0,56.285,551085.057240473,0.0,0.0,0.0,0.0,159.05,88.19,0.84531706,5575526.0,57017.52217288577,0.0,0.0,0.0,0.0,0.0,0.0,0.0,0.0,0.0,0.0,0.0,0.0,0.0,0.0,0.0,0.0,0.0,0.0,254682.0,22661.0,51274.0,25714.0,112042.0,7790.0,58382.0,10453.0,27322.0,41529.0,41208.0,5087805.1431068685,106638.984375,551085.057240473,657724.041615473,103.0,51,-0.12053668025532363,0.992708874098054,2017.0,12513753.208494242,1476849.6780024911,16.342338934025374,14.20542245823247,14.20542245823247,13.389421225141184
2017-12-25,us,799232.0,764156.0,229823.0100803205,2767221.5405471656,686159.2532238533,543971.1670588488,734512.6475248614,904192.7372999191,530519.425150585,0.0,54363.145622966884,3536042.841197137,176097.8877596228,1329489.7677743244,921725.6939427716,1207820.1903824806,294808.6186104706,4022785.0,26774.0263671875,5889537.0,99143.787109375,0.0,0.0,0.0,0.0,68.71,515580.85313755996,0.0,0.0,0.0,0.0,298.16,136.75,0.84531706,5076994.0,35494.27298055701,0.0,0.0,0.0,0.0,0.0,0.0,0.0,0.0,0.0,0.0,0.0,0.0,0.0,0.0,0.0,0.0,1.0,1.0,292485.0,25435.0,57581.0,29034.0,153188.0,9287.0,75175.0,12004.0,36922.0,61506.0,46615.0,7520348.145289773,125917.8134765625,515580.85313755996,641498.6666141225,104.0,52,-2.4492935982947064e-16,1.0,2017.0,14947232.350284562,1516768.4500825168,16.520036780493587,14.232093269247965,14.232093269247965,13.59140779675531
2018-01-01,us,851637.0,833322.0,239176.3935875912,2777778.399329852,976086.9123999905,545663.7088097275,872023.7117791283,1028943.4105119705,632638.7980073884,0.0,58767.89458083528,3578438.203534778,238292.72749150984,1290677.1328343302,1043059.1666427047,1377529.3948645592,340183.59830644226,5571160.0,53290.197265625,6143144.0,143686.0209350586,0.0,0.0,0.0,0.0,92.985,720311.2511382945,0.0,17554.9574214,0.0,0.0,249.01,116.93,0.81955917,455897.0,5653.120083000004,1.0,0.0,0.0,0.0,0.0,0.0,0.0,0.0,0.0,0.0,0.0,0.0,0.0,0.0,0.0,0.0,0.0,0.0,317317.0,27957.0,55497.0,31097.0,147670.0,11866.0,74818.0,12437.0,39816.0,70735.0,62427.0,7926948.11825516,196976.2182006836,737866.2085596945,934842.4267603781,105.0,1,0.12053668025532306,0.992708874098054,2018.0,16810338.548170555,1835820.345082197,16.637504704358108,14.423002538827868,14.423002538827868,13.654916832894145
2018-01-08,us,873486.0,857514.0,251374.7982467316,2822943.8343075383,921176.4478425262,542343.7819304259,802655.7502934694,958045.3579244614,628587.7720521047,0.0,70698.23606994195,3771670.097759066,253717.6188445573,1358327.8072978575,958027.5190629188,1262536.1956698895,358428.43406617176,33781696.0,218056.1630859375,9011363.0,117458.06726074219,0.0,0.0,0.0,0.0,78.025,692543.7668995245,0.0,17554.9574214,0.0,0.0,212.395,90.6,0.81955917,455432.0,6974.93445177473,0.0,0.0,0.0,0.0,0.0,0.0,0.0,0.0,0.0,0.0,0.0,0.0,0.0,0.0,0.0,0.0,0.0,0.0,329500.0,30163.0,57675.0,33308.0,151060.0,12367.0,76459.0,13603.0,39367.0,65696.0,64287.0,8033405.908770403,335514.2303466797,710098.7243209245,1045612.9546676042,106.0,2,0.23931566428755777,0.970941817426052,2018.0,18038095.10631793,2138846.724835174,16.7079965296855,14.575777795645044,14.575777795645044,13.68024852578952
2018-01-15,us,833049.0,808991.0,245274.16786110587,2811693.836222672,800428.3709716325,516652.35361469485,809511.4687645743,820632.3975801468,640134.432122939,0.0,84539.01049734832,3912388.125117529,210399.63433800996,1355167.534432415,963959.2690994637,1067526.9749343693,351235.66291690595,41198756.0,260562.49609375,10150919.0,139116.64453125,0.0,0.0,0.0,0.0,76.47,677963.3994856395,0.0,17554.9574214,0.0,0.0,203.41,93.35,0.81955917,323894.0,8100.389755524373,0.0,1.0,0.0,0.0,0.0,0.0,0.0,0.0,0.0,0.0,0.0,0.0,0.0,0.0,0.0,0.0,0.0,0.0,323212.0,28112.0,54122.0,32790.0,147244.0,9976.0,71581.0,13052.0,38410.0,52625.0,61925.0,7945216.211336042,399679.140625,695518.3569070395,1095197.4975320394,107.0,3,0.3546048870425356,0.9350162426854148,2018.0,18694536.793486096,2369173.5176328006,16.74374194255127,14.678052147642823,14.678052147642823,13.632848943357216
2018-01-22,us,838349.0,799058.0,246829.87471907682,2862633.8831459773,775385.1050566231,519728.17218274664,813344.618360599,790820.0623254776,616401.4894781983,0.0,102410.17170286256,4054823.4988434315,221653.72685670416,1379962.690697515,969285.4297424253,1013667.9169335365,335310.16037459584,33918205.0,237631.37890625,10633178.0,145023.724609375,0.0,0.0,0.0,0.0,79.135,716875.4951858205,0.0,17554.9574214,0.0,0.0,176.965,110.095,0.81955917,2649270.0,39087.49518770464,0.0,0.0,0.0,0.0,0.0,0.0,0.0,0.0,0.0,0.0,0.0,0.0,0.0,0.0,0.0,0.0,0.0,0.0,329859.0,29564.0,54654.0,33158.0,148093.0,11309.0,70550.0,12966.0,39264.0,47404.0,61528.0,8077113.5951510705,382655.103515625,734430.4526072205,1117085.5561228455,108.0,4,0.46472317204376856,0.8854560256532099,2018.0,19205278.82652857,2529242.140374265,16.770695790159955,14.743430661945952,14.743430661945952,13.639190953365954
2018-01-29,us,829966.0,856838.0,253092.35389745966,2530382.5316468044,699897.0693715288,494849.6700857685,796885.4782411249,824453.090888977,596801.4576859673,0.0,109165.27006999592,3661285.775359157,203023.85731517113,1343808.4517704004,964825.6975431709,1053163.3354234695,319164.6664054305,23743633.0,175155.123046875,9603761.0,125940.970703125,0.0,0.0,0.0,0.0,74.14,718447.0818502125,0.0,18341.7342246,0.0,0.0,213.405,123.205,0.81955917,11558641.0,101310.13307744745,0.0,0.0,0.0,0.0,0.0,0.0,0.0,0.0,0.0,0.0,0.0,0.0,0.0,0.0,0.0,0.0,0.0,0.0,333495.0,28595.0,57487.0,33691.0,135057.0,10203.0,68282.0,12631.0,40064.0,50041.0,60420.0,7654437.053886795,301096.09375,736788.8160748126,1037884.9098248126,109.0,5,0.5680647467311558,0.8229838658936564,2018.0,19087524.513112765,2547632.553694553,16.764545565147962,14.750675468100164,14.750675468100164,13.629141219946225
2018-02-05,us,867606.0,761025.0,266153.6854194138,2911157.136503938,563295.4230342142,534304.3163222332,715834.3129244944,855199.561548233,593221.0718482517,0.0,126860.35935658701,4435130.097221662,169636.52008749993,1424126.6025155266,840652.4619530215,1076732.333222866,346903.16621463414,33494545.0,227955.40625,10801334.0,140825.623046875,0.0,0.0,0.0,0.0,74.64,728574.583072323,0.0,18722.104401,0.0,0.0,278.485,163.46,0.81048071,10068498.0,98156.78589241343,0.0,0.0,0.0,0.0,0.0,0.0,0.0,0.0,0.0,0.0,0.0,0.0,0.0,0.0,0.0,0.0,0.0,0.0,346404.0,27893.0,57701.0,34546.0,155530.0,9988.0,71198.0,12981.0,38967.0,51155.0,61243.0,8420041.540571798,368781.029296875,747296.687473323,1116077.716770198,110.0,6,0.6631226582407952,0.7485107481711011,2018.0,19787455.605379727,2634068.733886954,16.80055879013702,14.784040635455403,14.784040635455403,13.673494126136518
2018-02-12,us,916800.0,808221.0,275054.7280534393,3243503.34342964,440815.7653997659,565605.260337194,773847.6582810838,888967.5136756897,611264.49189857,0.0,132233.26751486052,4972752.158018958,130489.8423851035,1449714.800126335,911881.3103753382,1115671.7105001211,370021.8694358837,35009062.0,224961.654296875,18280648.0,303570.5234375,0.0,0.0,0.0,0.0,65.02,689529.999060357,0.0,18722.104401,0.0,0.0,255.805,137.23,0.81048071,11288271.0,95048.44566104609,0.0,0.0,1.0,0.0,0.0,0.0,0.0,0.0,0.0,0.0,0.0,0.0,0.0,0.0,0.0,0.0,0.0,0.0,353520.0,28269.0,62031.0,35603.0,172432.0,10190.0,77722.0,14562.0,42925.0,54934.0,64612.0,9082764.9583566,528532.177734375,708252.103461357,1236784.2811957318,111.0,7,0.7485107481711011,0.6631226582407953,2018.0,20869782.73235199,2806178.2832890837,16.85381291639078,14.847334430436371,14.847334430436371,13.728645715692453
2018-02-19,us,990384.0,809158.0,296809.60016339534,3609039.888833121,462082.9300837278,579440.7370081968,787029.6619929763,1042549.2048501968,626861.9542816738,0.0,125330.11330149727,5572913.642452699,141759.50801968848,1468000.5108010808,927176.6580338627,1343631.074486941,412067.64612895367,22822502.0,153282.15234375,11317138.0,191648.595703125,0.0,0.0,0.0,0.0,70.485,734648.6902293825,0.0,18722.104401,0.0,0.0,319.59,186.21,0.81048071,7861404.0,76954.37446338891,0.0,0.0,0.0,1.0,0.0,0.0,0.0,0.0,0.0,0.0,0.0,0.0,0.0,0.0,0.0,0.0,0.0,0.0,379136.0,30174.0,65411.0,38965.0,192158.0,12023.0,79266.0,15166.0,44903.0,65606.0,67576.0,9990879.153224722,344930.748046875,753370.7946303824,1098301.5426772574,112.0,8,0.8229838658936565,0.5680647467311558,2018.0,22386435.821931925,2771233.7984064706,16.92396583441581,14.834803554433101,14.834803554433101,13.805849035401977
2018-02-26,us,1027164.0,789497.0,313398.56885320466,3522807.273070076,476171.8813884186,601792.3555608805,709654.5421979476,1111680.3367643356,682976.2466015087,0.0,115098.33008511338,4796429.178174307,155907.21767530765,1530873.406617411,803142.0445687157,1438599.5120788068,539181.5359557424,12065767.0,77267.86279296875,9807073.0,163376.888671875,486211.0,4823.89404296875,0.0,0.0,80.055,787425.289434914,0.0,8023.759029,0.0,0.0,294.08,163.285,0.81048071,3929536.0,31435.276730526803,0.0,0.0,0.0,0.0,0.0,0.0,0.0,0.0,0.0,0.0,0.0,0.0,0.0,0.0,0.0,0.0,0.0,0.0,394814.0,30364.0,70110.0,40928.0,189474.0,12006.0,83884.0,17994.0,41041.0,70729.0,75819.0,9379231.225155404,240644.75146484375,795449.048463914,1036093.7999287577,113.0,9,0.8854560256532099,0.4647231720437686,2018.0,22677950.429408647,2683132.3159979843,16.936903707762298,14.802495817326477,14.802495817326477,13.842313138128606
2018-03-05,us,1035047.0,811131.0,320684.1079618874,3430823.81109064,535082.5846540456,597454.8864429834,742377.5125408056,1073171.9070301056,720885.0406656634,0.0,115774.84708488917,4395234.471900679,151891.08053432094,1509107.432454788,889794.2473939379,1394845.7766806632,664256.6175914274,17138373.0,111550.6357421875,11276284.0,164864.9228515625,547145.0,5497.924896240234,0.0,0.0,72.61,740382.9350859149,0.0,0.0,0.0,0.0,250.765,165.745,0.8109347,702155.0,8955.487328264617,0.0,0.0,0.0,0.0,0.0,0.0,0.0,0.0,0.0,0.0,0.0,0.0,0.0,0.0,0.0,0.0,0.0,0.0,402203.0,29103.0,71907.0,41759.0,186001.0,13070.0,82166.0,20286.0,43965.0,69209.0,75378.0,9120904.473640706,276415.55859375,740382.9350859149,1016798.4936796649,114.0,10,0.9350162426854148,0.35460488704253557,2018.0,22592744.36029724,2609115.6007937854,16.933139410953665,14.774522254877132,14.774522254877132,13.84995836041783
2018-03-12,us,1043080.0,876383.0,306237.74311201554,3359130.8409506315,574749.1779550052,586597.5715531404,852557.345491923,1333220.189207077,699263.9267669071,0.0,114815.72075859444,4381956.500539766,155589.1628534846,1487585.4231428783,1140223.9133508273,1792019.1601724625,575589.1358641458,12956117.0,87046.6572265625,10850821.0,184224.40234375,1459951.0,15167.033081054688,0.0,0.0,63.72,688011.02865031,0.0,0.0,0.0,0.0,195.945,153.635,0.8109347,3978963.0,41562.15623654724,0.0,0.0,0.0,0.0,0.0,0.0,0.0,0.0,0.0,0.0,0.0,0.0,0.0,0.0,0.0,0.0,0.0,0.0,397414.0,32246.0,69981.0,38845.0,183822.0,13229.0,79474.0,18547.0,50117.0,85784.0,73621.0,9647779.01668216,271271.0595703125,688011.02865031,959282.0882206225,115.0,11,0.970941817426052,0.23931566428755782,2018.0,23069976.510140307,2506356.336296746,16.95404265529642,14.73434099657002,14.73434099657002,13.857689391561921
2018-03-19,us,1045725.0,897045.0,296877.81550768093,3452759.252494452,577303.3320965216,636140.114499476,801684.2732277049,1270942.8966798782,698662.2855483406,0.0,117089.76687295354,4536440.928649035,159668.4307213978,1624955.3058882074,1047198.9659378238,1638064.0327534676,572267.8853131561,26191843.0,241429.75390625,7379902.0,106465.486328125,1574996.0,16816.921630859375,0.0,0.0,62.4,674018.35040181,0.0,0.0,0.0,0.0,174.95,164.195,0.8109347,7399929.0,79247.08374565183,0.0,0.0,0.0,0.0,0.0,0.0,0.0,0.0,0.0,0.0,0.0,0.0,0.0,0.0,0.0,0.0,0.0,0.0,395007.0,32561.0,70355.0,37897.0,187860.0,13245.0,83841.0,20893.0,48261.0,82479.0,73325.0,9695685.316136042,347895.240234375,674018.35040181,1021913.590636185,116.0,12,0.992708874098054,0.120536680255323,2018.0,23402006.729937896,2506964.644679904,16.96833237707198,14.734583673289016,14.734583673289016,13.86022193900523
2018-03-26,us,1003087.0,839351.0,285584.4883688338,3367720.4221999496,596971.3850433457,622443.5275585379,762556.6828985001,1127524.6417798996,704868.321469235,0.0,119689.56404750829,4287150.572503515,153402.5856277707,1557992.3480803382,998652.3987943698,1407187.307539463,577216.7347242683,36619177.0,351575.46484375,5123956.0,98557.33166503906,647999.0,6956.71728515625,0.0,0.0,102.875,771935.3905945399,0.0,514.1325998,0.0,0.0,151.67,147.475,0.8109347,12378115.0,99601.30749770856,0.0,0.0,0.0,0.0,1.0,0.0,0.0,0.0,0.0,0.0,0.0,0.0,0.0,0.0,0.0,0.0,0.0,0.0,383267.0,30500.0,66752.0,35995.0,181562.0,12868.0,84126.0,21321.0,46123.0,73869.0,66704.0,9101291.511317233,450132.79650878906,772449.5231943399,1222582.3197031291,117.0,13,1.0,6.123233995736766e-17,2018.0,23013930.39981296,2709328.6255040686,16.95161030355867,14.81221179159201,14.81221179159201,13.818593799885056
2018-04-02,us,1037355.0,883844.0,298963.96633688034,3677433.2706033844,948742.0538622615,639104.139027077,920408.6368343356,936792.0738763809,698888.4420709797,0.0,135639.7171451506,4693591.435428331,259109.2204282484,1631496.238917525,1189265.3500578466,1183217.3337225318,568231.4471448733,32224487.0,217845.443359375,11644813.0,224440.44921875,0.0,0.0,0.0,0.0,71.32,462973.4034986985,0.0,3616.76101458,0.0,0.0,145.89,88.075,0.81495291,19109728.0,133959.9374667817,0.0,0.0,0.0,0.0,0.0,1.0,0.0,0.0,0.0,0.0,0.0,0.0,0.0,0.0,0.0,0.0,0.0,0.0,397266.0,30465.0,67585.0,37532.0,194650.0,14060.0,86775.0,22146.0,53723.0,61282.0,71871.0,9660550.742844507,442285.892578125,466590.1645132785,908876.0570914035,118.0,14,0.992708874098054,-0.12053668025532288,2018.0,23327484.61781019,2515727.412490538,16.965142863556427,14.738072946814924,14.738072946814924,13.852185726273325
2018-04-09,us,999369.0,961564.0,279773.757628858,3508734.632038553,969761.1328777196,606692.3023688463,821287.9456767825,784146.138045311,639700.3925280026,0.0,131176.03997618597,4480756.688199651,268175.14028211636,1563002.7256868752,1048602.330114812,982524.0109806061,511318.4677021962,13677071.0,105837.00390625,14691911.0,306540.625,0.0,0.0,0.0,0.0,60.985,440221.344419091,0.0,3616.76101458,0.0,0.0,165.575,143.69,0.81495291,10874078.0,80684.22940816099,0.0,0.0,0.0,0.0,0.0,0.0,0.0,0.0,0.0,0.0,0.0,0.0,0.0,0.0,0.0,0.0,0.0,0.0,389630.0,29829.0,65948.0,36045.0,189108.0,13833.0,82080.0,19813.0,49736.0,51860.0,71487.0,8985555.402942441,412377.62890625,443838.10543367104,856215.734339921,119.0,15,0.9709418174260521,-0.2393156642875575,2018.0,22829490.600145604,2344878.955161795,16.943563749320028,14.667744766723512,14.667744766723512,13.814880359430886
2018-04-16,us,981725.0,675385.0,274874.7303767756,3477315.400698785,938160.4459595844,605505.0455405728,758723.8147353234,635124.9912834167,623563.2459065327,0.0,130149.44847587071,4512762.770384266,252917.13090097246,1594092.5351193822,996187.4524610533,729087.9928128719,511632.2803565975,24323312.0,197782.7802734375,12040965.0,243447.16015625,0.0,0.0,0.0,0.0,62.995,466109.9942587065,0.0,3616.76101458,0.0,0.0,161.245,137.295,0.81495291,2810399.0,15580.158128920282,0.0,0.0,0.0,0.0,0.0,0.0,0.0,0.0,0.0,0.0,0.0,0.0,0.0,0.0,0.0,0.0,0.0,0.0,388047.0,29617.0,65013.0,36370.0,190174.0,13435.0,81263.0,19501.0,48104.0,40456.0,69745.0,8726829.610511014,441229.9404296875,469726.75527328654,910956.695702974,120.0,16,0.9350162426854148,-0.3546048870425357,2018.0,22256715.56580015,2299436.820360997,16.918154389149358,14.64817522509249,14.64817522509249,13.797067525999351
2018-04-23,us,948262.0,798545.0,270929.8415340938,3327966.5398028353,918413.6750254184,622665.4028942495,750979.428345086,626469.0472764969,642396.7008156014,0.0,126052.5571415698,4388713.295972529,246601.67317579122,1785337.0017750475,1004605.674763189,729533.2743666172,542406.8388455051,12034091.0,94640.2529296875,13511757.0,312924.5546875,0.0,0.0,0.0,0.0,54.04,397727.743804707,0.0,3616.76101458,0.0,0.0,121.915,154.9,0.81495291,11073361.0,81068.24719215218,0.0,0.0,0.0,0.0,0.0,0.0,0.0,0.0,0.0,0.0,0.0,0.0,0.0,0.0,0.0,0.0,0.0,0.0,370837.0,28668.0,63674.0,34783.0,179062.0,13222.0,81984.0,19904.0,46986.0,38530.0,70612.0,8823250.316040248,407564.8076171875,401344.50481928705,808909.3124364745,121.0,17,0.8854560256532099,-0.4647231720437685,2018.0,22019744.587185632,2171169.007414461,16.907450135476605,14.590776754138323,14.590776754138323,13.762387168921975
2018-04-30,us,974170.0,820966.0,276207.2172447147,3252336.186259088,1032041.8500419796,561353.8666270302,735879.7739303377,827609.1094970703,615016.7792842729,0.0,147274.07949488814,4329607.571275153,281534.97165208496,1520897.1207807157,995819.1791477351,1071633.8232645988,466581.8724446319,21636405.0,155553.560546875,10557332.0,254763.7109375,0.0,0.0,0.0,0.0,55.4,347455.7028978915,0.0,11688.869588130001,0.0,0.0,134.065,191.02,0.81495291,20859242.0,195165.3890421464,0.0,0.0,0.0,0.0,0.0,0.0,1.0,0.0,0.0,0.0,0.0,0.0,0.0,0.0,0.0,0.0,0.0,0.0,381362.0,28858.0,66326.0,35721.0,180554.0,14718.0,77068.0,18862.0,48626.0,52739.0,69335.0,8813348.618059808,410317.271484375,359144.5724860215,769461.8439703966,122.0,18,0.8229838658936565,-0.5680647467311557,2018.0,21871999.199487202,2055084.9382314705,16.900717847066534,14.535828224128819,14.535828224128819,13.789342131896722
2018-05-07,us,986208.0,729280.0,276560.71034394595,3226506.0047623236,990614.6528938187,621793.9822214965,708150.5581850541,840460.0877027512,608551.021605494,0.0,153200.69273394652,4273563.083407344,275281.08340634994,1842864.7812401887,961586.8806030927,1142575.2529082298,493243.91133344424,23687642.0,167914.04296875,13774975.0,235915.388671875,4681043.0,52066.5029296875,0.0,0.0,62.78,432568.19725213497,0.0,13539.3664329,0.0,0.0,142.885,236.205,0.84652785,18841599.0,175600.5856190775,0.0,0.0,0.0,0.0,0.0,0.0,0.0,1.0,1.0,0.0,0.0,0.0,0.0,0.0,0.0,0.0,0.0,0.0,385641.0,27438.0,67392.0,35785.0,180140.0,15317.0,85002.0,19324.0,47159.0,52115.0,70895.0,9142315.685632596,403829.431640625,446107.563685035,849936.99532566,123.0,19,0.7485107481711013,-0.663122658240795,2018.0,22103469.565316077,2066875.7028256548,16.9112451933132,14.541549186582701,14.541549186582701,13.801623578668465
2018-05-14,us,1029749.0,798399.0,291014.2485590005,3394936.276318034,1022937.096483592,657394.5801469812,764709.6264763894,920213.8161439896,660434.7011927667,0.0,159109.53217399743,4481968.932153512,282719.25575518946,1944864.9608287904,1058365.0700676395,1187473.7976469994,486775.4952297419,25631518.0,177938.0234375,15261000.0,228125.0625,6667122.0,72721.8017578125,0.0,0.0,54.465,374020.6804168275,0.0,13539.3664329,0.0,0.0,170.075,262.2133333,0.84652785,13932197.0,128427.23793520706,0.0,0.0,0.0,0.0,0.0,0.0,0.0,0.0,0.0,0.0,0.0,0.0,0.0,0.0,0.0,0.0,0.0,0.0,405664.0,29677.0,70254.0,36814.0,187034.0,15169.0,87403.0,19291.0,49617.0,56274.0,72552.0,9601277.043855872,406063.0859375,387560.0468497275,793623.1327872275,124.0,20,0.6631226582407952,-0.7485107481711012,2018.0,22700508.50116605,2016584.3303081205,16.937897927185034,14.516916208446936,14.516916208446936,13.844826612298327
2018-05-21,us,1059162.0,841983.0,307058.57040544564,3583252.1796534355,992082.8729348682,654506.3223135038,759417.9997253023,1000583.3884115219,686145.4612219251,0.0,155814.04569413204,4800213.109553449,273106.1978289277,1957736.2821536534,1008788.7624511526,1245530.4309353828,536658.5107821411,36104844.0,243679.46875,13021957.0,181353.9453125,6404888.0,72973.4560546875,34.3,133999.43296005,69.065,429461.9056329525,0.0,13539.3664329,0.0,0.0,181.775,199.1,0.84652785,5285603.0,63081.91167937049,0.0,0.0,0.0,0.0,0.0,0.0,0.0,0.0,0.0,1.0,0.0,0.0,0.0,0.0,0.0,0.0,0.0,0.0,412623.0,30564.0,76549.0,37482.0,196462.0,14672.0,88553.0,20103.0,47880.0,62396.0,71878.0,9977847.339398839,425033.4140625,577000.7050259025,1002034.1190884025,125.0,21,0.5680647467311558,-0.8229838658936564,2018.0,23445285.691667743,2191450.0290183695,16.970180038695837,14.600074452717895,14.600074452717895,13.872989531530575
2018-05-28,us,1046912.0,836606.0,291584.25576859136,3495775.449406107,1000088.88063893,630584.2957146151,797033.0555000578,907090.2027015686,666831.2051098124,0.0,147484.03390052024,4564185.540426569,269951.2785573919,1757038.0528080543,997660.7602729934,1074063.55189991,430957.382246878,21212894.0,140392.578125,9747934.0,87433.68798828125,6612521.0,72637.41015625,15.235,183855.6906858,68.05,410552.1665196525,0.0,9058.694522849999,0.0,0.0,183.695,166.005,0.84652785,155965.0,2050.615586354753,0.0,0.0,0.0,0.0,0.0,0.0,0.0,0.0,0.0,0.0,1.0,1.0,0.0,0.0,0.0,0.0,0.0,0.0,408697.0,30191.0,76557.0,37267.0,191430.0,14774.0,85141.0,18107.0,50203.0,57537.0,77008.0,9241340.600112315,227826.26611328125,603466.5517283025,831292.8178415837,126.0,22,0.4647231720437687,-0.8854560256532098,2018.0,23146251.85914802,2130897.2075775294,16.95734346185948,14.572054142496178,14.572054142496178,13.861356391844255
2018-06-04,us,1112156.0,872682.0,313765.03193229926,3535580.882161511,1044108.9209353302,711566.0347221703,871965.9499658908,1235447.3391952515,741890.8757627781,0.0,160776.79643417706,4510002.224834851,293555.6859286854,1877463.532852679,1076990.9356570612,1711931.0521655083,518561.933016564,54984527.0,366883.3515625,9278127.0,129066.4970703125,3534644.0,37587.80615234375,14.875,223652.87575305998,61.21,416212.9697879855,0.0,3120.58644404,0.0,0.0,225.21,194.51,0.85636291,353354.0,5587.922677378066,0.0,0.0,0.0,0.0,0.0,0.0,0.0,0.0,0.0,0.0,0.0,0.0,0.0,0.0,0.0,0.0,0.0,0.0,425189.0,31797.0,80798.0,39017.0,187325.0,15926.0,91786.0,20361.0,53616.0,82476.0,83865.0,10149282.160889525,495949.8486328125,642986.4319850855,1138936.2806178979,127.0,23,0.35460488704253584,-0.9350162426854147,2018.0,23886110.450141653,2403093.4686959246,16.98880773711864,14.692267826761492,14.692267826761492,13.921811930877071
2018-06-11,us,1134651.0,661909.0,315519.1508464086,3623561.3813414173,1054501.6149249133,734493.7036209438,867822.5161434663,1286519.227897644,704637.0982215323,0.0,150524.264796393,4596135.928548022,288742.92384824436,2039762.9894082395,1072077.1768991218,1866043.3587675095,517303.82198867423,37913069.0,259954.7421875,8133190.0,199552.62109375,0.0,0.0,13.715,215840.27692513,62.29,417938.84077865403,0.0,3120.58644404,0.0,0.0,221.02,241.345,0.85636291,210350.0,3425.3993337816387,0.0,0.0,0.0,0.0,0.0,0.0,0.0,0.0,0.0,0.0,0.0,0.0,0.0,0.0,0.0,0.0,0.0,0.0,429716.0,30194.0,79703.0,39032.0,194576.0,16259.0,98030.0,20482.0,54145.0,90334.0,82180.0,10530590.464256205,459507.36328125,636899.704147824,1096407.067429074,128.0,24,0.23931566428755768,-0.970941817426052,2018.0,24715679.507910315,2522962.5742325303,17.022948438550504,14.74094479003682,14.74094479003682,13.941836553954303
2018-06-18,us,1162266.0,705892.0,340681.85149860603,4026532.4373948476,1128447.6357294603,849390.2687920427,978338.2028914699,1260590.7557401657,751899.2906186801,0.0,172125.82266564757,5283708.137191444,297026.05517244077,2087354.222354608,1268462.4869823502,1884560.6496167183,557967.1749993915,39710166.0,247511.52734375,5682700.0,167428.4580078125,0.0,0.0,15.59,244195.30923814,66.35,427312.11819191347,0.0,3120.58644404,0.0,0.0,227.535,233.94,0.85636291,5145269.0,47447.178043340886,0.0,0.0,0.0,0.0,0.0,0.0,0.0,0.0,0.0,0.0,0.0,0.0,0.0,0.0,0.0,0.0,0.0,0.0,434814.0,29901.0,84379.0,40039.0,209986.0,16689.0,99105.0,21628.0,59321.0,86199.0,80206.0,11551204.5489826,414939.9853515625,674628.0138740934,1089567.999225656,129.0,25,0.12053668025532308,-0.992708874098054,2018.0,26232415.529700525,2589758.9735280015,17.082506476066914,14.767075755067678,14.767075755067678,13.965882966247323
2018-06-25,us,1176191.0,759590.0,348751.7699462688,4371899.023967691,1171132.4693962352,801711.3951303585,1018547.7222094345,1119552.9434490204,780097.9193687281,0.0,194302.65067257694,5760898.494201938,297851.8157211973,2178551.129063848,1309207.4864495634,1639931.6795835495,523327.793306028,36268563.0,209769.220703125,3500578.0,113344.14404296875,0.0,0.0,29.25,327264.22423396,63.525,715374.6174948035,0.0,2674.42136793,0.0,0.0,194.72,216.78,0.85636291,14240529.0,159511.85852926064,0.0,0.0,0.0,0.0,0.0,0.0,0.0,0.0,0.0,0.0,0.0,0.0,0.0,0.0,0.0,0.0,0.0,0.0,433473.0,28839.0,90280.0,40901.0,229431.0,16781.0,101517.0,20858.0,63445.0,74531.0,76135.0,11904071.0489987,323113.36474609375,1045313.2630966934,1368426.6278427872,130.0,26,1.2246467991473532e-16,-1.0,2018.0,27495489.953294307,2909358.007714366,17.12953258385826,14.883443342621073,14.883443342621073,13.977792659420501
2018-07-02,us,1165986.0,902671.0,351965.49287591135,4559610.382865943,1279597.2031883744,825802.9168017688,1006569.1038661841,1104400.6911695004,833137.2051294788,0.0,168208.32074966727,6145583.455590843,303948.8281049885,2346038.649532372,1362292.6260159928,1616942.519356858,542642.8828763473,20498155.0,128293.6982421875,3216699.0,74911.9599609375,0.0,0.0,0.0,0.0,95.37,943195.3050181238,0.0,0.0,0.0,0.0,252.355,236.485,0.85565096,13475970.0,128887.84507881886,0.0,0.0,0.0,0.0,0.0,0.0,0.0,0.0,0.0,0.0,0.0,0.0,1.0,0.0,0.0,0.0,0.0,0.0,424832.0,30186.0,82069.0,41065.0,238430.0,16811.0,103721.0,20669.0,64194.0,71144.0,72865.0,12485657.28222707,203205.658203125,943195.3050181238,1146400.9632212487,131.0,27,-0.12053668025532327,-0.992708874098054,2018.0,28829395.457177255,2877740.090086459,17.176906134854256,14.872516200633678,14.872516200633678,13.969078496602291
2018-07-09,us,1209054.0,834553.0,387939.0818434096,4788407.777223561,1338386.238623884,812676.2819778548,1112116.0850259995,1258258.8869886398,975333.8918894007,0.0,198238.99674302503,6458383.986871925,320700.5657706163,2272577.143596253,1535024.1141051273,1923048.9751911163,595367.9309908655,31162230.0,192497.490234375,3698502.0,75513.3203125,0.0,0.0,27.77,332626.353146072,73.26,750567.5671688919,0.0,0.0,0.0,0.0,215.82,243.975,0.85565096,13328941.0,130362.39208050299,0.0,0.0,0.0,0.0,0.0,0.0,0.0,0.0,0.0,0.0,0.0,0.0,0.0,0.0,0.0,0.0,0.0,0.0,445078.0,29535.0,81843.0,43172.0,241801.0,17548.0,100162.0,21683.0,68886.0,81143.0,78203.0,13303341.713268928,268010.810546875,1083193.920314964,1351204.730861839,132.0,28,-0.23931566428755743,-0.9709418174260521,2018.0,30439714.402142353,3064518.9637957187,17.231258741444353,14.935401496422752,14.935401496422752,14.00534962070446
2018-07-16,us,1217492.0,686970.0,384157.2898514175,4867488.041679317,1376210.0151192762,819368.404102655,1093846.2017253798,1156211.4510250092,950384.3315507779,0.0,204319.03458004334,6460904.85246264,330842.05107824877,2296273.9582028566,1454637.5247963371,1685667.2354884148,580480.3198175099,37119864.0,223717.107421875,3426027.0,60480.2412109375,0.0,0.0,26.09,338049.853973484,69.755,727690.2413641119,0.0,0.0,0.0,0.0,281.14,237.715,0.85565096,7097350.0,69688.24085716456,0.0,0.0,0.0,0.0,0.0,0.0,0.0,0.0,0.0,0.0,0.0,0.0,0.0,0.0,0.0,0.0,0.0,0.0,451624.0,27476.0,82362.0,42131.0,245086.0,17731.0,102772.0,21284.0,68215.0,73857.0,84954.0,13013124.97642605,284197.3486328125,1065740.0953375958,1349937.4439704083,133.0,29,-0.3546048870425356,-0.9350162426854148,2018.0,31109364.097343344,3171818.4968581717,17.253019460351307,14.969815954965815,14.969815954965815,14.012304384435701
2018-07-23,us,1179171.0,901192.0,382032.9160331566,4930320.5175834885,1181831.4535476952,794966.0696711268,1030991.5810852534,1086315.279598236,1061527.3822243789,0.0,184478.66313178028,6345248.549149331,283464.51753011526,2231058.549400951,1326270.5084071143,1529783.482035637,613879.1176536847,47022138.0,232218.67578125,3046524.0,46777.1123046875,0.0,0.0,29.695,292423.20774754,72.01,743361.445913964,0.0,0.0,0.0,0.0,272.14,215.32,0.85565096,7578151.0,49254.3168493042,0.0,0.0,0.0,0.0,0.0,0.0,0.0,0.0,0.0,0.0,0.0,0.0,0.0,0.0,0.0,0.0,0.0,0.0,423758.0,27864.0,79711.0,41625.0,249231.0,17264.0,101856.0,23272.0,64170.0,66245.0,84175.0,12514183.387308612,278995.7880859375,1035784.6536615039,1314780.4417474414,134.0,30,-0.46472317204376806,-0.8854560256532101,2018.0,31024582.810380638,3203909.0126870265,17.250290474311644,14.979882500848076,14.979882500848076,13.98032305522349
2018-07-30,us,1153386.0,634280.0,364238.9267539046,4523259.549349376,1325045.3813541378,772076.1170399303,944832.9216266938,1027744.2217521667,1022372.738237494,0.0,127039.78147646609,5993542.81027348,328686.89733662084,2191783.6424716804,1277870.2657672623,1506151.7085642815,585513.039069935,46176354.0,211774.2734375,3903418.0,60750.6865234375,0.0,0.0,31.57,355937.151727188,75.455,794370.863981624,0.0,111548.64870231999,0.0,0.0,214.71,215.43,0.85565096,13065177.0,88476.02403387333,0.0,0.0,0.0,0.0,0.0,0.0,0.0,0.0,0.0,0.0,0.0,0.0,0.0,0.0,0.0,0.0,0.0,0.0,418474.0,26095.0,80465.0,40907.0,239888.0,17630.0,103078.0,22850.0,61233.0,62974.0,79792.0,12010588.144959725,272524.9599609375,1261856.664411132,1534381.6243720695,135.0,31,-0.5680647467311556,-0.8229838658936566,2018.0,30454868.864128657,3437597.2759852223,17.231756469189207,15.050283609925815,15.050283609925815,13.958213389075135
2018-08-06,us,1118463.0,678149.0,348854.4500486933,4151546.9359245263,1169207.1524846829,807396.2088319182,909176.5673590443,904135.9769935608,901368.6740394145,0.0,90862.05519060476,5615609.703960393,297153.3571045899,2630698.771244946,1332575.5159436548,1328975.3343019485,650281.1845754414,58905757.0,253240.9140625,4657528.0,63826.01806640625,8100014.0,87152.55850219727,22.775,327817.471590175,70.645,775570.85711735,0.0,158032.16521049998,0.0,0.0,150.535,164.29,0.86586325,16052131.0,112994.94206556557,0.0,0.0,0.0,0.0,0.0,0.0,0.0,0.0,0.0,0.0,0.0,0.0,0.0,0.0,0.0,0.0,0.0,0.0,403996.0,25745.0,76881.0,39256.0,227768.0,16039.0,108632.0,23947.0,60240.0,56515.0,79444.0,11946155.922321578,317066.93212890625,1261420.493918025,1578487.4260469312,136.0,32,-0.6631226582407953,-0.748510748171101,2018.0,30042203.758466654,3622630.3631083947,17.218113776257095,15.10271121562739,15.10271121562739,13.927466873430998
2018-08-13,us,1050856.0,0.0,329651.4234463513,3798428.525382057,984854.8659289633,615574.0480089539,857054.8935352564,913309.7317266464,855983.5948151802,0.0,75588.08072806227,5206096.234724638,242793.03023541044,1867014.209047436,1287883.4490026534,1450174.273010254,680514.460124669,66926376.0,288165.54296875,4620220.0,60963.759765625,22419743.0,204114.95703125,21.56,292766.980884875,68.28,741996.0138558625,0.0,158032.16521049998,0.0,0.0,51.37,155.53,0.86586325,23337729.0,189824.1429980609,0.0,0.0,0.0,0.0,0.0,0.0,0.0,0.0,0.0,0.0,0.0,0.0,0.0,0.0,0.0,0.0,0.0,0.0,386549.0,23565.0,73287.0,38034.0,211713.0,13093.0,85562.0,24416.0,57140.0,61753.0,75744.0,10810063.736873124,349129.302734375,1192795.1599512375,1541924.4626856125,137.0,33,-0.7485107481711009,-0.6631226582407955,2018.0,28641370.112155676,3697202.122104775,17.170362772938578,15.123087178823548,15.123087178823548,13.865116579707578
2018-08-20,us,1003326.0,84318.0,310101.6274484029,3565186.276541962,650244.5705722806,644687.204658117,787372.0812061429,862103.75968647,784614.6083517951,0.0,63523.5662036067,4849868.99542982,143095.96917757788,2049259.6088547437,1153704.9346686117,1414766.7532744408,663750.5728704557,77999806.0,333610.01171875,5934830.0,89160.2666015625,22005598.0,199728.564453125,18.545,212255.5091537125,73.985,759655.2082532875,0.0,158032.16521049998,0.0,0.0,106.825,165.215,0.86586325,40854302.0,352843.5484887446,0.0,0.0,0.0,0.0,0.0,0.0,0.0,0.0,0.0,0.0,0.0,0.0,0.0,0.0,0.0,0.0,0.0,0.0,367115.0,23959.0,70458.0,36277.0,195696.0,7987.0,86330.0,24445.0,52282.0,60123.0,78654.0,10337970.400479257,422770.2783203125,1129942.8826175,1552713.1609378124,138.0,34,-0.8229838658936564,-0.5680647467311559,2018.0,27322849.785782307,3748050.1216111695,17.123233935165246,15.136746561951584,15.136746561951584,13.818832035744668
2018-08-27,us,1020735.0,638399.0,323949.2052684371,3895397.2632136038,575984.1145411368,585670.3256093422,821797.8517465591,827350.9618463516,823792.6746315839,0.0,63263.49857149955,5400782.590998884,135530.5506618331,1766846.7288932423,1162245.0735573769,1364238.6207060814,667180.8235215511,79678511.0,325087.345703125,4161911.0,69245.7578125,13812983.0,121653.857421875,11.765,135641.80742875,59.865,755287.14462285,0.0,112879.99431275,0.0,0.0,122.81,149.32,0.86586325,33835525.0,289248.85081915086,0.0,0.0,0.0,0.0,0.0,0.0,0.0,0.0,0.0,0.0,0.0,1.0,0.0,0.0,0.0,0.0,0.0,0.0,368994.0,23199.0,75600.0,37215.0,211579.0,6392.0,81392.0,25875.0,53392.0,60966.0,76131.0,10560087.886910468,394333.103515625,1003808.9463643499,1398142.049879975,139.0,35,-0.88545602565321,-0.46472317204376834,2018.0,26744086.660962403,3627716.9888442582,17.101823984857226,15.104114355344802,15.104114355344802,13.836034493682426
2018-09-03,us,906601.0,570392.0,276260.73876917735,3018988.50954259,393968.81564664654,477898.18316018826,746329.3622789383,636497.6174106598,765246.249518349,0.0,54926.940251429696,4201967.21433381,86554.73742148415,1430022.4126247824,1077353.3692703247,1092555.2931876183,503264.88562379195,56358747.0,256141.267578125,2690664.0,40756.99853515625,18788695.0,158925.7861328125,0.0,0.0,64.995,674524.998663977,0.0,0.0,0.0,0.0,32.16,156.61,0.85690279,54753286.0,405471.50838570803,0.0,0.0,0.0,0.0,0.0,0.0,0.0,0.0,0.0,0.0,0.0,0.0,0.0,1.0,0.0,0.0,0.0,0.0,344002.0,20661.0,68929.0,33824.0,174627.0,4857.0,67883.0,22274.0,49280.0,48536.0,71727.0,8446644.85271324,296898.26611328125,674524.998663977,971423.2647772583,140.0,36,-0.9350162426854147,-0.3546048870425359,2018.0,24269651.79333994,3125358.4072315004,17.004737271598803,14.95505984485354,14.95505984485354,13.717458823531015
2018-09-10,us,915504.0,393413.0,286723.55296073004,2887202.565412323,330983.97095788067,490863.02112391684,712793.9643962615,688958.7607297897,832953.8534953073,0.0,56211.28022509095,3952332.1827193643,69707.11191065556,1457664.0411284529,1106099.9409068003,1310088.132555008,511345.15306632133,76084429.0,287527.5,3774068.0,54530.90869140625,22403948.0,203732.265625,33.5,1837559.4380866608,61.935,711945.600742161,0.0,0.0,0.0,0.0,27.485,99.84,0.85690279,51992926.0,363903.815751283,0.0,0.0,0.0,0.0,0.0,0.0,0.0,0.0,0.0,0.0,0.0,0.0,0.0,0.0,0.0,0.0,0.0,0.0,351625.0,21031.0,70525.0,34206.0,169796.0,4407.0,68802.0,21975.0,47869.0,55065.0,70203.0,8463447.842511693,342058.40869140625,2549505.038828822,2891563.447520228,141.0,37,-0.970941817426052,-0.23931566428755774,2018.0,22806668.38931161,4744104.72656021,16.942563568224962,15.372413505785772,15.372413505785772,13.72723110457824
2018-09-17,us,895349.0,681344.0,287173.8259381715,2650178.819970872,325870.0489378989,525979.0945187146,734466.7898476984,577424.8481988907,899543.0034245083,0.0,60034.387043159666,3416026.060579856,68294.29437797985,1479802.7227734977,1119959.9247764745,1076376.9343614578,505971.12573522644,97618823.0,380510.9921875,4901845.0,78325.68115234375,13939511.0,130736.6865234375,44.735,2028707.07249152,77.52,988881.8008970334,0.0,0.0,0.0,0.0,92.99,116.045,0.85690279,63552075.0,528184.0981059526,0.0,0.0,0.0,0.0,0.0,0.0,0.0,0.0,0.0,0.0,0.0,0.0,0.0,0.0,0.0,0.0,0.0,0.0,353039.0,22523.0,70172.0,33312.0,152717.0,4151.0,72643.0,23304.0,48243.0,45617.0,69628.0,7726465.449647652,458836.67333984375,3017588.8733885535,3476425.5467283973,142.0,38,-0.992708874098054,-0.12053668025532357,2018.0,21200276.25679204,6300805.1200000625,16.86952481770729,15.656188138731713,15.656188138731713,13.704969982264906
2018-09-24,us,871865.0,475245.0,270407.0187406224,2494691.1560977455,335916.6962351899,604664.7623322558,695811.1294675462,452524.35728931427,890785.7322960607,0.0,57761.70969560091,3186201.887390159,75846.30993629008,1829786.6133714342,996222.0763834603,802595.3811199665,494453.1988486835,112135422.0,433458.6015625,5591026.0,93368.939453125,20008136.0,301072.80615234375,57.38,2353990.8420318193,77.235,1067360.4717066726,0.0,0.0,0.0,0.0,103.47,100.345,0.85690279,50118170.0,424432.3315412686,0.0,0.0,0.0,0.0,0.0,0.0,0.0,0.0,0.0,0.0,0.0,0.0,0.0,0.0,0.0,0.0,0.0,0.0,341880.0,21754.0,67180.0,31785.0,148334.0,4141.0,81964.0,21898.0,45894.0,35928.0,71106.0,7442867.1767455945,526827.541015625,3421351.313738492,3948178.854754117,143.0,39,-1.0,-1.8369701987210297e-16,2018.0,19961301.170643974,7702890.207490141,16.80930606572984,15.857106297840604,15.857106297840604,13.678391021357944
2018-10-01,us,911092.0,633960.0,290267.6712533189,2708502.2518404126,462130.3805116032,616816.5418684793,806808.1715927124,442051.11744880676,924148.227384069,0.0,58918.37529445211,3539974.3739288975,116957.94209392191,1779770.998596121,1244591.4737148285,744629.9077281952,507329.0189246149,66206456.0,237449.677734375,4426080.0,61630.8193359375,9407543.0,99115.81640625,11.43,72311.733923352,54.905,764046.470459272,0.0,0.0,0.0,0.0,105.895,98.285,0.87077144,47202153.0,315660.3551347572,0.0,0.0,0.0,0.0,0.0,0.0,0.0,0.0,0.0,0.0,0.0,0.0,0.0,0.0,1.0,0.0,0.0,0.0,349230.0,22776.0,66771.0,35290.0,159553.0,5853.0,85343.0,22166.0,55706.0,35123.0,73281.0,7992172.090281031,299080.4970703125,836358.204382624,1135438.7014529365,144.0,40,-0.992708874098054,0.1205366802553232,2018.0,19768303.246411152,5730660.298581149,16.799590417386614,15.561341491906262,15.561341491906262,13.72240025665191
2018-10-08,us,897004.0,556798.0,283664.95358859346,2422630.3551455364,429930.32572187,691515.39548326,816659.9132423401,417471.198554039,819786.5309798594,0.0,56664.52163907235,3025437.602248663,107809.11059714969,2057389.1703010648,1309989.3560853004,718904.1293272972,480939.41722356563,48948555.0,190220.69140625,2584976.0,33189.392578125,13199962.0,118916.751953125,7.67,55054.263062567996,53.96,768152.8544160239,0.0,0.0,0.0,0.0,67.39,88.5,0.87077144,39691584.0,264486.62045349245,0.0,0.0,0.0,0.0,0.0,0.0,0.0,0.0,0.0,0.0,0.0,0.0,0.0,0.0,0.0,0.0,0.0,0.0,340909.0,22482.0,66094.0,34603.0,146692.0,5194.0,95669.0,21673.0,55837.0,34155.0,73696.0,7757133.307422113,223410.083984375,823207.117478592,1046617.201462967,145.0,41,-0.9709418174260521,0.23931566428755738,2018.0,19436547.695134085,4459114.970628475,16.782665804976606,15.31046109148591,15.31046109148591,13.706816715161407
2018-10-15,us,832344.0,60202.0,262842.57956606685,1995886.2562951432,372165.2236344774,675416.7034596548,700790.3363208771,380053.8945302963,789018.4767465623,0.0,51792.00465071396,2244581.9135243623,86913.66208449981,1934539.8038709094,1133723.3398942947,625904.9845170975,447391.6247657931,37373030.0,150355.173828125,1617136.0,21929.223999023438,9034521.0,101606.22741699219,5.93,60760.86369460799,51.96,755255.6409253239,0.0,0.0,0.0,0.0,140.085,104.17,0.87077144,31235075.0,207363.88890770313,0.0,0.0,0.0,0.0,0.0,0.0,0.0,0.0,0.0,0.0,0.0,0.0,0.0,0.0,0.0,0.0,0.0,0.0,330438.0,20469.0,64737.0,32248.0,118949.0,4720.0,93852.0,20084.0,46351.0,31676.0,68819.0,6524847.33330767,172284.39782714844,816016.5046199319,988300.9024470804,146.0,42,-0.9350162426854148,0.35460488704253557,2018.0,18013137.745466407,3637690.2661389476,16.706611979894568,15.106859770835925,15.106859770835925,13.63200229731575
2018-10-22,us,790895.0,370159.0,244399.15755000772,2013190.380595289,312321.21825335093,598760.4421496094,633453.825056076,331262.33757686615,792951.5220857783,0.0,55034.46498697876,2412378.2484327713,70412.30352079724,1658562.4254994784,1012517.2265367508,533058.801258564,438648.1545450919,40834593.0,159840.623046875,2047662.0,25050.09814453125,17444982.0,261085.791015625,7.01,45948.127190196,52.885,751627.397566276,0.0,0.0,0.0,0.0,64.96,105.615,0.87077144,30716480.0,201445.5495248047,0.0,0.0,0.0,0.0,0.0,0.0,0.0,0.0,0.0,0.0,0.0,0.0,0.0,0.0,0.0,0.0,0.0,0.0,322274.0,20246.0,60070.0,30341.0,120481.0,4240.0,83024.0,18653.0,40646.0,27414.0,63506.0,6180611.624780432,184890.72119140625,797575.524756472,982466.2459478782,147.0,43,-0.8854560256532101,0.464723172043768,2018.0,16811125.346297666,3141596.9880587347,16.63755150767892,14.960242141826434,14.960242141826434,13.580921758965323
2018-10-29,us,774080.0,434688.0,240939.7249847334,2064859.3882981287,324246.31255931384,559268.5455988009,612716.626023644,308927.21166706085,717203.6016320387,0.0,54068.8536350488,2571309.9898666088,69582.51733494276,1561714.094863543,937514.4295290561,500482.13980698586,335289.08202754165,34697393.0,124313.8681640625,2337774.0,31538.84814453125,16771227.0,288854.76953125,3.56,71862.459398884,50.68,656596.5836947439,0.0,0.0,0.0,0.0,52.16,70.85,0.87077144,35983892.0,212062.1747966281,0.0,0.0,0.0,0.0,0.0,0.0,0.0,0.0,0.0,0.0,0.0,0.0,0.0,0.0,0.0,0.0,0.0,0.0,312151.0,20122.0,59344.0,30639.0,126416.0,4046.0,79156.0,16115.0,38063.0,25644.0,62383.0,6029961.107063727,155852.71630859375,728459.0430936279,884311.7594022217,148.0,44,-0.8229838658936566,0.5680647467311556,2018.0,15974765.116432978,2752953.7716545416,16.586520917521824,14.828185355240986,14.828185355240986,13.559431798259103
2018-11-05,us,804962.0,0.0,242009.15362583226,2180493.2379582976,311447.258410789,547520.1774039548,686352.9549322128,312015.3634185791,795210.0312638049,0.0,57006.36371320566,2721501.5403072042,72910.58542818623,1524338.9434117046,1045624.8605108261,494120.00521850586,342330.9352353336,36662254.0,130467.041015625,2695790.0,35202.02685546875,10187418.0,156955.47631835938,12.31,228120.253314556,42.75,514669.502434396,0.0,0.0,0.0,0.0,99.435,32.72,0.88010851,32990381.0,192163.82603988625,0.0,0.0,0.0,0.0,0.0,0.0,0.0,0.0,0.0,0.0,0.0,0.0,0.0,0.0,0.0,0.0,0.0,0.0,320021.0,19629.0,64377.0,31037.0,134413.0,4404.0,78716.0,16643.0,45371.0,25513.0,64836.0,6257833.2338249665,165669.06787109375,742789.755748952,908458.8236200458,149.0,45,-0.7485107481711011,0.6631226582407952,2018.0,15700538.879570274,2511663.924298069,16.569205656961085,14.736456407664257,14.736456407664257,13.598551592611463
2018-11-12,us,794231.0,276746.0,252422.64360823546,2021046.114921815,269248.7107683646,545918.863640671,561287.1351194382,315603.9274606705,695490.3506099081,0.0,59848.738453740945,2537269.4424083587,59572.40907987108,1633962.461014539,897936.9021115303,537432.0208690166,342989.24284220015,38695228.0,132963.58203125,999084.0,16057.380126953125,11744939.0,182222.603515625,12.21,223121.501010309,47.18,529673.9883617056,0.0,0.0,0.0,0.0,81.355,40.59,0.88010851,30094581.0,199363.66398177732,0.0,0.0,0.0,0.0,0.0,0.0,0.0,0.0,0.0,0.0,0.0,0.0,0.0,0.0,0.0,0.0,0.0,0.0,317273.0,18969.0,63711.0,33076.0,128369.0,3931.0,81164.0,16096.0,37505.0,25235.0,68902.0,6069011.216779256,149020.96215820312,752795.4893720145,901816.4515302177,150.0,46,-0.6631226582407955,0.7485107481711007,2018.0,15359559.594594665,2350424.2063981215,16.547248678151867,14.670106808645691,14.670106808645691,13.585130888985438
2018-11-19,us,702049.0,431150.0,225726.96968855042,1726917.5616766384,220945.62397116682,498411.33567126124,482003.6818332672,241626.6891593933,545812.0177649539,0.0,50658.12816520488,2176128.4478937695,47835.209294744105,1414581.2512366944,720687.0457425119,375167.9719760418,283639.80887110846,37247676.0,119455.244140625,0.0,0.0,8856020.0,161859.17236328125,5.17,71040.334677627,58.14,663506.940842622,0.0,0.0,0.0,0.0,16.29,20.975,0.88010851,33905435.0,242368.64457174815,0.0,0.0,0.0,0.0,0.0,0.0,0.0,0.0,0.0,0.0,0.0,0.0,0.0,0.0,0.0,1.0,0.0,0.0,285298.0,20961.0,56039.0,29646.0,112777.0,3042.0,73067.0,14374.0,30051.0,18208.0,58585.0,5068697.863180075,119455.244140625,734547.2755202489,854002.5196608739,151.0,47,-0.5680647467311559,0.8229838658936564,2018.0,14159422.031977506,2197942.79974668,16.46589089907042,14.60303284480475,14.60303284480475,13.461759905542788
2018-11-26,us,745342.0,471069.0,243570.03097347214,1835525.2286771457,215625.08097521315,517614.9983433598,545868.8723034859,249424.84869766235,634308.8482007926,0.0,51936.81421164139,2372853.511555793,54516.935765283604,1489692.3832026517,898765.0658130647,400224.0146794319,329944.76638681535,47381750.0,143264.7919921875,0.0,0.0,7022062.0,142329.57077026367,3.7,77293.63765745351,46.07,530443.0271777435,0.0,0.0,0.0,0.0,10.265,20.24,0.88010851,30727459.0,246415.17811490982,0.0,0.0,0.0,0.0,0.0,0.0,0.0,0.0,0.0,0.0,0.0,0.0,0.0,0.0,0.0,0.0,0.0,0.0,306799.0,19164.0,60492.0,32010.0,115453.0,3032.0,73137.0,16152.0,32551.0,18399.0,68151.0,5597933.491614683,143264.7919921875,607736.664835197,751001.4568273845,152.0,48,-0.4647231720437684,0.88545602565321,2018.0,13959348.909625292,2050696.1265755969,16.451660086135757,14.533690355050895,14.533690355050895,13.521599794093463
2018-12-03,us,723576.0,481367.0,239440.62691536223,1775358.1887162782,193104.0881208061,490987.4897115,590002.0327291489,268009.2555093765,583323.1502097788,0.0,49441.31762808056,2360645.034971929,42496.35436005678,1386789.8546495617,1023474.5478589535,446472.163435936,290814.4192899475,57775324.0,161037.833984375,0.0,0.0,2581567.0,91922.146484375,4.49,74545.154594889,41.775,459246.022803744,0.0,0.0,0.0,0.0,7.065,30.845,0.87887382,25304088.0,190186.22873511983,0.0,0.0,0.0,0.0,0.0,0.0,0.0,0.0,0.0,0.0,0.0,0.0,0.0,0.0,0.0,0.0,0.0,0.0,301032.0,18852.0,56476.0,31781.0,111309.0,2830.0,68630.0,14191.0,35245.0,19601.0,63621.0,5600133.692194465,161037.833984375,533791.177398633,694829.011383008,153.0,49,-0.35460488704253595,0.9350162426854147,2018.0,13845452.985796848,1907667.5373538416,16.443467504645255,14.461392393337977,14.461392393337977,13.491962246481247
2018-12-10,us,703262.0,384190.0,234062.8644594111,1747776.988805766,212347.74434200465,466144.33031215525,549726.0576276779,247075.7370557785,552413.7724022584,0.0,51842.828427407396,2247380.8352816696,45671.20661979667,1281668.5946161912,904812.1568734646,402219.6297812462,289686.1418085523,51758023.0,143326.064453125,0.0,0.0,6396121.0,206331.89453125,4.27,62762.796389205,48.68,556515.470719626,0.0,0.0,0.0,0.0,11.025,35.25,0.87887382,26802565.0,212227.61362088015,0.0,0.0,0.0,0.0,0.0,0.0,0.0,0.0,0.0,0.0,0.0,0.0,0.0,0.0,0.0,0.0,0.0,0.0,296528.0,18905.0,55529.0,30881.0,109603.0,3075.0,65178.0,14369.0,32323.0,18008.0,58861.0,5223281.393408328,143326.064453125,619278.2671088311,762604.3315619561,154.0,50,-0.2393156642875578,0.970941817426052,2018.0,13420960.805100627,1890605.1938886154,16.41232835647027,14.45240807311775,14.45240807311775,13.463486211783806
2018-12-17,us,714842.0,252704.0,240733.12484706045,1767037.6864897362,204862.16722652863,509102.8292365452,542837.0511515884,277089.4151983261,565386.4077605405,0.0,64775.59017340611,2182488.5416234634,41007.86571212129,1354850.1188875383,916277.0460559851,457480.46066212654,309271.46973899537,48810493.0,144012.12890625,0.0,0.0,8012272.0,250246.91015625,15.61,230143.700196531,55.875,604702.716072114,0.0,0.0,0.0,0.0,93.48,100.46,0.87887382,26900363.0,212090.76517413196,0.0,0.0,0.0,0.0,0.0,0.0,0.0,0.0,0.0,0.0,0.0,0.0,0.0,0.0,0.0,0.0,0.0,0.0,296992.0,17429.0,55229.0,32008.0,112867.0,2855.0,70194.0,14807.0,34032.0,19831.0,58598.0,5326151.0928536365,144012.12890625,834846.416268645,978858.545174895,155.0,51,-0.12053668025532363,0.992708874098054,2018.0,13274917.03416634,2096720.0012465245,16.401386950622467,14.555885254416703,14.555885254416703,13.479818217145255
2018-12-24,us,812367.0,389747.0,286839.10079213476,2423609.5335853836,214956.39144081302,664764.6592226097,852687.7053929319,517296.7011413574,699952.6886911963,0.0,68055.91508576919,2839219.8511906127,38915.09218931113,1629453.091782973,1267329.1410814119,911715.5760715008,386201.581292099,44494150.0,149145.0302734375,0.0,0.0,10849179.0,295633.6171875,37.71,750262.50123957,72.305,613828.590269466,0.0,0.0,0.0,0.0,147.275,360.005,0.87887382,40440884.0,238580.7220356929,0.0,0.0,0.0,0.0,0.0,0.0,0.0,0.0,0.0,0.0,0.0,0.0,0.0,0.0,0.0,0.0,1.0,1.0,320363.0,20334.0,57177.0,33628.0,140252.0,3316.0,82364.0,17140.0,43996.0,36772.0,57020.0,7140890.248693678,149145.0302734375,1364091.091509036,1513236.1217824735,156.0,52,-2.4492935982947064e-16,1.0,2018.0,15004560.277645463,2756415.080729587,16.523864798018323,14.829441872408987,14.829441872408987,13.607708718449263
2018-12-31,us,892266.0,866796.0,312650.55960236676,2629219.004172109,449128.8323391996,702565.8758089471,1014079.7316660881,518347.6863231659,813619.8979591294,0.0,70101.17421191494,3049688.5122021865,95979.46709523571,1660505.9903306877,1424813.0826218128,860004.804819107,364269.79208224616,48830570.0,160113.8916015625,0.0,0.0,14488088.0,285725.4296875,68.94,,42.51,,0.0,0.0,0.0,0.0,0.0,0.0,0.87887382,42082421.0,178330.8570233141,1.0,0.0,0.0,0.0,0.0,0.0,0.0,0.0,0.0,0.0,0.0,0.0,0.0,0.0,0.0,0.0,0.0,0.0,353088.0,26194.0,59088.0,38181.0,145126.0,5029.0,89837.0,16427.0,51622.0,36772.0,70903.0,7525362.823363191,160113.8916015625,0.0,160113.8916015625,157.0,1,0.12053668025532306,0.992708874098054,2018.0,16422991.421701826,1798704.3202843806,16.614192887875387,14.402577697561457,14.402577697561457,13.701520694126911
2019-01-07,us,914798.0,613941.0,324908.6085718784,2622200.616589115,579893.30032852,727971.7199672386,1040895.3550753593,574857.6114206314,967160.143140095,0.0,62811.846597246855,3143926.4085031413,153726.50454537553,1784168.967318302,1530452.3611688614,947322.8663034439,447267.1977231938,31970638.0,103278.36767578125,0.0,0.0,8981588.0,143844.4140625,78.43,1192455.63832525,50.195,477134.07992065605,0.0,0.0,0.0,0.0,231.045,508.245,0.87557434,43169099.0,190616.63889794756,0.0,0.0,0.0,0.0,0.0,0.0,0.0,0.0,0.0,0.0,0.0,0.0,0.0,0.0,0.0,0.0,0.0,0.0,366143.0,24261.0,57113.0,38875.0,142776.0,6958.0,89928.0,17524.0,53295.0,39275.0,78647.0,8069676.152159565,103278.36767578125,1669589.718245906,1772868.0859216873,158.0,2,0.23931566428755777,0.970941817426052,2019.0,17821534.921741843,2836943.624681782,16.69591816718732,14.858238194630376,14.858238194630376,13.726459647995053
2019-01-14,us,905422.0,739111.0,330057.5038698307,2607613.8861779217,598952.5228279391,696939.4106261635,1007754.2021856308,528251.9584102631,1003073.3936247822,0.0,62599.780127095284,3230409.124424984,167511.02919327797,1765053.6135851773,1535660.126330614,830028.5285372734,429175.3304818589,14495963.0,79352.517578125,0.0,0.0,8500235.0,135714.919921875,64.29,1194221.715547747,41.53,397572.784801989,0.0,0.0,0.0,0.0,230.455,488.095,0.87557434,43089793.0,209056.81050884878,0.0,0.0,0.0,0.0,0.0,0.0,0.0,0.0,0.0,0.0,0.0,0.0,0.0,0.0,0.0,0.0,0.0,0.0,365557.0,23316.0,58552.0,38469.0,142140.0,7241.0,84767.0,17505.0,53092.0,35507.0,79273.0,8020437.532680281,79352.517578125,1591794.5003497358,1671147.0179278608,159.0,3,0.3546048870425356,0.9350162426854148,2019.0,18628223.825423755,3358969.229776303,16.74018845223123,15.027145005731786,15.027145005731786,13.716157516798075
2019-01-21,us,862466.0,575244.0,310551.1418289558,2607739.1225644536,559805.2278303539,618657.7971722921,947672.8700275421,403317.43737506866,986710.7693977846,0.0,62099.59177903671,3333063.2924806024,160337.9743707992,1566261.672984878,1494522.406423092,602513.6129257679,411753.08814309747,14943423.0,76365.951171875,0.0,0.0,8307232.0,135837.982421875,45.35,520261.19449682796,41.915,405898.577422332,0.0,0.0,0.0,0.0,86.885,682.59,0.87557434,47574589.0,256561.92925302673,0.0,1.0,0.0,0.0,0.0,0.0,0.0,0.0,0.0,0.0,0.0,0.0,0.0,0.0,0.0,0.0,0.0,0.0,352061.0,22621.0,58131.0,36431.0,140974.0,6623.0,73753.0,16961.0,50072.0,26571.0,78268.0,7630551.639107274,76365.951171875,926159.7719191599,1002525.7230910349,160.0,4,0.46472317204376856,0.8854560256532099,2019.0,18713462.147767007,3005293.320327711,16.744753777207997,14.915886064691966,14.915886064691966,13.667552166286121
2019-01-28,us,879269.0,375423.0,309409.0535012549,2571021.7537594396,474772.3729756599,611208.1433951434,953027.5650215149,409883.23983955383,1101128.3525069482,0.0,68301.37064683453,3288499.9767737887,124868.33350698523,1595929.2365266632,1512136.0517110825,622760.4771912098,440025.9791151425,12844469.0,68437.31201171875,0.0,0.0,7373885.0,147551.9580078125,56.27,1082142.421237103,39.44,388498.288563512,0.0,0.0,0.0,0.0,226.64,486.97,0.87557434,51605793.0,284772.11804154725,0.0,0.0,0.0,0.0,0.0,0.0,0.0,0.0,0.0,0.0,0.0,0.0,0.0,0.0,0.0,0.0,0.0,0.0,357955.0,24902.0,61690.0,36178.0,140376.0,5505.0,76249.0,19512.0,51530.0,28099.0,77273.0,7652521.425471706,68437.31201171875,1470640.709800615,1539078.0218123337,161.0,5,0.5680647467311558,0.8229838658936564,2019.0,18786537.97261642,3330583.554761129,16.748651159246222,15.018658388521247,15.018658388521247,13.686847296736612
2019-02-04,us,934318.0,658402.0,321297.59129755606,2815851.889539197,535692.3859422174,620608.9919383761,966827.7003482295,541787.9381799698,1078532.486517894,0.0,73031.55962187446,3711058.2838079273,196861.90997874524,1603164.5007775105,1566771.035478955,880801.7618284225,491897.2506013252,20456298.0,81826.5341796875,0.0,0.0,9691411.0,193980.283203125,48.75,824325.308233529,38.325,369222.942829663,0.0,0.0,0.0,0.0,207.9,444.36,0.88121317,39638308.0,224430.36916106738,0.0,0.0,0.0,0.0,0.0,0.0,0.0,0.0,0.0,0.0,0.0,0.0,0.0,0.0,0.0,0.0,0.0,0.0,373279.0,26300.0,64671.0,37303.0,156870.0,6492.0,77215.0,19013.0,53961.0,39592.0,79622.0,8523586.30209476,81826.5341796875,1193548.251063192,1275374.7852428795,162.0,6,0.6631226582407952,0.7485107481711011,2019.0,19707778.015655905,3260916.0937299496,16.796523989657203,14.997519030875733,14.997519030875733,13.74757320065476
2019-02-11,us,1002759.0,754228.0,349635.69746220484,3072756.2802252457,408788.6517251677,642434.5376546747,966763.5902109146,616894.8005714417,1219167.3802363852,0.0,81078.22404150215,4136041.001589429,161027.81193875507,1704766.3251463142,1639059.4627900124,1035148.8612787724,551787.28214196,16704431.0,61673.60205078125,0.0,0.0,7552415.0,151986.65625,45.26,714476.887435326,34.95,349804.3091122505,0.0,0.0,0.0,0.0,219.135,421.9633333,0.88121317,36612128.0,225854.5551007987,0.0,0.0,1.0,0.0,0.0,0.0,0.0,0.0,0.0,0.0,0.0,0.0,0.0,0.0,0.0,0.0,0.0,0.0,393884.0,26932.0,74333.0,40459.0,173697.0,4844.0,82369.0,21424.0,56570.0,46926.0,81318.0,9308908.968926745,61673.60205078125,1064281.1965475765,1125954.7985983577,163.0,7,0.7485107481711011,0.6631226582407953,2019.0,21044116.892380543,3066063.3900942025,16.862131644002115,14.935905339528729,14.935905339528729,13.81826675615799
2019-02-18,us,1010506.0,727054.0,369328.7557199971,3138304.561557788,390241.8269449775,660121.7465665133,1020830.9928607941,635303.236779213,1293120.985861939,0.0,89381.25133963421,4292423.343256874,126216.13206976245,1678478.7689932731,1764353.2592844963,1105476.3775236607,566561.492623402,42207396.0,120770.69580078125,0.0,0.0,8237570.0,158705.39453125,68.05,1377063.1408092754,38.785,399142.9938939655,0.0,0.0,0.0,0.0,90.81,596.26,0.88121317,38761352.0,222462.81412827276,0.0,0.0,0.0,1.0,0.0,0.0,0.0,0.0,0.0,0.0,0.0,0.0,0.0,0.0,0.0,0.0,0.0,0.0,400711.0,27150.0,70595.0,42153.0,174251.0,4165.0,81711.0,21106.0,57981.0,45306.0,85376.0,9622890.625091102,120770.69580078125,1776206.1347032408,1896976.830504022,164.0,8,0.8229838658936565,0.5680647467311558,2019.0,22129421.225359924,3711198.308541306,16.912418603478542,15.126865646102912,15.126865646102912,13.825962743065551
2019-02-25,us,1103306.0,283370.0,388826.29439026373,3424814.646856211,362420.2873637222,752062.2818179792,1031979.8948295895,680379.3243637085,1376706.2571034324,0.0,90187.47443088141,4791988.278049755,123178.3017517077,1924725.5100662473,1740284.7717146846,1258174.29886055,638021.9063772141,37365170.0,105350.25390625,0.0,0.0,9709870.0,134166.0126953125,66.64,1428867.6362832845,38.935,402294.9171604215,0.0,0.0,0.0,0.0,256.605,678.475,0.88121317,48429057.0,289216.06076747505,0.0,0.0,0.0,0.0,0.0,0.0,0.0,0.0,0.0,0.0,0.0,0.0,0.0,0.0,0.0,0.0,0.0,0.0,426576.0,29051.0,77837.0,45377.0,197223.0,4024.0,96952.0,23974.0,61090.0,48016.0,93185.0,10566560.541251041,105350.25390625,1831162.5534437061,1936512.8073499561,165.0,9,0.8854560256532099,0.4647231720437686,2019.0,23717816.078427736,4160542.493933177,16.98173709912482,15.241156271283884,15.241156271283884,13.913822591330826
2019-03-04,us,1147677.0,721227.0,401404.1769406191,3568716.022876654,376706.2698020804,798666.3898138866,1032415.7036752701,824307.6799049377,1227660.111367316,0.0,104265.83238126476,5140410.539315304,125700.35523080375,2066877.267122932,1891253.544235945,1603808.804148674,651258.5147098663,24967260.0,74943.76171875,0.0,0.0,11208530.0,151136.93359375,51.62,828053.629897328,34.01,367794.677759696,0.0,0.0,0.0,0.0,220.62,540.42,0.88521568,55014165.0,336310.1524635212,0.0,0.0,0.0,0.0,0.0,0.0,0.0,0.0,0.0,0.0,0.0,0.0,0.0,0.0,0.0,0.0,0.0,0.0,435660.0,30535.0,78366.0,45643.0,204484.0,4036.0,102709.0,24859.0,64439.0,57704.0,99236.0,11583574.857144788,74943.76171875,1195848.307657024,1270792.069375774,166.0,10,0.9350162426854148,0.35460488704253557,2019.0,25678724.93240157,3737340.1897056457,17.06117342233102,15.133885004729652,15.133885004729652,13.953251328712708
2019-03-11,us,1115096.0,794516.0,384965.9497981134,3480892.025325612,363465.54219598137,795553.548734127,983765.0508874028,723733.4197912216,1263238.883293353,0.0,109732.75679085629,5152283.069477807,140057.76554157477,2026368.2871990385,1854558.492571125,1382269.9316854477,620589.7860701581,44432052.0,175372.919921875,0.0,0.0,20397035.0,294669.10546875,78.59,2023426.399691056,28.415,297652.09049020795,0.0,0.0,0.0,0.0,183.595,538.145,0.88521568,52481431.0,316664.57372060994,0.0,0.0,0.0,0.0,0.0,0.0,0.0,0.0,0.0,0.0,0.0,0.0,0.0,0.0,0.0,0.0,0.0,0.0,428585.0,28604.0,75613.0,44043.0,197423.0,4451.0,101704.0,23440.0,63869.0,50263.0,97103.0,11285860.089336008,175372.919921875,2321078.490181264,2496451.410103139,167.0,11,0.970941817426052,0.23931566428755782,2019.0,26558382.49670805,4710786.671229888,17.094856018397582,15.365365685817357,15.365365685817357,13.92445195460816
2019-03-18,us,1085562.0,707027.0,378681.931153252,3611712.9455970144,344240.5217956906,745932.7791847136,992647.3672409977,692336.715010643,1286306.5337130644,0.0,101127.74636833319,5614845.18475277,133307.95674714606,1900562.571758621,1794267.7270796192,1369604.8806753159,608710.4121772492,54764879.0,242289.791015625,0.0,0.0,28141817.0,430995.23828125,86.4,3857691.8131562397,28.51,286312.92023724795,0.0,0.0,0.0,0.0,159.755,562.7916667,0.88521568,36529918.0,208342.83354515795,0.0,0.0,0.0,0.0,0.0,0.0,0.0,0.0,0.0,0.0,0.0,0.0,0.0,0.0,0.0,0.0,0.0,0.0,417397.0,28064.0,75041.0,44031.0,195393.0,4042.0,92227.0,21282.0,61935.0,50516.0,95625.0,11522426.479559053,242289.791015625,4144004.7333934875,4386294.5244091125,168.0,12,0.992708874098054,0.120536680255323,2019.0,27329292.011365175,7195927.944697892,17.12346968897709,15.78902599972614,15.78902599972614,13.89760930438697
2019-03-25,us,1068608.0,368573.0,355789.0650443166,3873132.780903423,303075.43364604376,745384.0392546612,921826.2215472946,598334.6303958893,1445725.724092025,0.0,102779.34120293002,6287413.086392534,103116.96893421782,1904418.4636912076,1637351.8269916214,1188037.5604305267,634295.3725082806,51497155.0,247401.310546875,0.0,0.0,11830267.0,180311.732421875,67.42,3730477.91039128,35.125,383006.622351872,0.0,0.0,0.0,0.0,150.185,594.5083333,0.88521568,37040643.0,228437.44526983018,0.0,0.0,0.0,0.0,0.0,0.0,0.0,0.0,0.0,0.0,0.0,0.0,0.0,0.0,0.0,0.0,0.0,0.0,407824.0,26003.0,73888.0,41567.0,206704.0,3428.0,93349.0,22693.0,58212.0,43254.0,91684.0,11857412.620151319,247401.310546875,4113484.5327431518,4360885.843290027,169.0,13,1.0,6.123233995736766e-17,2019.0,28126454.85270477,8652592.00940192,17.152221180800893,15.973369603859105,15.973369603859105,13.88186836070504
2019-04-01,us,1066463.0,388618.0,334176.8743007063,3614512.9329707213,302245.94847677153,735473.9666261966,996462.7925596237,607112.9096927643,1306890.5955885022,0.0,100979.701329385,5925299.208463586,84099.506381234,1807052.9562902339,1910276.7513506413,1277030.5080504417,562944.9161443956,49768367.0,239898.2578125,0.0,0.0,14980206.0,203448.048828125,65.78,1146167.9609374844,53.805,626244.405993657,0.0,0.0,0.0,0.0,134.035,421.91,0.89002593,41623540.0,205880.7356200109,0.0,0.0,0.0,0.0,0.0,0.0,0.0,0.0,0.0,0.0,0.0,0.0,0.0,0.0,0.0,0.0,0.0,0.0,408950.0,26940.0,69882.0,39847.0,198513.0,3558.0,95405.0,21250.0,64559.0,45537.0,92021.0,11667683.548009917,239898.2578125,1772412.3669311414,2012310.6247436414,170.0,14,0.992708874098054,-0.12053668025532288,2019.0,28400392.94032899,7182444.431431887,17.161913574173575,15.787150472372943,15.787150472372943,13.879859061049558
2019-04-08,us,1024101.0,359304.0,321735.78882478824,3510765.835718216,256696.67195135527,702056.2469429155,946978.8668407468,412903.8712043762,1254427.6443780845,0.0,108319.44466016677,5768603.068071373,70588.7274652285,1674674.6243676268,1795990.9401988082,800346.6360044479,526586.7229725142,56735160.0,265013.578125,0.0,0.0,11300436.0,159647.28125,75.79,2221602.6241323,46.55,542935.4423717565,0.0,0.0,0.0,0.0,144.465,396.97,0.89002593,49987525.0,273810.3269262872,0.0,0.0,0.0,0.0,0.0,0.0,0.0,0.0,0.0,0.0,0.0,0.0,0.0,0.0,0.0,0.0,0.0,0.0,404696.0,24871.0,68643.0,38142.0,193195.0,3058.0,89604.0,20659.0,62471.0,29738.0,89023.0,10745110.163740166,265013.578125,2764538.0665040566,3029551.6446290566,171.0,15,0.9709418174260521,-0.2393156642875575,2019.0,27628992.00347003,7320106.586538163,17.13437625046888,15.80613558344399,15.80613558344399,13.839326688995905
2019-04-15,us,994836.0,380595.0,314422.40252512175,3335549.9264126215,235917.6026031794,704824.4218988223,837042.0263624191,354397.84607601166,1195037.3821401873,0.0,104744.81679533138,5375734.978150684,56118.93225923784,1764540.8493873146,1575554.702773571,679555.8116943836,484512.5919458778,35528660.0,187090.509765625,0.0,0.0,3623384.0,57267.404541015625,81.76,2515012.8888418605,48.26,588438.7300637504,0.0,0.0,0.0,0.0,112.205,396.97,0.89002593,48243213.0,279946.4590755878,0.0,0.0,0.0,0.0,1.0,0.0,0.0,0.0,0.0,0.0,0.0,0.0,0.0,0.0,0.0,0.0,0.0,0.0,404099.0,23838.0,65376.0,37089.0,182218.0,3038.0,91509.0,19468.0,56502.0,25004.0,86692.0,10040762.6830064,187090.509765625,3103451.618905611,3290542.128671236,172.0,16,0.9350162426854148,-0.3546048870425357,2019.0,26456530.274486884,7650744.154232696,17.091013614878744,15.850313606841135,15.850313606841135,13.81033418362544
2019-04-22,us,991053.0,571785.0,331862.3699418121,3526935.3557174862,203156.67142835766,683849.1177152497,880855.0485954285,378311.7957839966,1236349.2321053396,0.0,113687.78194612805,5788931.32677023,46213.75439237984,1676973.23907305,1664867.5256130695,712266.7770314217,487232.77171758306,25075111.0,121181.2666015625,0.0,0.0,1110393.0,19758.2724609375,87.74,2533664.1832283475,54.275,644304.1001444729,0.0,0.0,0.0,0.0,105.9,572.48,0.89002593,31620650.0,203790.1578977578,0.0,0.0,0.0,0.0,0.0,1.0,0.0,0.0,0.0,0.0,0.0,0.0,0.0,0.0,0.0,0.0,0.0,0.0,398221.0,24936.0,68279.0,36896.0,182300.0,2955.0,86434.0,20184.0,58136.0,26989.0,85715.0,10490173.176543862,121181.2666015625,3177968.2833728204,3299149.549974383,173.0,17,0.8854560256532099,-0.4647231720437685,2019.0,26186613.699735455,7857070.063559702,17.080758948859835,15.876924456734557,15.876924456734557,13.8065243022413
2019-04-29,us,1010514.0,496296.0,305518.0753220814,3559179.4789947066,226135.26844878914,737518.8266106948,943728.3148183821,357756.7138271332,1180339.5593766023,0.0,191564.0070611652,5309970.462656053,55467.56086844801,2040057.820082629,1750643.8528137207,661562.9485194683,452160.17092198343,22747922.0,108044.7919921875,0.0,0.0,1228544.0,19631.586547851562,67.0,1361490.020626635,49.185,582542.3972800934,0.0,0.0,0.0,0.0,150.295,506.33,0.89002593,27805069.0,188291.21197495225,0.0,0.0,0.0,0.0,0.0,0.0,1.0,0.0,0.0,0.0,0.0,0.0,0.0,0.0,0.0,0.0,0.0,0.0,409952.0,24528.0,70317.0,35898.0,178360.0,3315.0,93137.0,19262.0,61702.0,25699.0,88337.0,10461426.822923467,108044.7919921875,1944032.4179067286,2052077.209898916,174.0,18,0.8229838658936565,-0.5680647467311557,2019.0,25978835.466092154,6744974.82111077,17.07279278244909,15.724308462904562,15.724308462904562,13.825970659852207
2019-05-06,us,978922.0,566945.0,313275.71525786875,3137723.1556139267,221655.79437869246,679720.420725014,906689.336761894,372964.21148347855,1145633.256156764,0.0,167548.79130055316,4887378.1562785255,55181.9439274186,1765636.0221015194,1632867.215884775,713170.978114605,424275.3669651565,26154086.0,120375.4296875,0.0,0.0,1161452.0,20409.92138671875,66.34,1168049.2358386992,42.57,484614.248500238,0.0,0.0,0.0,0.0,132.98,474.85,0.89391343,28731811.0,190946.09673815325,0.0,0.0,0.0,0.0,0.0,0.0,0.0,1.0,0.0,0.0,0.0,0.0,0.0,0.0,0.0,0.0,0.0,0.0,398559.0,24596.0,70656.0,36583.0,167967.0,3348.0,86003.0,17341.0,59120.0,27005.0,87741.0,9646058.474572552,120375.4296875,1652663.484338937,1773038.914026437,175.0,19,0.7485107481711013,-0.663122658240795,2019.0,25043800.642429747,5778093.009376582,17.036136915453,15.56958443010382,15.56958443010382,13.794208266734048
2019-05-13,us,1052619.0,539790.0,345219.91843077174,3582118.760572532,246589.05102120183,796101.3472558635,972198.2766797509,533493.718957901,1253593.3823856993,0.0,114696.86819622123,5791876.432072686,65508.64162482771,2151028.129844476,1727416.9099124242,1133715.7259583473,430020.4001284953,27163370.0,120967.5615234375,0.0,0.0,3869210.0,68729.2021484375,78.66,2546572.6682501445,45.255,556563.731436764,0.0,0.0,0.0,0.0,139.285,473.17,0.89391343,39211721.0,280493.3245703529,0.0,0.0,0.0,0.0,0.0,0.0,0.0,0.0,0.0,0.0,0.0,0.0,0.0,0.0,0.0,0.0,0.0,0.0,420056.0,25147.0,79421.0,38254.0,182731.0,3222.0,96312.0,17853.0,61633.0,38366.0,89621.0,11414263.107737478,120967.5615234375,3103136.3996869083,3224103.961210346,176.0,20,0.6631226582407952,-0.7485107481711012,2019.0,26247010.97445642,6617286.862197195,17.083062710978314,15.705196155478083,15.705196155478083,13.866792852291324
2019-05-20,us,1116129.0,595697.0,365764.22851162223,3784451.589739698,257368.73793698507,893876.7880559308,983863.9632177707,932718.828127861,1267791.9468188242,0.0,130637.5247684137,5933261.761317081,62778.33579600944,2505219.5543442713,1794193.7803046391,2097474.056987047,395211.9931119684,42078896.0,182058.96484375,0.0,0.0,4887009.0,93827.7890625,73.58,2284148.3798232474,44.46,546306.8346539296,0.0,0.0,0.0,0.0,106.75,497.46,0.89391343,31474979.0,263785.5166773877,0.0,0.0,0.0,0.0,0.0,0.0,0.0,0.0,0.0,0.0,0.0,0.0,0.0,0.0,0.0,0.0,0.0,0.0,432759.0,27213.0,83872.0,39532.0,186026.0,3313.0,109172.0,17597.0,61889.0,67309.0,87444.0,12918777.00662943,182058.96484375,2830455.214477177,3012514.179320927,177.0,21,0.5680647467311558,-0.8229838658936564,2019.0,28467824.5917492,6909640.16027361,17.164285080915946,15.748428263899559,15.748428263899559,13.925377902594454
2019-05-27,us,1073127.0,492160.0,334184.61953522445,3636996.4172177296,251171.89719873923,864711.9142304016,985257.3546007983,785158.778837204,1221587.17055071,0.0,103685.99912292868,5417592.420697499,67276.7244798872,2347726.2159782555,1852628.8354343008,1762437.7620501518,441356.8892989056,42180012.0,169283.896484375,0.0,0.0,6490950.0,141685.77734375,87.88,3480148.5901825293,30.485,444604.82876567,0.0,0.0,0.0,0.0,160.735,501.19,0.89391343,29913781.0,223805.96376529703,0.0,0.0,0.0,0.0,0.0,0.0,0.0,0.0,1.0,0.0,1.0,1.0,0.0,0.0,0.0,0.0,0.0,0.0,424856.0,25722.0,78323.0,37263.0,174429.0,3586.0,106364.0,18963.0,60710.0,55451.0,87444.0,11992704.847061928,169283.896484375,3924753.418948199,4094037.315432574,178.0,22,0.4647231720437687,-0.8854560256532098,2019.0,28877427.322409704,8206022.320373844,17.178570821016006,15.920378993848844,15.920378993848844,13.886088306203645
2019-06-03,us,1141851.0,790332.0,365888.5713638495,4232476.106274117,289992.16157122893,903837.430839475,1076462.8358597294,793973.6300592422,951595.6437321156,0.0,120173.39274734572,6843917.018509406,74214.34353216144,2483574.06533968,2047765.6945865275,1815237.0241055489,448641.77730818547,42041582.0,153702.509765625,0.0,0.0,6428563.0,142638.06640625,71.82,2630934.2576338816,28.225,456652.59491759795,0.0,0.0,0.0,0.0,180.72,551.46,0.88534708,34112636.0,225090.63389020853,0.0,0.0,0.0,0.0,0.0,0.0,0.0,0.0,0.0,0.0,0.0,0.0,0.0,0.0,0.0,0.0,0.0,0.0,441012.0,28672.0,82269.0,40451.0,196102.0,4095.0,113381.0,18626.0,66264.0,58084.0,92885.0,13833523.316128854,153702.509765625,3087586.85255148,3241289.362317105,179.0,23,0.35460488704253584,-0.9350162426854147,2019.0,30979503.12004687,8114017.92038996,17.248836386370627,15.909103854566116,15.909103854566116,13.948162063601751
2019-06-10,us,1154848.0,649677.0,373111.5624392597,4200862.00405184,320429.5403673755,942395.9990401918,1143206.2996931903,785252.9906387329,949932.0621818159,0.0,139426.19771917223,6951656.345871943,87216.84639192755,2632395.1329209534,2132853.7809936916,1851402.4043757915,443142.7073992512,56800028.0,226662.78515625,0.0,0.0,6153240.0,140769.236328125,86.96,2920650.543753558,28.18,444372.565313874,0.0,0.0,0.0,0.0,157.675,472.775,0.88534708,30570476.0,205752.77386646543,0.0,0.0,0.0,0.0,0.0,0.0,0.0,0.0,0.0,1.0,0.0,0.0,0.0,0.0,0.0,0.0,0.0,0.0,441132.0,28970.0,82886.0,40448.0,198524.0,4498.0,115647.0,17407.0,69266.0,58781.0,97287.0,14238093.41567273,226662.78515625,3365023.1090674317,3591685.8942236817,180.0,24,0.23931566428755768,-0.970941817426052,2019.0,32657149.03115505,8404828.174377754,17.30157437994631,15.9443170003325,15.9443170003325,13.959480157460609
2019-06-17,us,1194858.0,406863.0,396253.4753856517,4487296.284411888,273890.65045303083,976357.1244782356,1249258.500214005,860198.1283311844,1006026.2406757496,0.0,164744.31741778873,7132793.116338868,77408.09522670202,2717810.525957658,2306670.0301906085,2093500.9185886383,483834.3904781267,59258133.0,243460.42578125,0.0,0.0,7087207.0,172340.056640625,79.52,2092331.7678911379,26.91,405373.42484606,0.0,0.0,0.0,0.0,196.695,595.4283333,0.88534708,40372508.0,306290.3312449822,0.0,0.0,0.0,0.0,0.0,0.0,0.0,0.0,0.0,0.0,0.0,0.0,0.0,0.0,0.0,0.0,0.0,0.0,451557.0,29812.0,84225.0,41893.0,206515.0,4187.0,118027.0,20667.0,73204.0,62484.0,102282.0,14976761.39419839,243460.42578125,2497705.192737198,2741165.618518448,181.0,25,0.12053668025532308,-0.992708874098054,2019.0,34394856.18579047,7728649.479439802,17.35341761075426,15.860444823102407,15.860444823102407,13.993538744754389
2019-06-24,us,1210802.0,823820.0,403469.21684117586,4664946.375798759,263543.63360415725,970690.8982344064,1261272.5460996628,1008122.6447381973,1093355.3634335927,0.0,137206.5221846885,7154077.282668728,75685.58014067366,2648294.646742085,2300174.6074233055,2558678.023041725,504486.0331484512,73710499.0,310514.482421875,0.0,0.0,5470529.0,142399.73266601562,88.17,2124991.4691273198,24.96,366083.04945627996,0.0,0.0,0.0,0.0,221.925,556.795,0.88534708,32165212.0,272918.2048793876,0.0,0.0,0.0,0.0,0.0,0.0,0.0,0.0,0.0,0.0,0.0,0.0,0.0,0.0,0.0,0.0,0.0,0.0,457386.0,31489.0,83287.0,41798.0,212217.0,3988.0,118611.0,21611.0,72194.0,72525.0,95690.0,15378602.695349656,310514.482421875,2491074.5185835995,2801589.0010054745,182.0,26,1.2246467991473532e-16,-1.0,2019.0,35839804.60807783,7404311.67151954,17.394569722174538,15.817573181864836,15.817573181864836,14.006794333827324
2019-07-01,us,1167306.0,783730.0,395091.0290916486,4470723.8887049155,323715.2830609146,962989.061428211,1223489.7540912628,1012260.325091362,1104903.8531028791,0.0,132027.61595944047,6891823.286993552,88202.31295932303,2585958.2592491508,2223276.5405225754,2317930.8004484177,483764.7610411402,30052764.0,134409.45703125,0.0,0.0,7344913.0,162760.8427734375,0.0,0.0,51.25,582464.35992546,0.0,0.0,0.0,0.0,191.085,604.9733333,0.89194188,37973266.0,239841.1063824848,0.0,0.0,0.0,0.0,0.0,0.0,0.0,0.0,0.0,0.0,0.0,0.0,1.0,0.0,0.0,0.0,0.0,0.0,441991.0,29145.0,81311.0,40703.0,205202.0,4220.0,114419.0,20983.0,67724.0,73436.0,88166.0,14722983.577173598,134409.45703125,582464.35992546,716873.81695671,183.0,27,-0.12053668025532327,-0.992708874098054,2019.0,36064849.60051201,5129680.57458222,17.400829281405077,15.450554143988917,15.450554143988917,13.970209944367399
2019-07-08,us,1180128.0,320853.0,387320.7996309206,4384396.743160301,312804.17664678005,1079202.9687144104,1271940.1586972303,917353.758149147,1186432.9672256764,0.0,128040.78169935168,6978479.988287213,93430.31250318063,2899551.7261985852,2313045.4801493334,2060798.8516607285,485494.5232287515,39241096.0,141841.412109375,0.0,0.0,5995034.0,142258.70703125,0.0,0.0,51.48,640556.133196014,0.0,0.0,0.0,0.0,212.595,553.605,0.89194188,42597585.0,293828.93529570056,0.0,0.0,0.0,0.0,0.0,0.0,0.0,0.0,0.0,0.0,0.0,0.0,0.0,0.0,0.0,0.0,0.0,0.0,444482.0,28461.0,86382.0,39993.0,201278.0,3946.0,125039.0,21052.0,69925.0,67717.0,91839.0,14958841.663727144,141841.412109375,640556.133196014,782397.545305389,184.0,28,-0.23931566428755743,-0.9709418174260521,2019.0,36406035.634594694,3806053.3240655987,17.410245160466513,15.152103600006365,15.152103600006365,13.981134312500528
2019-07-15,us,1193042.0,505021.0,399307.96070292604,4152749.62192926,285563.6278458216,1147238.836740314,1245504.0040542912,1231402.7512369156,1162419.5905189847,0.0,146139.64133914845,6308832.681338878,84236.99285164879,3143786.9078694917,2140156.9261246407,2739610.979026556,483114.8071277428,30345935.0,120985.48828125,0.0,0.0,3818588.0,94583.0048828125,0.0,0.0,50.1,608514.41447274,0.0,0.0,0.0,0.0,213.31,365.565,0.89194188,34633649.0,237525.1199311732,0.0,0.0,0.0,0.0,0.0,0.0,0.0,0.0,0.0,0.0,0.0,0.0,0.0,0.0,0.0,0.0,0.0,0.0,441751.0,29393.0,86411.0,41924.0,185628.0,3377.0,133724.0,19942.0,65479.0,95882.0,89494.0,15045878.935678106,120985.48828125,608514.41447274,729499.90275399,185.0,29,-0.3546048870425356,-0.9350162426854148,2019.0,36672514.47082726,2962533.227035206,17.417538135208503,14.90155561778839,14.90155561778839,13.992017744018092
2019-07-22,us,1142216.0,768233.0,395346.35549925215,3722447.514616904,226762.52378125838,1132428.7501554138,1160516.8332548141,1302142.0441904068,1035150.4029464851,0.0,133243.89745715173,5005576.319557234,69495.25509852094,3061166.284871852,1958943.5367922783,2826118.5634884834,438043.4839121658,26572081.0,114978.619140625,0.0,0.0,4082429.0,104844.9375,0.0,0.0,48.67,565735.76698059,0.0,0.0,0.0,0.0,190.88,497.43,0.89194188,29308430.0,202811.32835413434,0.0,0.0,0.0,0.0,0.0,0.0,0.0,0.0,0.0,0.0,0.0,0.0,0.0,0.0,0.0,0.0,0.0,0.0,426855.0,29411.0,84786.0,39409.0,162011.0,2892.0,130113.0,18180.0,59647.0,98980.0,89896.0,13492587.341177687,114978.619140625,565735.76698059,680714.386121215,186.0,30,-0.46472317204376806,-0.8854560256532101,2019.0,35294664.63423001,2389470.2165463623,17.379242395306857,14.686582651121714,14.686582651121714,13.948481668660186
2019-07-29,us,1142067.0,451101.0,384942.56392154313,3577132.997966377,253175.2438139192,1126391.4578137316,1170463.3791074753,1153933.8784046173,1039819.7475120759,0.0,122951.83052091175,4797866.5791909415,73703.60741461375,2982669.250387147,1930337.9332199097,2479415.252643585,425042.3021075004,16408001.0,76266.0078125,0.0,0.0,1423944.0,32877.940479278564,0.0,0.0,31.39,522760.00033296,0.0,0.0,0.0,0.0,123.79,516.7783333,0.89194188,29105153.0,196366.89721649562,0.0,0.0,0.0,0.0,0.0,0.0,0.0,0.0,0.0,0.0,0.0,0.0,0.0,0.0,0.0,0.0,0.0,0.0,423240.0,28360.0,86014.0,39004.0,161498.0,3027.0,135402.0,18390.0,61669.0,94678.0,90728.0,12811986.755484609,76266.0078125,522760.00033296,599026.0081454599,187.0,31,-0.5680647467311556,-0.8229838658936566,2019.0,33756435.46504119,1978266.9233375012,17.334681667175253,14.497732233628804,14.497732233628804,13.948351212083873
2019-08-05,us,1125646.0,481457.0,370208.9087406438,3582196.915259754,303413.88024958305,1167299.9199796866,1184390.543548584,1141385.5441026688,998427.2324101133,0.0,116728.99932999228,4719356.423266708,94386.22520999919,3072646.103007874,1875740.7634043694,2482849.1339821815,408656.5798675777,13072370.0,68508.50537109375,0.0,0.0,3677302.0,86308.7490234375,0.0,0.0,31.165,478966.94516299444,0.0,0.0,0.0,0.0,112.455,485.6716667,0.89887957,32241685.0,215023.45809646498,0.0,0.0,0.0,0.0,0.0,0.0,0.0,0.0,0.0,0.0,0.0,0.0,0.0,0.0,0.0,0.0,0.0,0.0,414392.0,28539.0,82854.0,38019.0,162642.0,3625.0,132548.0,17659.0,64536.0,93110.0,87658.0,12770364.228068702,68508.50537109375,478966.94516299444,547475.4505340882,188.0,32,-0.6631226582407953,-0.748510748171101,2019.0,32785080.211988825,1674109.073587465,17.305484128784883,14.330792282701026,14.330792282701026,13.933868539418754
2019-08-12,us,1080207.0,472794.0,353358.0764411491,3375363.9992781878,264375.62191538175,1169610.931028,1042086.3085412979,1004812.4140281678,996409.3305679375,0.0,114522.55588427905,4466016.242268929,79618.7873740189,3153710.329514521,1655818.974887371,2174883.7141571045,374079.52868493646,14864073.0,71645.7685546875,0.0,0.0,1262912.0,33178.895446777344,0.0,0.0,28.515,467519.9835029155,0.0,0.0,0.0,0.0,110.73,422.85,0.89887957,35419342.0,231852.3365271879,0.0,0.0,0.0,0.0,0.0,0.0,0.0,0.0,0.0,0.0,0.0,0.0,0.0,0.0,0.0,0.0,0.0,0.0,400131.0,27993.0,77275.0,36253.0,155911.0,3016.0,134808.0,16509.0,57612.0,82564.0,88016.0,12018650.13277116,71645.7685546875,467519.9835029155,539165.752057603,189.0,33,-0.7485107481711009,-0.6631226582407955,2019.0,31438146.179305676,1497590.139894947,17.2635325918328,14.219368468485337,14.219368468485337,13.892664173149422
2019-08-19,us,1009625.0,624481.0,335277.3653216957,3126685.687147822,165305.19533339448,1068251.1846437522,976663.288608551,773059.6002883911,961500.6111904996,0.0,108326.68070984317,4172284.473109255,44793.53860704024,2831473.7776514124,1540966.9666919708,1660123.5490612984,331800.3417547499,13590547.0,64040.595703125,0.0,0.0,83362.0,1538.156494140625,0.0,0.0,29.67,439075.254118115,0.0,0.0,0.0,0.0,0.0,0.0,0.89887957,38573168.0,256517.34962565143,0.0,0.0,0.0,0.0,0.0,0.0,0.0,0.0,0.0,0.0,0.0,0.0,0.0,0.0,0.0,0.0,0.0,0.0,377165.0,28348.0,73964.0,33902.0,145893.0,2989.0,126538.0,15735.0,52579.0,62477.0,89911.0,10689769.32758557,64040.595703125,439075.254118115,503115.84982124,190.0,34,-0.8229838658936564,-0.5680647467311559,2019.0,29294355.56372145,1354613.99664308,17.192905446689142,14.11902783660309,14.11902783660309,13.825090523210864
,,0.0,,,,,,,,,,,,,,,,,,,,,,,,,,,,,,,,,,,,,,,,,,,,,,,,,,,,,,,,,,,,,,,,,0.0,0.0,0.0,0.0,,,,,,,,,,,0.0
,,0.0,,,,,,,,,,,,,,,,,,,,,,,,,,,,,,,,,,,,,,,,,,,,,,,,,,,,,,,,,,,,,,,,,0.0,0.0,0.0,0.0,,,,,,,,,,,0.0
,,0.0,,,,,,,,,,,,,,,,,,,,,,,,,,,,,,,,,,,,,,,,,,,,,,,,,,,,,,,,,,,,,,,,,0.0,0.0,0.0,0.0,,,,,,,,,,,0.0
,,0.0,,,,,,,,,,,,,,,,,,,,,,,,,,,,,,,,,,,,,,,,,,,,,,,,,,,,,,,,,,,,,,,,,0.0,0.0,0.0,0.0,,,,,,,,,,,0.0
,,0.0,,,,,,,,,,,,,,,,,,,,,,,,,,,,,,,,,,,,,,,,,,,,,,,,,,,,,,,1.0,,,,,,,,,,0.0,0.0,0.0,0.0,,,,,,,,,,,0.0
,,0.0,,,,,,,,,,,,,,,,,,,,,,,,,,,,,,,,,,,,,,,,,,,,,,,,,,,,,,,0.3263654439503745,1.0,,,,,,,,,0.0,0.0,0.0,0.0,,,,,,,,,,,0.0
,,0.0,,,,,,,,,,,,,,,,,,,,,,,,,,,,,,,,,,,,,,,,,,,,,,,,,,,,,,,0.7690350024383577,-0.18481890762720604,1.0,,,,,,,,0.0,0.0,0.0,0.0,,,,,,,,,,,0.0
,,0.0,,,,,,,,,,,,,,,,,,,,,,,,,,,,,,,,,,,,,,,,,,,,,,,,,,,,,,,0.7661353590949354,0.5392937094710591,0.3942393317116506,1.0,,,,,,,0.0,0.0,0.0,0.0,,,,,,,,,,,0.0
,,0.0,,,,,,,,,,,,,,,,,,,,,,,,,,,,,,,,,,,,,,,,,,,,,,,,,,,,,,,0.03829487220377746,0.7027436456892736,-0.30355280131282397,0.3424931410262706,1.0,,,,,,0.0,0.0,0.0,0.0,,,,,,,,,,,0.0
,,0.0,,,,,,,,,,,,,,,,,,,,,,,,,,,,,,,,,,,,,,,,,,,,,,,,,,,,,,,-0.027928177250749996,0.6731004554198112,-0.477902831713305,0.2985941652108408,0.5413267867261051,1.0,,,,,0.0,0.0,0.0,0.0,,,,,,,,,,,0.0
,,0.0,,,,,,,,,,,,,,,,,,,,,,,,,,,,,,,,,,,,,,,,,,,,,,,,,,,,,,,0.9491565072933893,0.15882733938125373,0.8343903669443414,0.6089847623216839,-0.19471360580176542,-0.1513603465346528,1.0,,,,0.0,0.0,0.0,0.0,,,,,,,,,,,0.0
,,0.0,,,,,,,,,,,,,,,,,,,,,,,,,,,,,,,,,,,,,,,,,,,,,,,,,,,,,,,0.25613505758920313,0.18532731431345656,0.22841293178199104,0.26463136630584355,0.4852024365340157,-0.1332788658865761,0.10507690997497299,1.0,,,0.0,0.0,0.0,0.0,,,,,,,,,,,0.0
,,0.0,,,,,,,,,,,,,,,,,,,,,,,,,,,,,,,,,,,,,,,,,,,,,,,,,,,,,,,0.5500716007409132,0.5318666630304089,0.3148254142524816,0.6698756792529711,0.6414669841620293,0.21937247903677928,0.3600777433649766,0.6346419276140044,1.0,,0.0,0.0,0.0,0.0,,,,,,,,,,,0.0
,,0.0,,,,,,,,,,,,,,,,,,,,,,,,,,,,,,,,,,,,,,,,,,,,,,,,,,,,,,,0.23773547878622853,0.7154440613257688,-0.21533296400914737,0.4002690933619111,0.7051234202442387,0.6724816234047735,0.060996873010497665,0.1989265508165524,0.43848726134873567,1.0,0.0,0.0,0.0,0.0,,,,,,,,,,,0.0
,,1.0,,,,,,,,,,,,,,,,,,,,,,,,,,,,,,,,,,,,,,,,,,,,,,,,,,,,,,,0.8731864721597811,0.042583349157204894,0.8668444187482887,0.49226560615792636,-0.13258839722859464,-0.4127428992439811,0.8763411502441891,0.35861977576320914,0.39476641677046437,-0.047742926614799466,0.0,0.0,0.0,0.0,,,,,,,,,,,0.6931471805599453
